,AS%,SrAc%,HAc%,MAc%,SlAc%,N%,MAl%,SlAl%,Zn %,Fe %,Cu %,Mn %,B %,S %,N,OC,P,K,gram
0,1.2999999999999998,0.0,0.02,0.17,1.07,1.63,83.05,12.76,0.86,0.8,0.98,0.35,0.010000000000000009,0.96,1.0,0.91,0.82,0.57,1.2203371473000002
1,0.9,0.01,0.04,1.29,1.7,0.4,83.11,12.55,0.94,0.87,0.99,0.67,0.44,0.95,0.56,0.61,0.84,0.75,1.22623593228
2,0.03,0.0,0.0,0.010000000000000009,0.030000000000000027,1.7800000000000002,89.27,8.88,0.97,0.83,1.0,0.87,0.0,0.96,0.94,0.9,0.64,0.13,0.95
3,0.0,0.0,0.0,0.010000000000000009,0.0,0.020000000000000018,99.65,0.3200000000000003,0.99,0.92,1.0,0.58,0.0,1.0,1.0,0.93,0.55,0.12,1.2719576012399996
4,0.53,0.02,0.01,0.010000000000000009,0.0,0.63,96.78,2.04,0.79,0.72,0.99,0.65,0.10999999999999999,0.93,1.0,0.81,0.55,0.32,1.3029997949300005
5,0.0,0.0,0.0,0.0,0.0,0.4,95.96,3.63,0.84,0.81,1.0,0.53,0.0,0.99,1.0,0.92,0.62,0.24,1.3625
6,0.03,0.0,0.0,0.0,0.0,0.99,93.21,5.77,0.97,0.97,1.0,0.61,1.0,0.95,1.0,0.91,0.58,0.11000000000000001,1.2755097490299994
7,0.01999999999999999,0.01,0.01,0.28,0.15,2.72,90.04,6.78,0.94,0.97,1.0,0.55,0.7,0.95,0.48,0.98,0.59,0.38,1.2539038555700004
8,0.0,0.0,0.0,0.0,0.0,0.51,98.65,0.8399999999999999,0.84,0.93,1.0,0.51,0.0,0.86,1.0,0.91,0.56,0.49,1.25
9,0.0,0.0,0.0,0.0,0.010000000000000009,0.22999999999999998,90.49,9.27,0.97,0.97,1.0,0.78,0.0,0.85,1.0,0.96,0.82,0.47,1.18462793785
10,0.2,0.0,0.01,0.11,0.17,0.20999999999999996,86.67,12.64,0.88,0.93,0.98,0.47,0.0,0.78,1.0,0.79,0.64,0.13,1.23098190468
11,0.0,0.0,0.0,0.030000000000000013,2.21,0.59,90.74,6.42,0.89,0.87,1.0,0.31,1.0,0.83,1.0,0.9,0.81,0.79,1.2527371390099995
12,0.010000000000000009,0.0,0.0,0.13,0.3,0.74,95.03,3.79,0.94,0.89,1.0,0.72,0.33,0.95,0.6,0.93,0.69,0.09000000000000002,1.3
13,0.5,0.0,0.0,0.24,0.37,0.57,87.17,11.15,0.91,0.89,0.99,0.35,0.02999999999999997,0.9,1.0,0.98,0.78,0.39,1.23535346671
14,0.04000000000000001,0.03,0.06,0.7,0.16,0.31000000000000005,92.87,5.84,0.89,0.88,1.0,0.47,1.0,0.96,1.0,0.87,0.61,0.08000000000000002,1.3
15,0.03,0.0,0.0,0.010000000000000009,0.010000000000000009,1.36,86.55,12.05,0.94,0.9,1.0,0.7,1.0,0.91,0.94,0.97,0.91,0.24,1.2368258963999996
16,0.03,0.0,0.0,0.0,0.0,1.0,94.25,4.71,0.91,0.99,1.0,0.65,0.67,0.99,1.0,0.98,0.61,0.22,1.3
17,0.08,0.01,0.01,0.030000000000000013,0.0,0.17000000000000015,93.88,5.82,0.92,0.91,1.0,0.61,0.59,0.95,1.0,0.93,0.59,0.34,1.3074511195199998
18,0.010000000000000009,0.0,0.0,0.0,0.0,1.5,96.66,1.83,0.96,0.68,0.92,0.87,1.0,0.7,1.0,0.92,0.65,0.51,1.3
19,0.0,0.0,0.0,0.09,0.12,2.32,95.76,1.71,0.86,0.91,1.0,0.63,0.10999999999999999,0.83,0.07999999999999996,0.93,0.32,0.36,1.3
20,0.01999999999999999,0.0,0.0,0.0,0.010000000000000009,1.44,91.96,6.57,0.96,0.91,1.0,0.67,0.010000000000000009,0.96,1.0,0.95,0.55,0.06,1.2730000469799996
21,0.0,0.0,0.0,0.0,0.0,1.12,88.83,10.05,0.91,0.97,1.0,0.52,1.0,0.82,1.0,0.93,0.59,0.3,1.2353554192199998
0,0.16217845854325955,-0.0015502527223711054,0.009053859939344882,0.017567468762790833,0.33895497498638233,0.5571414047503,96.12282284318702,9.588847909715305,0.916227823564065,0.8513743424083255,0.9860702574572573,0.6763680167575697,0.27059378194128403,0.9105636407894727,0.8457663251356714,0.8888458638140094,0.6743641604712037,0.42760509856386114,1.2383290528974251
1,0.05640727894459251,0.0011784785025296244,0.010485801574419012,0.22218604336285908,0.6501789496024635,1.2254565068893482,96.34640415719383,9.07363372020906,0.9018660891555407,0.941490723033163,0.9903767556008987,0.6590720387563059,0.26494867694973423,0.9007827729450171,0.8268652932366053,0.891538820903123,0.6267034415275391,0.38352270760032414,1.2441632535904377
2,0.32287179291831286,0.004084954312988689,0.018409982807972968,0.29576603324468226,0.20520682032122387,0.5401703058936661,96.49182962185441,7.502261420661246,0.9109248551326901,0.9466440589675087,0.997269253415016,0.5945580982492712,0.5864270070625652,0.8992928060304541,0.9737017271854682,0.8702650569266371,0.6480628596727942,0.43439912153993737,1.2720546163322521
3,0.1626008670003455,0.004052913964298803,0.0017853606157650368,0.28998377781751994,0.4120776303878604,0.7837496740620289,96.51146500607989,8.947337574083521,0.9215427433722435,0.8805861930122393,0.9993898773125542,0.5865646610668467,0.3789063884826111,0.9096186790716236,0.772989777437942,0.9140703583654632,0.6053833245700941,0.43763352822462176,1.23522271660192
4,0.10003641560544985,0.003661735590938435,0.016601557772870305,0.2332978727445768,0.34063905257578136,0.9359795828085312,96.50660797193048,9.254778428540547,0.8905905292797566,0.9090557785970935,0.9894606891846676,0.699530251614855,0.48405431378042896,0.9220730047106613,0.9363504707699083,0.8852843553416617,0.7089803376576629,0.4277154603078457,1.294411530664988
5,0.16082089343575626,0.005870425403301885,0.003073644530896609,0.0669122625725516,0.45550763292016866,1.0283135797002072,96.50648239273359,9.701452745206293,0.8780068856410805,0.8531267065427915,0.9983309992274434,0.5368810741683769,0.2053479841335426,0.936555581119353,0.7827395205792239,0.9034910322473234,0.6307678602281837,0.38926358725768545,1.2467213956902587
6,0.014845105063687525,0.0035817432209467,0.010781474779212891,0.12214949595005001,0.24742958972181078,0.5684118204197122,96.52508909035298,5.881547225988776,0.8888888494718976,0.9161855147991887,1.0019961588654025,0.600848689009449,0.49350897536705773,0.8901215329201442,0.8032295038307437,0.9462191623927112,0.624655475677596,0.3093451008169052,1.2766032309945523
7,0.35760735659626036,0.00657728513938767,-0.0002159915467180853,0.0476012792040329,0.6096859317327968,1.116045732297906,96.38856380654595,4.349371985945461,0.9299248318976806,0.8956268331856934,0.990244075190242,0.5761378493456624,0.5466563941365423,0.8694744509633049,1.006726783057696,0.9237800594314804,0.5918732728754227,0.33357776621950885,1.239204652513976
8,-0.06411090297028682,0.0038014788944770775,0.003620401420077687,0.11085736688525047,0.14991498453807936,1.1614993559958529,96.5243862384114,6.033457690871076,0.9140460548064341,0.8742290240323258,0.9879923026221444,0.5877389443362093,0.3868956677082285,0.913142000055792,0.8028878361933913,0.9541720390499756,0.630492478256351,0.2063948337951835,1.2519569009971916
9,0.2086187179115398,0.001291198918478384,0.006430463501869562,0.03006506988806129,0.5183447843446869,1.1135277008377842,96.53540616254597,6.652737687458273,0.8971792728564051,0.8632804671552236,1.0015998493136349,0.5559475195996193,0.4178243226957138,0.9138835139188759,0.7018921604305782,0.8975071883476804,0.5761561679770753,0.2450607171189358,1.254831625016917
10,0.36925797787978965,0.006021180953487484,0.007376240001059325,0.06114119536454429,0.13709778732096162,0.7715232771344609,96.50610873169342,7.346144523599805,0.9175529843152768,0.9372132325868342,1.0029201909582228,0.5786103069353696,0.4437763889371988,0.9018056589754223,0.8180918703706984,0.9092818581638609,0.6393158371918812,0.4322010876393559,1.1930081092026268
11,0.10627050139931248,0.0006679586405158827,0.004733379865084559,0.3372667233653681,0.32325312515400784,1.061918907157533,96.40497328774946,8.512591654675472,0.897322831766894,0.8991356027754948,0.9867941788156277,0.48819716530369606,0.14038463890526293,0.9437597083193119,1.0026283059630472,0.8740390333713757,0.6147119464257262,0.2875059151129635,1.263787322685689
12,0.10189671519795306,0.005178002612980257,0.006462961693470053,0.19806772004064943,0.36254282942249316,0.8352723393084767,96.25456688786103,6.621959156770298,0.9193172010719793,0.8888859138273454,0.9995668646074857,0.6014238612243172,0.2674493366839472,0.8820812709383066,0.7487483198125977,0.9139321515521752,0.712697644948949,0.28293854783321554,1.2930396590096502
13,0.14201441292476943,0.0010073712236661108,0.002190392118160445,0.2714217655482004,0.452825583918313,0.5772625042081432,96.4843108121666,8.438594949118905,0.940052122465036,0.8821603485254557,0.9810092855893412,0.6390039753272564,0.29693790187487823,0.8794888769444507,0.9769468132197425,0.9429827567788776,0.6001699387810815,0.41463799368825044,1.200849181914685
14,0.1269703026860145,0.004963655675637633,0.016284146781139958,-0.09008186455682904,0.482588190104729,0.7714810946494214,96.5254610732747,6.973706880399966,0.9061354027868398,0.8925334533094933,1.0027967085774983,0.6493682867632916,0.35760612357027677,0.96062885036172,0.9319167546700746,0.8633322799172244,0.686065641502525,0.472284428049743,1.2204183126257306
15,0.2573198894776008,-0.00039243343757384584,0.011756875400035671,0.14822014099423972,-0.06853878495696025,0.8442287660075968,96.42229566538646,4.801699445183967,0.88972539477389,0.866373376531604,0.9887417477480992,0.6121899372877887,0.2911614628825678,0.9358856016385702,0.8318241134930079,0.8698634490308839,0.7101509968521412,0.264118551380658,1.2936966713405422
16,0.28408656748335903,0.004621222698956883,0.010064499125820633,0.12675225904624468,0.5851866191626149,0.6228065405830524,96.45716500884551,7.854283080973314,0.9183215443604492,0.8985869798383949,0.9936429695003596,0.5831113838821563,0.42728893863994466,0.9109721168308471,0.9345301926361848,0.9238404687239774,0.6550517906924945,0.39903731481469207,1.2630872947539324
17,0.2557573437096456,0.0016539263866590325,0.007023950176777786,0.08652364331962285,0.3874967277709831,0.7121218238064408,96.43651016766538,8.54119488485612,0.8899588583110487,0.8469522532642644,0.9971790927276701,0.4944439081952161,0.27972248164357366,0.9398682931525304,0.9291913444883526,0.8827891104725694,0.6795933454334837,0.2912490415573214,1.2267718735043243
18,0.13572950259754313,0.006522328977625901,0.01152180283144802,0.1148941767981217,0.5177441412157876,0.7095981449348828,96.45072802618118,7.8440813869461765,0.937716217975477,0.8808925980201269,0.9862661349048778,0.5856678869951405,0.36251743546158305,0.8892957712415602,1.039257640969275,0.8855098565671363,0.625516619937594,0.3568714371691331,1.21825789375644
19,0.21588178478111072,0.0025345656072080485,0.013724555894050618,0.10926840780336786,0.4164896524882192,0.9371976864168471,96.53035139010659,5.70770479624086,0.926171952549389,0.8998173356817324,0.9938716609400452,0.6577096484633562,0.6533093918641717,0.9340112538119718,0.8038139392785051,0.9192231315344307,0.5837593732351901,0.45114167817475737,1.266904467567711
20,0.13299865437314504,0.0034504580469008695,-0.0008977119003843936,0.1923699077426007,-0.01914537956024165,0.713109017290639,96.52550106843094,6.188521072497082,0.9287393998743956,0.9114047862787193,1.004316419817299,0.6542019178332014,0.4184899999059183,0.9352623568171275,0.7618076002384849,0.9284343621378818,0.6620519709319673,0.3878298159349949,1.237827251401012
21,0.23536084527752776,0.004694453991635909,0.0072946020539860655,0.23214535104819056,0.2155536276169967,1.1122218289028745,96.45434660891901,8.754773711521727,0.9079298040441842,0.8901715074753951,0.9948759165792301,0.6623061497206233,0.33512532940088374,0.9240807617845318,0.8434696147258443,0.8737714588217579,0.6648533330620108,0.3125938676234511,1.2223634511221424
22,0.2085113187260731,0.00751356936790047,0.008045165297376571,-0.021862067596475826,0.6125747830537479,0.9748300509801822,96.51509281846916,7.667014740375511,0.9207931581884556,0.8822280892406784,0.9925269909158497,0.5433435473859312,0.23748893381415637,0.9488097132617312,0.7960971712849314,0.8880869469521593,0.6717139464118443,0.35177858272043216,1.2891438701056073
23,0.32068741978998905,0.0025177137584306486,-0.0028083775986692703,-0.11236899529463346,0.39989096133521196,0.49359824589900114,96.53028034975912,5.221628996234651,0.9107994034015578,0.8647872540865758,1.0045230301753691,0.5398953150115738,0.36251009362912373,0.8860110503430451,0.8366088300408644,0.9276066001224631,0.7353687162644498,0.20360276168088923,1.2648327539725275
24,0.07341703125660669,0.0012574603962479574,0.005402238274577163,0.10679551635064322,0.4730115783149281,1.0796552843577825,96.5295221199089,6.76131343647097,0.9144674702655787,0.8348106558015641,0.9920132384045246,0.6436858124041944,0.40647094921422783,0.9230436985994727,0.8089518541279922,0.9140070083987963,0.6315034903776415,0.26593609479189734,1.2951103876665384
25,0.08288768809072168,-0.0030319838448347757,0.008610801499852265,0.10817716682989369,0.08190567467549009,0.6069382665007172,96.45007999277543,7.9072504110300486,0.9227664191822181,0.8781041269149823,1.0055818114308481,0.5980049627555076,0.43716111414905456,0.9523906059844497,0.8477270005802796,0.8813663358077661,0.7031558136470399,0.3506311262405193,1.2348568623249685
26,0.19718079756740728,0.004607927496654288,0.006153198116557296,0.21654907263660825,0.5504723320084348,0.6114391668651857,96.47504843741558,5.955807999184159,0.9296657925379785,0.9045545648939356,1.005467049997842,0.5861530310953068,0.23033745375761133,0.9450077388437602,0.8973990689175636,0.9358041398961272,0.7131443685579006,0.32835999925967463,1.2869647608039176
27,0.17940092261273366,0.0031076486460658343,0.013346615951264507,0.12671113085535932,0.13066814422338704,0.8927548574062564,96.51064160929675,6.767934579798377,0.9278626188895797,0.8643900218735725,0.9873125141164131,0.6475936524216651,0.2955110262482301,0.9156658108964555,0.8180656395436278,0.9471149472936519,0.6759343839333235,0.32160972346818834,1.2542565153644811
28,0.12741288873993395,0.002267477404533905,0.0008300476666012763,0.15715854169813212,0.18474012638529314,0.6125133001928765,96.47941685941142,5.337589507122995,0.8818265159515791,0.8900089684536189,0.9861821077204631,0.6837895304516347,0.6744477817845049,0.8767776679866828,0.9604835559268222,0.8797422090163884,0.7123012960909426,0.24828727296818498,1.268257977493335
29,0.08300621333595364,0.005089758061450726,0.017403190423057404,0.05337396789307716,0.41889552192944857,1.1719222704731496,96.36239690565046,5.259339017657511,0.905279895778954,0.8391158879601831,0.9876833349686254,0.585954854788475,0.23752895437826912,0.9167973824509783,0.8632366869960976,0.9376366476831598,0.6403713142602973,0.34225024221343164,1.2354056858517721
30,0.1240582735400812,0.005827509167232568,0.012974143979892503,0.1456824922056158,0.3432256148121474,1.087068853398784,96.53481658359935,7.478866820203888,0.9345352016376154,0.8457126983791122,0.9960908276343612,0.6075406095787592,0.46906814730818186,0.9374396944047253,0.8398324179834061,0.9611979845108656,0.615774516251136,0.3426347487551362,1.2473506110036832
31,0.26366289916747676,0.002015238161184884,0.009047411554776686,0.0058357651970998015,0.18108310911742864,1.0037539123702155,96.51154695419723,6.603368497535578,0.9234713136147896,0.8454368124546165,0.9993793071805668,0.582109529744291,0.3680994013388517,0.9209987654372844,0.9205028311968972,0.8916682860934434,0.6203189241567066,0.21019547573496924,1.264196751708998
32,-0.04403127451664904,0.00107101425958192,0.013309040721069684,0.03731248657199142,-0.1043308477355751,0.6507482013631749,96.52691572227914,5.832246627385485,0.9126087020435102,0.8485959354957975,0.989036609156152,0.5597810692768849,0.3132522854803217,0.8700591783868761,0.965809833642764,0.9169255440674895,0.6922515418293242,0.4049680959301409,1.2723786388059102
33,0.22500463452158054,0.006718490728188149,0.009644427762266853,0.26018925293619305,0.3426111768855421,1.0490555428051924,96.37193001684375,8.151505892340491,0.9221061675220128,0.8831920331533707,0.983512679115677,0.5735010100290707,0.5926097134636906,0.8948422742144271,0.8624188237194086,0.8849453141261251,0.6037525481961608,0.25610265463066073,1.2228847829389544
34,0.29963062241953603,0.003245605157338326,0.004117346853537999,0.14940847321193004,0.3503209222614739,0.8388533390989665,96.22146516249619,8.48833509530077,0.891885979901861,0.9229841803070056,0.9937472813804402,0.6041363365404884,0.2322971329691976,0.9316382683573339,0.7599946184050743,0.8898769733264627,0.6940098310283053,0.35311312473378004,1.2782894055840062
35,0.05702432090291154,0.004871760180411962,0.015918179841434545,0.0024096208071461567,-0.03834795067188773,0.7351947668006088,96.44407680372885,4.487891175769988,0.9428165926166546,0.8390753941621,0.998844958352267,0.6372363506168295,0.6163642849334988,0.9426450429506454,1.0592099496323355,0.9426487210439392,0.6770566234253077,0.34931322974848034,1.2805504800001162
36,0.19030939676489383,0.004482514662948796,0.007396627281878865,0.19499542334998607,0.6763961022303134,1.067201974005947,96.50799633525638,4.917831439574518,0.8960196735746675,0.8797518338754515,1.001010186688922,0.608696651876023,0.42935332682746397,0.9153504981440084,0.8319037668629097,0.8642964458471029,0.6453323534110383,0.22511094419285757,1.2732896856732425
37,0.0030455254142322807,-0.0009895679151166567,0.004141326327845356,0.32234219752271376,0.14176767863690282,0.522993476815049,96.53011505509241,7.501038874083011,0.9110557135772309,0.9437008823070442,0.9914723547537244,0.5213861330009817,0.49791050871760323,0.9289404028769583,0.8625469446016587,0.9323264308922239,0.6962175154049837,0.30809278864767664,1.261545904339226
38,0.08545025561570542,0.0025705298497543934,0.007094091693812639,0.08379967228449617,-0.0627468310881315,1.113036592418732,96.41361839459954,6.404985599559207,0.901045525453765,0.8602280420958215,1.002516622847881,0.610189475090465,0.3391962384649223,0.9660413778597521,0.7830779900348175,0.8858389099667993,0.6149765190636878,0.2669218559402366,1.2226996894041335
39,0.1073394685818275,-0.0010129352724623799,0.009735193600243691,0.21777306561381243,0.17522848707347674,0.8579221700155423,96.39718234318732,9.25865230867374,0.9260075940335047,0.8629304745462824,0.9920741456823942,0.5892818433661863,0.2688122671101857,0.9059766537873829,1.0131898781434623,0.8731939196729093,0.6334064829342917,0.4054573042385317,1.2361881304254805
40,0.29411698399508907,0.004696889248260245,0.009372674784116537,0.12457567974068226,0.34623588516848064,1.052615424306173,96.50800332741656,5.297053762142932,0.8996343026400844,0.8912699903374709,0.9880446487211884,0.6921959086278029,0.6234270826185198,0.9617837735818308,0.8740110727161778,0.9203736246218645,0.6278635910960816,0.23160575407860787,1.279775258697159
41,0.050362185986568345,0.0026281609230872967,0.0051271115716325115,0.11041417332876677,0.621035367791617,0.7018245804617986,95.78955131709574,6.354686406260772,0.8900429760693077,0.8437206376967096,0.9858688047164488,0.571182864883003,0.15741941845949253,0.9012094352758507,0.9333301394685141,0.8970493714264303,0.6494989928619628,0.2226963997526218,1.25976014219424
42,0.21467030425287698,0.006301389235053172,0.01649341224328755,0.11980211613781395,0.06139374550185203,0.9494295982256022,96.52201673516863,8.183721054338461,0.9054661589614922,0.8627938565684133,0.9941441609839535,0.624762813584347,0.46878543678115897,0.9342759025410621,0.7739086666870708,0.9512523467242301,0.5577644138909648,0.3498129548009952,1.2110569139601894
43,0.3405580076277126,0.0048976660918995905,0.014544958746853784,0.3052275732763514,0.5164887392915625,0.735673931269037,96.50720594146932,7.009086797074086,0.9039210952760366,0.8584235792911457,0.9849640056055552,0.6711792626762051,0.5304086254887665,0.9088287566679757,0.8940017093646656,0.9322224718476243,0.6837509455144518,0.2978884949601013,1.2507319745028045
44,0.020416993030954844,0.0007291590077986923,0.003215490222098834,0.2751693775619591,0.4851356678194866,0.9039660320542642,96.48888983802713,6.517154596286771,0.918359229038764,0.8505218536216849,0.9942347973795791,0.5440291896485249,0.5199048460301081,0.9180615063694643,0.8357789771679855,0.9370835012681883,0.5871484705652367,0.2758426739861177,1.2493460942350307
45,0.2503690471829246,0.004861999859161905,0.004576195134635425,0.1824789229624071,0.14720523958837195,1.2136905254569914,96.49848336148442,4.255840330324963,0.9244834615083563,0.8957825318867284,0.9922072719019104,0.6593288190373275,0.2733247630528498,0.9044143056148178,0.7039228194062952,0.9411499444481239,0.7115725929659449,0.1964352489604449,1.2761533083738996
46,0.2690400212713267,0.0016079389906823922,0.0066999742838427185,0.3380160998348265,0.28383237972393777,1.0486110417586845,96.366088766227,6.5996632114348275,0.8880492907885744,0.879717074367992,0.9948974186458163,0.6520137694839252,0.6204354712911656,0.9539769714010565,0.8334945790408484,0.8877113677991523,0.6235070901417112,0.2630185843292636,1.2745687461953092
47,0.13398145122822175,0.009707595464168224,0.004978959848550478,0.017550722466970245,0.27803783129871423,1.0307851282039369,96.52629789500538,7.747033835113759,0.91209404868512,0.9194556923897484,0.9840654130123694,0.6021149036371879,0.3512915801706465,0.9342883038529204,0.8231252061108366,0.9071567991307484,0.6252160307420813,0.3648588621393473,1.3186830679533923
48,0.0985082992779853,0.0019761301681066835,0.008229241343899553,0.16920088049347848,0.2226572704387887,0.8063160593966631,96.28277354172505,5.598827002079093,0.9295451195390145,0.9015605386988025,0.9919887835575668,0.6567730876164951,0.20691167514662592,0.8833753120934089,0.746598912204762,0.8541721066776858,0.6096287648787148,0.30270225877227797,1.2849064667005656
49,0.2368821907701775,0.0017646795613876596,0.00890305394353857,0.12843763431825894,-0.03466503658494391,0.8380863838419933,96.51148933879733,6.971933249304222,0.927504597614299,0.8547390608341898,0.9934943055924595,0.5783563230497734,0.24523214557598477,0.9125925147865436,0.9839635236070837,0.8942544664994507,0.7350969466664043,0.3020527709079713,1.2608813014328029
50,0.2578127349801738,-0.00047568229526393684,0.008946572596342624,-0.06892526643090413,-0.05743690192706663,0.5541773576122506,96.51851422228984,8.884888029863076,0.9132557958909862,0.8993798585496439,0.9963524992466962,0.5476550942545699,0.6485725976197075,0.9227994317420238,0.9080823535159674,0.9157896045153948,0.5643630140292096,0.35739404590678203,1.2487352307083566
51,0.10209744754137268,0.00684566950237054,0.008087548124977145,0.047693343294020224,0.516362463494765,0.6878400534761846,96.52773408470694,7.100464191198108,0.8942355908655165,0.8962903540749811,0.9948211096990256,0.6427111889435599,0.3056865029484319,0.8940842185004348,0.924472276716284,0.9237244826387483,0.6920755438026972,0.27737939063858585,1.2893747270085794
52,0.45081607373248267,0.005544739389593396,0.007446696900249161,0.1796907052453049,0.6735390148380347,0.8766750055427784,96.53468317318307,6.924271159820978,0.9530748484201851,0.8504040129716323,1.0071449358435904,0.5845278638067011,0.36907879598510185,0.9015414604436562,0.7849070703391887,0.907046708707414,0.716404821715065,0.29830355006508674,1.2442248882683138
53,0.3047897134606425,0.0036842001814382445,0.00496308622351271,0.12967264210622947,0.523265552203297,0.8503687139441327,96.47006890061975,7.0792624541908475,0.9159757136658747,0.9009089154107485,0.999994333934822,0.6256959893804225,0.4505652688826875,0.8712815499844498,1.0322151586867747,0.9146285327972685,0.6820871119507238,0.2831618278432331,1.2638341669124917
54,0.023116102330801858,0.0008455929577389754,0.014049861750049342,0.11104207159181603,0.25992903908409054,1.2563353625562075,96.48504470929939,7.394545015472761,0.9219717895966572,0.8427837196729042,1.0038898973267423,0.6037039188997633,0.46863936107727844,0.9048688143325916,0.8893428544453813,0.9207057697493829,0.6971254002091111,0.33338356039712863,1.284462229115678
55,0.1749886183793718,-0.0014954565658757304,0.009853816016328334,0.012169999793926772,0.22360907602969016,0.6530755840027357,96.3485057208584,5.43160521610389,0.9040280029881201,0.8385156155202074,0.990949341665759,0.681822793348069,0.1550934021215578,0.9443338259379026,0.8768066403211783,0.915107929077501,0.6886363773841031,0.35763274005707296,1.269020856653831
56,0.26087282650186205,0.0024956291491874975,0.0007600721052124755,0.08014494861358526,0.22958311413807558,1.0571274355739846,96.51567093027307,7.9041789671155165,0.9189055448591903,0.8569031087554657,1.0025747551716895,0.6534131106116186,0.775660858908103,0.9217890230232829,0.88499617361732,0.8909372106185668,0.6922998444273935,0.4057511167541633,1.253979449049078
57,0.17132361847080466,0.005001697986581274,0.004188942680236232,0.13316522949674373,0.37532127003802507,0.5014474986678885,96.52021219846864,5.669544327864285,0.9351392894105974,0.8636970929678472,0.999032400107031,0.5218419307671762,0.3911311779475551,0.9413133012505487,0.9124684088197035,0.9100946850506582,0.7177934856827819,0.19958964713113964,1.2207352147675568
58,0.33526935437154076,0.004446416768944639,0.0014090140280899176,0.13153080757727315,0.12185186375077131,0.860947478585122,96.3943938697064,4.8505223483956925,0.9382294214246232,0.9447559917817753,0.9977688037671989,0.6273088417955176,0.2831927662601581,0.9419831229302076,0.9278522672201264,0.9410153556142414,0.5860885326121575,0.33569581035809615,1.2568698512949452
59,0.11520832916947432,0.0024178450595994296,-0.0011267742231389549,0.23558469249213942,0.5455975084037972,0.8196247037488131,96.52577683922856,9.772270103034439,0.9423858384999458,0.8250990465058273,0.9923212669414645,0.5320904364070431,0.31375433526728147,0.9290106081328808,0.6918837876446935,0.8847816913120575,0.6841640899257482,0.45698558754587587,1.279875764514641
60,0.3960234646258887,0.004059563094912206,0.011878560151475561,0.052392548479002,0.030035994522427056,0.9099358219695891,96.52929976921509,7.336199207096801,0.916726480909237,0.8386214341295274,0.9949927739812158,0.5975183006928145,0.43284827767958356,0.9123481408912,0.8113629891708336,0.9172500743838081,0.6648762051440642,0.29533049775454806,1.2734059879357815
61,0.09956639748882391,0.0032063575420175567,0.0028089377281512624,0.19296755862813972,-0.07473576436717333,0.92443133555929,96.5346957590714,9.896610659051474,0.8949367166367934,0.869550603742169,0.9941968032639055,0.6316553509510421,0.6833707812041536,0.912206881328087,0.8950108746440165,0.923352192557928,0.6506794778961181,0.3448138290763001,1.3100043485024397
62,0.23094374100591325,0.00599059077017523,-0.001062215978673081,0.12378718954532122,0.5889823377373211,0.8557670604717823,96.48092996287498,8.606917874743697,0.9111960589688064,0.9142565342764902,0.9939082207340826,0.5901321755240895,0.5710094426403581,0.9531174936558577,0.8948107892940862,0.9071396485988286,0.6574588798389461,0.3773277421220805,1.2808415608498671
63,0.1767747773306528,0.0032497184103685074,0.010190802029130617,0.19262820967178823,0.5349981406517261,0.8993174172605863,96.51781304846669,4.672437700186925,0.9291743343418873,0.8929975012374441,0.9962950551983799,0.6264049383277976,0.3814841003776847,0.9145526608826997,0.9065139053052037,0.9404690918873644,0.7528371158534122,0.3126262210662957,1.2320731904112443
64,0.36133066411519266,0.005017176025435374,0.004742965096859984,0.0699562193779801,0.3802515209891795,0.676690591944434,96.51033870891764,6.965267887817391,0.9011796062197907,0.8763546888864477,0.9976598290823608,0.634904525165384,0.18727942813848292,0.9014058866522905,0.743834392419201,0.894942892453464,0.6643392366971067,0.41280878653583103,1.2514177278478438
65,0.05122773285515078,0.007761623179373036,-0.004856909444692953,0.2125594050328296,0.14934319837116578,0.9162040835296672,96.53131155354289,6.350392415768004,0.9291118519496395,0.838911442159442,0.9969502706988324,0.6491074706340035,0.3573322541959123,0.9180352185586987,0.9125838033049215,0.9432812778432482,0.6074966426284538,0.3268012333858707,1.3063536758812002
66,0.22321600905190273,0.008847332326039875,0.0044872605469692345,0.20481911666714592,0.22346286358179107,1.2492558238372364,96.34817233466087,8.66253375295952,0.8748757796890209,0.9052505763438194,0.9973968994699153,0.5972905176200328,0.3213730034978965,0.9347643782408407,0.8894628460927897,0.8678744593709536,0.6331426029987761,0.4078041164711431,1.2240048238865315
67,-0.017899578636042524,0.00710116426463603,0.010875431171725777,0.27794338029530397,0.5069095927686142,1.367439008229097,96.53019364697286,5.027092952293306,0.9126878870578546,0.8617423783567743,0.9956344112193978,0.7076867145195388,0.3214678314700651,0.9029810835783199,0.9940583190085658,0.9098105089091777,0.6778876758177297,0.2640006638358263,1.2667328754079525
68,0.24249657208947434,0.007764196911143361,0.004404972552181597,0.2227597954195589,0.5414904076109073,1.221385069445149,96.49316512444933,6.238238208886984,0.9336328355440271,0.8890852207212082,0.9975835791493054,0.5160053168325203,0.2546932623003314,0.895129125329596,0.8248872680144964,0.9089595105123905,0.689902915330321,0.3723739180930995,1.2524030716843253
69,0.21431336416851166,0.003840751995930812,0.006804386390863127,0.20653917474292366,0.3215309423717165,0.9772790341804567,96.5227078402811,6.121026389180452,0.9346254483070556,0.8491462140708019,1.0021215778387664,0.6471748823204725,0.7558859282065087,0.9592789127996695,0.8457271653361546,0.9499695890805925,0.7136389898614859,0.44864763777507466,1.2486037718597247
70,0.32525465841462886,-0.0009665972767108461,0.0023224289289632367,0.24696812895577572,0.5270970760993858,1.169904132294315,96.4842613076725,4.044240587976494,0.8878064791141593,0.8993905117558886,0.983143851383673,0.56900497337319,0.6858483417342653,0.9237523405159247,0.8608661297806717,0.9072483871525855,0.658601570427859,0.19400232756465213,1.2694510454157673
71,0.41016534585301,0.0036532950226853956,0.006458866537914597,0.34115653025784004,0.5914700276555322,1.1988800699581974,96.52750725903061,8.28878364333654,0.9499851621451544,0.9433584485088081,1.0038763411782663,0.5939734848102722,0.3455087440788195,0.8850697411120566,1.0334439488800018,0.8781073866495294,0.7156369580764288,0.45750340514868315,1.2779704820961302
72,0.2689721194707553,0.0012311091759858415,0.00278003707957121,0.2536032023343264,0.5500246945895237,0.9533013707352447,96.43948575135279,7.505071097916159,0.8989490160801785,0.8786170286050667,0.9962042659035313,0.5552870641034182,0.519630376927664,0.8942547202942533,0.8830285335224132,0.8840005025588034,0.5839221285376917,0.28789647854920364,1.2331718036869797
73,0.3195111577844988,0.003830229884901415,0.005841469134079905,0.16706976346248978,0.17096947954580943,0.6707125581066674,96.12250735691957,4.7520733791285705,0.8855008570175735,0.8702084122658879,0.999854841690407,0.5382465421910796,0.3122260733517224,0.9507316195623611,0.9193860956836097,0.909306821612671,0.7402643084315828,0.19023828952001665,1.254515316528517
74,0.12486969445697108,0.002037714312726977,0.011536675804148838,0.21392553883937915,0.5322241322402992,1.2112007743292352,96.50590623873453,6.243026455766321,0.9004768360121173,0.8644195081091236,0.9864663665455167,0.5636457917015385,0.5695856365896876,0.9133823694575399,0.9635609883971513,0.9002678418514469,0.5738262662771427,0.30875771252958467,1.262831471653771
75,0.10672785347306679,0.004427725741985688,0.004076772832238029,0.24621550952424337,0.5391378030165863,0.6424236788923672,96.41547299516644,6.027095786153777,0.8911106710897173,0.8924492006579033,0.9956599383891043,0.6814209710979391,0.4844911673213075,0.937912246114614,0.838959773295179,0.8854265029506995,0.6013254776109933,0.2719532757264573,1.2444901261854215
76,0.2272520324130678,0.0023815701009438587,-0.0004883105435801258,0.057268233858400755,0.5691761101776496,0.95602956812365,96.52092679723933,7.19155450789135,0.8812484915281662,0.8400916737726191,1.0021563370596271,0.5468488556032408,0.5555556752779431,0.9710811976678626,0.8594990056774591,0.869078415717696,0.6447157480006386,0.30648158125588476,1.244016045672047
77,0.1964460245369624,0.005491925298335481,0.012949793190073899,0.14450214550052537,0.39227044565623104,0.9894768721916658,96.44882755704347,7.75150633315049,0.9151209006101482,0.8488209244801013,1.0024983361793305,0.6115640158627699,0.3507690171038861,0.9023775638973706,0.9699944106665099,0.8826076219056532,0.6662951296891219,0.2771458970417043,1.2298570441543275
78,0.18395492501893848,0.0018151100447800228,0.0077352302527498055,-0.05270348369285907,0.23186964284784964,0.7961297195283328,96.35495752690231,9.011050476986895,0.9203500649948799,0.8873902017614059,1.0022062331072805,0.5644866785395803,0.46436030767745706,0.9570627584561858,0.8448960468151133,0.926234058117176,0.6522365820806599,0.21799241168457129,1.27471519318453
79,-0.0980756096499944,-0.0029057147476522108,0.0033994926613143176,0.11033334475113138,0.671888673128795,0.7659414816948922,96.47828189197052,7.595705094103529,0.8901751810170626,0.8840163518003036,0.9849386336249616,0.5550282771968309,0.40441116921958425,0.9244086899246267,0.7629625454188163,0.945417613064446,0.5426829438720748,0.35414392817522944,1.216733693556361
80,0.1306433914831192,-0.0018533549339354795,0.008295262010662162,-0.017656432230916258,-0.1551806434422412,0.7761604943267053,96.4986590045482,7.399804387842537,0.8881498699355518,0.8981812217420092,0.9833290828058109,0.5437821758491423,0.4865587202029676,0.9357433555283569,0.863544952995261,0.8511801034908267,0.6512127508083997,0.3394529382924023,1.2808462141569195
81,0.2872798866344485,0.0030242793726476883,0.005380526945566891,0.03503431472329256,0.03552739639652003,0.8017779748308401,96.52793294174253,6.045071520051806,0.9116202948298341,0.907747985831292,0.9924082984614874,0.5808035724058099,0.348037532994576,0.9406869769865844,0.9723492476712619,0.9452559344574935,0.6634336781029126,0.3387730893847693,1.2436661247021241
82,0.2610914684669948,0.002245315616279905,0.009333733917884916,-0.029789074007679245,0.041518548385002046,0.4880450012616943,96.46331810980642,6.753381204280333,0.90353928345575,0.8619019524593468,0.9813891184015713,0.6166816895269207,0.6672236250026051,0.9582481929877325,0.8699210159464846,0.9547272344351021,0.6323999346748954,0.33136888194555064,1.2770814056694864
83,-0.031131072759206235,0.0043452263795526296,0.012741481570086137,-0.057084995701560726,0.21544571091011122,0.8071632035685152,96.5032976036135,4.299699658097802,0.9184485950641482,0.8690302368672881,0.9926354289813354,0.6122483599199722,0.17245157053320406,0.9050399937430011,1.0226371062760975,0.9439149724178988,0.6778002801899279,0.28130862126194944,1.245473731538551
84,0.19081750591820634,0.0020711623548083395,0.00021368924517610206,0.1374549524479187,0.40920013218985274,0.7262122884410693,96.51363061793172,8.437970899340039,0.9026702928432652,0.8740684354515527,0.9987319419462503,0.624101634979834,0.3713803975863736,0.8758901225268645,1.0301966040402253,0.885415376141309,0.691729133035068,0.30679842122194906,1.2378331493331785
85,0.21118948425567338,0.0036261671059033,0.008405263778596975,0.047499333087948126,-0.16775625222976165,0.904499485240294,96.47738074236617,7.285248443097271,0.9072916319412802,0.8947183294400414,0.9946913080071573,0.5412546230553436,0.22973220560012358,0.8896147290839402,0.775670140584219,0.8904130336205114,0.716273355127059,0.33558197011895263,1.2108583962544952
86,0.21490102172190506,0.00799340398464957,0.007770672510514077,0.20543885122358552,0.2825663456022918,0.7935634686950843,96.51812182226037,4.9464630081305305,0.9327238452737074,0.9429712354531742,0.9880601629218438,0.627101885936907,0.3472279129843873,0.9295810475929207,0.874234468580351,0.9521574701538315,0.6745897432901125,0.3496620356161496,1.273766412184745
87,0.3114406586815549,0.00012517159881695597,0.01302861338744072,0.004245272464403066,-0.03106950875266201,1.0625978731478156,96.19642064315326,6.79158366552724,0.9066409369715589,0.9042495304982431,0.9942687663921325,0.6076716695707407,0.5951234769340101,0.9550440272423868,0.9621226671030481,0.8653297578197462,0.6042572523892181,0.375026766017054,1.2750638356062858
88,0.06653504275205856,0.003497722602560851,0.014596185814694167,-0.06218237357162368,-0.048077887228995975,0.7171015857130536,96.53049934421605,8.851555803017396,0.8873941612575496,0.915468693509673,0.9886744768006464,0.4967293914427157,0.49034499058196357,0.9157369037837001,0.7795509907322393,0.9374745865692936,0.7003718603799018,0.33514153340677033,1.2618565506021895
89,0.3209383683098097,0.007173732535492435,0.003192011413164134,0.10671861761246546,-0.011366088551416187,0.6359132088353812,96.29480481190848,7.965858046617712,0.9326849282354108,0.8773377058189085,0.9968693028073844,0.647781543077687,0.6356883490929551,0.9151184452095832,0.764765043526372,0.8578690481791107,0.6419897261932923,0.3385028403141074,1.2181715935098087
90,0.20830053449292277,0.0030267212177241703,0.006360889445164209,-0.013151723696317674,0.18375269715842682,0.5153371448138522,96.47644658976574,6.3126379793914476,0.8928200770401563,0.8789030889400208,1.0004921041919868,0.5278491214332083,0.40622750797904583,0.8737563496524996,0.7973599654644815,0.9000162954378652,0.6058184131597375,0.21110543506696844,1.2521945158986978
91,0.062012338911599185,0.0047342407129360425,0.007803887666687289,0.01610352361680073,0.026557401197651154,1.2313679834950135,96.51972190819662,6.033094196710148,0.9131752713229851,0.887362640254917,1.0026467189541708,0.5583090761012558,0.3407788692776832,0.9248360896276241,0.7639329856290744,0.9402484341252285,0.650287521772093,0.37907927225861315,1.2790335112591116
92,0.3176693685343916,0.005829970895316417,0.005890155675665044,0.08933416991332518,0.1642879850082017,1.013473540204147,96.5263479588723,6.857813733705198,0.9273103343454234,0.8976234056887851,1.0046539522122495,0.5658412999376028,0.562118828537012,0.9614876597727467,0.8399396144388132,0.8850598810376143,0.5790899077278546,0.3717052031827746,1.2687904816921625
93,0.1768808427125695,0.005034457064809691,0.014989084209634965,0.2756922061058704,0.10183612188479063,0.9612170198066451,96.4443850181497,6.803790208783306,0.913919729299186,0.8916334490779012,0.9966322191173257,0.6952244398990158,0.19919814025170807,0.912095620222757,0.8433973795600443,0.8847437305463227,0.5663468423810425,0.24231740644351915,1.2654163591564194
94,0.35794304745918426,0.006600029417401905,0.0019981302832489797,0.04256344572093829,0.4248453471323841,1.5929948467176205,96.44269011852138,9.498641047929265,0.8865039090497734,0.9593855117015788,0.996360095923877,0.6781060708574624,0.569097264472158,0.920186341434581,0.9000918604240356,0.8904432163396119,0.5727727869308239,0.4680267499751215,1.2032906310519784
95,0.0872178304072184,0.0023421651569153793,0.0026399276615086675,0.11651911249051183,0.6729603157625372,1.2152797849305332,96.53233073081114,8.530014184733048,0.9388334596710503,0.9346445690422864,0.9965545342738051,0.5242256482788623,0.30606645325732024,0.9158423729496149,0.7389846437853129,0.9437804444927604,0.5793425595323183,0.3739850020342545,1.249646899888246
96,0.20902576471896137,0.0009913123421648124,0.010962061206179347,0.13249538723516238,0.5381694817780619,1.1016859337404616,96.52057914703504,5.590237386187288,0.8946657212571733,0.9299955899524334,0.9825775247002655,0.5642865018213947,0.1853834877692574,0.9449151003015851,0.7470866851186493,0.8730939464965302,0.6149402166919469,0.23724232888652025,1.3133869447828506
97,-0.014023036434459124,0.003849770380996163,0.016255377743782527,0.003088219629341332,0.2130549257899198,1.150995603475926,96.4980014618046,4.919183688716922,0.8875157288299133,0.9178830828891638,0.9879233342774133,0.5489098001615805,0.47085169347632433,0.9316016468935546,0.8084571828938092,0.933287397894857,0.625252585186059,0.35031079840329826,1.2298319644903748
98,0.27638765994041725,0.0056119147770667226,0.008157588191694558,0.3151270032702792,0.4218109259095241,1.2294122481306715,96.02274461386271,6.819697634868257,0.8809876258767485,0.883978274202491,0.9887057585292107,0.6819060773479046,0.5620244326270083,0.8941367372671492,0.9459052610693177,0.8460792251810046,0.6125042025044249,0.3408513589783062,1.2470989458170254
99,0.24254195704614656,-0.00025338344913430596,0.01848895949153576,0.1980465687213451,0.2087559519016645,0.9495677204399364,96.49609483956596,7.385882010455011,0.9172349839787727,0.9378885195270283,0.9881084625890781,0.5403525454361114,0.14499924339000925,0.8726755140600813,0.9370231753171302,0.932962157382581,0.6296052713149244,0.27896284351442124,1.2369423381517939
100,-0.07542581302747925,0.005664661924944801,0.00034034492083538214,0.03386635292414328,0.3924149786218524,1.0950758333924449,96.52879689305473,6.642324416880235,0.9121927258963075,0.8868408128825243,0.9997302418433892,0.6573442121196013,0.43887244467310793,0.9219969283246862,1.012586181897037,0.8680336699555914,0.6205537463162635,0.2952069752350788,1.21099322284345
101,0.21858964016683127,0.00689185266949665,0.0034959618784075816,0.11444163720510551,0.36908166102487855,0.8234524910915567,96.45282315705836,6.3198228777599645,0.9098938958540629,0.8971353415301139,0.9950446963851943,0.7218963171040559,0.5355503458147275,0.9524588828178133,0.9178356551722668,0.9103424822264907,0.7368981635688305,0.3740182055675602,1.262859828986492
102,0.04016391386166984,0.010509927754391043,0.015384324017976164,0.3553325444209223,0.4494494966200503,1.4782627716532117,96.51134362217911,7.418465813541059,0.9083307776112154,0.8959485643992943,0.9822986260495957,0.6379672865763166,0.542690295615289,0.9186504108816105,0.8361639349920589,0.9257796861944977,0.6712071184605715,0.3493012565993751,1.246622271359863
103,0.32319482792007165,0.002253113637648938,0.013303464204317331,0.274315334491565,0.7642617582398068,1.2605508198108315,96.46418597672832,5.501741605194105,0.916633023139172,0.9244037315942083,0.990203272230136,0.6542958496029314,0.6020561142796735,0.9045288126660613,0.8011517182843574,0.8789214003432074,0.5657063089639438,0.3441208006411869,1.29890887589672
104,0.08262710767656299,4.6293237918054383e-05,0.013091125100008427,0.1056168167437381,0.49080910961961965,0.5681558909849609,96.5203640681878,7.28091757638528,0.9239040812955002,0.9044367360952638,0.994525297136115,0.6669134298111662,0.3378787390528918,0.9168327362844052,0.8638251775375465,0.881319031640671,0.6211495121010704,0.3675003432287166,1.2912829408467668
105,0.08808475689703002,0.004050457530506856,0.0016582259838007485,-0.034156208884519895,0.03311784007071261,0.7744349721193668,96.50988729505623,7.322627668484624,0.9118400291609815,0.8401531208120423,0.996423567224231,0.5950131449785074,0.42579156755700587,0.9396833571970804,0.9336536900515761,0.8844456918792062,0.7244043281954882,0.4270328314168848,1.2854676452371951
106,0.2608230990473725,0.002532667780037308,0.001650029453946501,-0.023471765871232536,0.15172067171098175,1.0503905281197488,96.51569694110896,7.508425441167666,0.9502271612745264,0.9107527351558167,0.9874555822529665,0.5490664028248271,0.4569619556831667,0.91500713624178,0.9335570884695963,0.9170479925704782,0.6740649348475547,0.23528739585516428,1.2206729718142488
107,0.3306232991569739,0.0057778658862206785,-0.0007382814121141877,0.13898922257771587,0.33793732394122017,1.260561011116527,96.49022002658032,5.983801106565287,0.923870805641359,0.9023199965160589,1.0038292610409913,0.5797484477824842,0.37486594302554466,0.900077988453834,0.7288975498349719,0.8957015924801849,0.6763453728292721,0.3841002440580265,1.2684547662930905
108,0.3765197338546502,0.005595750480331094,-0.0009759920846934443,0.3238972158536131,0.3364612761553254,0.7680455211128175,96.45266681235668,8.965238465605587,0.9399882610677722,0.8231131959469892,0.9845757329132411,0.6477959962050732,0.38698177705283016,0.8806537161087177,0.9570507452282826,0.9558433311365115,0.6435404061177769,0.2648347900981597,1.2801267670320062
109,0.16844833995580766,0.005364068854789539,0.006162559134368407,0.03837305227712613,0.2912127967383563,0.854807682111728,96.50436684474867,4.84989950965851,0.9273198805888998,0.9248661392910497,0.9951193420867795,0.6130019427279062,0.2324443178475911,0.922015753070531,0.8177792158351307,0.9046187001635481,0.6508339423929593,0.27703566343635544,1.2542026272789355
110,0.23695848738774863,0.00033133744335864983,0.009382482307699242,0.17957503058977387,0.3259445974251606,1.0186562789491977,96.47208515993009,6.311286214665715,0.893968699999142,0.9295418764285824,1.0043705742751452,0.6431537447887907,0.4531588735718726,0.9247485900646986,0.8295334014666812,0.9134257014350317,0.6866485912996704,0.2494903009866623,1.261226631677857
111,0.0769421518587415,0.0002949986002474523,0.013957069054016894,0.32856778388183655,0.17306881466756713,0.5079717951459775,96.51481453049388,7.834247122965435,0.9144829761400192,0.8636374828924556,1.0070496670006055,0.6383015298352623,0.16112171400995542,0.9111246751284799,0.8570415149261436,0.9002382383745037,0.5977433524921799,0.3031037702485379,1.2357518039304864
112,0.3833588268297625,0.0034998228040395746,-0.0004282415533951797,0.1592789941132173,0.3995859868515232,0.9789305558241453,96.53267754195622,6.800387787177015,0.9325228417502371,0.904883287829668,0.9907316293978304,0.5311124685704656,0.3626465285429062,0.8471246136579249,0.9204080241103998,0.9057496890529143,0.6071240004696312,0.2834081196770205,1.281586943903379
113,-0.004203411792159273,-0.001934385365667385,0.0061082167022523245,0.09892225753170097,0.3177502549418284,1.0138460367548405,96.46623048436578,10.17844016180386,0.9364720366240272,0.8559175005185825,0.9812646771457887,0.5296956598576101,0.3690529173960293,0.902029942525098,1.0591989065832133,0.9176319600281896,0.6535507635404026,0.3645035774572445,1.2391368110871754
114,0.21618872759576452,0.008527429561504093,8.181615692516402e-05,0.1682132836870639,0.5019742014495385,0.9355571786454265,96.4385991454416,8.374634024879006,0.9045435504362522,0.8902279804902762,0.9953085556929577,0.6289925949806052,0.5240712537299742,0.915086362268571,0.971024748662039,0.8438920603945974,0.7495073487855898,0.3275047078544584,1.2222799793562684
115,0.33344667618451235,0.0072268775788197365,-0.003183636923872965,0.24007978924748008,0.51739737908598,1.1061691886488902,96.45316940883062,3.2649725655299853,0.8889675966943487,0.9364312500351373,0.9810044346864811,0.6935438186768046,0.3356041058691386,0.9512443664673653,0.832472067985655,0.9112640452306952,0.6852558346315417,0.44809735421745,1.2837450232517786
116,0.29721843360853334,0.00666035822658659,0.0023434975791166487,0.1945917151088093,0.5716767219172904,1.0088162487361934,96.47445550223208,5.635100667514716,0.9426997563779983,0.9238021910564819,0.9997315571561738,0.5839883312278327,0.3881277026445602,0.868834460657886,0.8404849904784134,0.8662217030334526,0.6584277566964808,0.27276120857645675,1.2508318685355735
117,0.2025119492664619,0.0028063501409272633,-0.0017418771368184266,0.05531125938666742,0.030419359616915442,0.7708298896893033,96.47280591180173,9.19520946806551,0.9245963131808923,0.8570967626888061,1.0013689703093718,0.6006751633519879,0.19841328320738996,0.9032871748275864,0.8371794078961398,0.8831419207188197,0.6290885113205574,0.29319883654191964,1.267065249971192
118,0.2076039174075433,0.004962974712048007,0.011362167011579632,0.12019691524151543,0.3662386121546468,0.9236411280053249,96.507048478022,7.368895637059298,0.8979753859170588,0.9075973690023648,0.9973933725159961,0.6033337919557625,0.6914138183136874,0.9023980536771334,0.7948707761426177,0.8958824201872264,0.6353821526803816,0.267160812618464,1.2655102616761862
119,-0.024538886166438623,0.006307937685882225,0.010079207471425114,0.20587466929340806,0.5068221533377325,1.2115578595052332,96.46513635114036,5.989362028313944,0.8915310091528276,0.9032458892002608,0.9825754928482043,0.6010777330023497,0.5513562115981153,0.8568527187820904,0.881976815753535,0.8689546808220296,0.7032296211919037,0.38876530298348894,1.2128765090865423
120,0.2678146732588557,0.005634962594483383,-0.003663775468522721,0.038022028657308554,0.36263844912853244,1.2387963851051325,96.33828542016232,9.113827709226392,0.9320699833129495,0.8593441163363421,0.9907223740552242,0.5766593121257277,0.34273334439722325,0.8959757620083336,0.9326951856564243,0.9543276243461586,0.6821252542513113,0.41104230480824655,1.201360825775487
121,0.4231516237571061,0.005324942625817007,0.005432862419606043,0.09427528655667922,0.7531577127103051,1.2514587470492784,96.5146467186495,8.601153074127833,0.907758557854819,0.9137179245710692,0.9936239727696499,0.5442008284452342,0.4462525597748248,0.9433033010567657,1.0267889485470887,0.9379470898069451,0.6973492562339566,0.29987869580693055,1.2740680583108401
122,0.23066985310137417,0.005779167105519444,0.001529610612513898,0.1579098504324929,0.3019288505652811,0.6319217872053273,96.50132833161962,6.863425458652426,0.9195856458340169,0.8339605562533025,0.9988924362761381,0.5093100388939146,0.34812089519765144,0.9458705350537714,0.7449089384652743,0.906917281280515,0.6408174305140955,0.3537134573673043,1.2135996082035665
123,0.2997805887744043,0.0011705408295052898,0.008006531241327584,0.164599617267243,0.5484573432341029,1.030328358642929,96.42562309457426,8.093465993093469,0.9020719308043526,0.9384216373025642,0.9821781846427187,0.5133954020019836,0.4707984788944586,0.9008455255787403,0.8706787035689719,0.9226275977734342,0.675091198331582,0.32202825489525,1.2763700883796698
124,0.09351577077332328,0.0004952313083301258,0.0029229926468569926,0.04347770879539942,0.2822318948752234,0.6746503401468711,96.45006992406476,5.795314336930969,0.9250863923719678,0.8809990939358623,1.0011255987123742,0.5674591530986182,0.37004163684661506,0.9130052294125193,0.9959188576613129,0.9034018536231351,0.6919692487115976,0.43041444751664504,1.2156343409920243
125,0.21777822434079463,0.007237918648106535,-0.0017928834958043762,0.16656528242692303,0.14476182773591048,1.3106981023589996,96.52100706723823,8.622458567131218,0.9359948807683973,0.9058281225758801,0.9824706247865688,0.6914343128758864,0.3045478192344812,0.937801687862452,0.801897375078491,0.8735391723621795,0.6261265771908507,0.32883166976430556,1.2252985227908137
126,0.19892369190239226,0.006553231406509487,0.011678463604503999,0.2435036905886659,0.658068031779925,0.7235051227918065,96.51138837200429,9.253641018192575,0.9050238512281247,0.8801845277902296,0.986821809805365,0.5871770547171473,0.3002225029395672,0.8980260766529694,0.9556024780191583,0.962444728032233,0.6337833964273946,0.13935402474496816,1.267878641727248
127,0.10547332978065316,0.005285406618651201,0.004364213099262125,0.09947852912199959,0.310784657586833,0.8895817586758964,96.43186317800784,5.869378194748817,0.9217013900834019,0.8877672921730427,0.9884158841089062,0.6032585401074738,0.18066454349602495,0.9633523121126414,0.9282747248009428,0.9131489704738983,0.7123742977985769,0.3688846905420231,1.238908680895802
128,0.3326729173999232,0.0011928872120702998,-0.0014405887459954447,0.07432726832987939,0.3072052709529591,0.6530934133783051,96.51444254757216,8.943893371539192,0.9388264454726983,0.8684199974160188,0.9941958952898294,0.5193779934271265,0.592046575245561,0.8514671195817386,0.8666158116244975,0.8647487590542271,0.7211973262614502,0.21150060211809563,1.2407805888790406
129,0.14591335997148064,0.005381141299062886,0.006898307534408099,0.2377079318277569,0.1891600362916001,0.5530251125784851,96.32288588657562,6.506665945933023,0.9207735147185785,0.8640289434829856,0.9933666522426252,0.5942824643136809,0.49080289264383214,0.8940874951943615,0.9428175528266561,0.9045931481078612,0.6308943548401803,0.3049846610257951,1.2380020627415167
130,0.08277111773313552,0.00418415360743427,0.01550395997615667,0.20512516670875788,0.4752538599784142,0.7392740586905988,96.52638599622368,6.028777499185838,0.8760503174179106,0.9144704185169389,0.9915844387165555,0.6365241973957467,0.277882245050179,0.952174576245768,1.0259876677711106,0.9436046691660502,0.6850687454264954,0.1739443181207422,1.2889849558095579
131,0.08354825684427881,0.0004675579269034953,0.0018562068012210131,0.21030735254116772,0.3440765185258353,1.1622997088756313,96.10903793922974,6.0472500023819284,0.90974755262256,0.8708314784666494,0.9944579970089217,0.562984830029519,0.23387782272656082,0.9531654280678611,0.7700547357639884,0.8725652025608347,0.7146255092945706,0.34382312052649033,1.2883263338882927
132,-0.05263041800217938,0.0017426423654697705,-0.0027538335662010095,0.2968477772938053,0.21865212618480656,0.6490933150739753,96.50794375421181,6.645817386559307,0.8844135974602338,0.9198642900769854,1.0014533303783593,0.521968461163497,0.17325494821241288,0.8611328932619454,0.9308234677091438,0.9492722131957064,0.5601083998790259,0.28507959129424226,1.2310484592052504
133,0.26845461387506725,-0.0012463810737168642,0.0030586725105746417,0.23305494786055644,0.11023807097754384,1.1897681122498625,96.4757336691135,6.985225975845102,0.9283305953077812,0.8687823450894946,0.9867393852822103,0.6690744932347306,0.3861346063264267,0.8905157479750176,0.9160325134844132,0.9173870289133154,0.6578735004606845,0.34126027124211017,1.2353636353032753
134,0.25937631928219085,0.007385799044836145,0.009976225534037132,0.1905522365083981,0.7870473075958442,0.6581352968107186,96.37562858989408,5.19108785715406,0.9156303191470989,0.8540516594124923,0.9831514197970692,0.5510096298693986,0.698439407063012,0.9045004902650691,1.0812217152485641,0.9251011347660939,0.5729111368772333,0.3170057593741217,1.2690199348826
135,0.11848416596079937,0.006036540753155757,0.006923799294026946,0.15665825399269148,-0.018201537108266552,1.0810836142429778,96.45019578294806,9.25068849857124,0.9211769154737309,0.8411517086812307,0.9901057906992097,0.6517564378328157,0.4682846315911818,0.9469108436045928,0.8014412541248799,0.9513903464477877,0.577000502790038,0.34886989819699793,1.3072717413112058
136,0.18444826560698951,5.294475096281328e-05,-0.0020924116430588143,0.18049718937606218,0.20985846333104452,1.238061356114728,96.47402898046091,6.864650820902572,0.8921288906293862,0.9087215909896518,0.9886935825955429,0.6516809001307724,0.3334479673462897,0.9162780357460254,0.831489297565679,0.9212179952336516,0.6821341303697599,0.2597509178552871,1.2532720813183247
137,0.42526001080990666,0.0014415052774087679,0.004287260786257607,0.14506086310622854,0.07222774446142,1.1523748917595094,96.29577420499622,8.58305066526984,0.9240628092611628,0.8592798723710386,0.997458185822709,0.6871237015286263,0.519674718113426,0.9087380334586981,0.7663469818255519,0.8822410462832138,0.6847096198970635,0.22557738757875223,1.2145890781506898
138,-0.019735319952495584,0.0026480911084788205,-0.0008019477757174815,0.0653033570218574,0.015364462753924224,0.5714660097648274,96.50698498920754,6.46630981357246,0.9239815756508802,0.8463928349043497,0.9884892385742641,0.6340727110769444,0.36663629375289525,0.8756156599602277,0.9255939995287042,0.906338721910201,0.6124931113260057,0.4428213552796946,1.209329004657559
139,0.13148052629974566,0.004172294275921168,0.010970118210046726,0.3230421548534569,0.35507407867503665,0.9488244015472079,96.46564845695215,5.748278991794334,0.9379520665258,0.8519987466299849,0.9783214572608668,0.6249406033211354,0.2853237484471056,0.8433922225737996,0.9744588931314466,0.8390652665609731,0.7102238556526806,0.3533903948640778,1.2428255172995417
140,0.12043656927019702,-0.0006695136161815238,0.0032181952623823546,0.11029162314322763,0.41762289090998383,0.7499324118032971,96.46999226654415,7.937334139667252,0.9168948537845598,0.8956299269886638,0.9907069504033597,0.5495105043140748,0.18431824172596672,0.8942799893595276,1.048288503125139,0.9098796750518282,0.6106370458866365,0.32984233981328925,1.2750116198395172
141,0.20028172791382065,-0.00024568107797231587,0.009722565480819458,0.08084429338482552,0.3753962041945328,0.8664433349198147,96.52891715820988,6.958586752512649,0.9062822076213123,0.8653530318974538,1.0015605511383499,0.6283490850757535,0.2261264340270439,0.9105690728901116,0.9564917589891798,0.9058390771270468,0.5622577861002767,0.2951859855014868,1.25859467418464
142,0.422618753966327,0.008323810153716693,0.0042379870822333975,0.09389859399122377,0.5527164571142099,0.5154544205609228,96.49485778658641,5.922374165941337,0.9249796185363532,0.9527907823851266,0.9842221063866499,0.6028098084653157,0.3459652725699249,0.891878376924522,0.9833390678624712,0.9300976800516272,0.7142197126897359,0.3933163560271812,1.2681671432552166
143,0.12993751922654176,0.0028386182618198984,-0.0003096132577713809,0.15527135059049837,0.037731550710355444,0.9415807227622203,96.45703187811563,8.361526678543637,0.8893703373533852,0.8878148758004695,0.999999851653634,0.5549288995176259,0.2738380271100307,0.9497137559008161,0.8955362571176919,0.8749589600621672,0.5881533773778626,0.3577235872244422,1.2689810602337128
144,0.4044450595136736,0.0026047205045133153,0.004681031614354552,0.206754376805326,0.15727986440271255,0.5559891164413511,96.525013575023,6.239115245273272,0.9436333102718935,0.8852400576857048,0.986435317208069,0.5398735313736746,0.4865188802021476,0.8995242817144443,0.9573123722719328,0.9545857166224794,0.6729413952979713,0.28125938789785254,1.2922112908106096
145,0.3072834577406176,0.000320630032112656,0.007298017151090477,0.2781819271805245,0.1603863305408004,0.9152628834513485,96.38171148956675,8.750669733468905,0.8988849147886641,0.8819184713234428,0.9978278782171562,0.5812810340450896,0.4407621717304542,0.9086429136098791,0.8631772678624688,0.9026986470964387,0.6328442903926776,0.24796009440195357,1.2427308848492569
146,0.14866102964771094,0.005449400016310449,-0.0012197785825809803,0.2987979685698673,0.5758593683932165,1.2193743962354544,96.52637732594506,7.133417906966,0.9037779364472499,0.9083928407957435,0.9994921163188308,0.6789706101164473,0.23388816642376303,0.9639825280307946,0.8944128852428023,0.9318556404084593,0.705288185984717,0.2562687348038409,1.2210565666781177
147,0.24694449638662935,0.0017945220730323144,0.0056484356096543524,0.07956870578184812,0.5767498041950302,1.035803643037303,96.45719745246876,6.951896171082786,0.9116632511843099,0.870252411702426,0.9845002843108156,0.6247494970928387,0.18518404271497443,0.8958096774856832,1.0037424062032487,0.884717003789368,0.6232925488807027,0.38639273175977196,1.250332040571252
148,0.19772086837010033,0.0010894146299154101,0.00142140809662856,0.1352761523326513,0.5028234965825752,0.6224593221488746,96.46310191221356,7.560089993134715,0.9405256489528072,0.84933285198668,0.9885855589347119,0.6047940939388002,0.2953484547978139,0.8799595536056901,1.0419135373080164,0.8864190523553749,0.7167195348951216,0.2233810413577627,1.2367709273049043
149,0.33042739294242984,0.0018810396265431662,0.0009926748150828058,0.1849938310425019,0.40649865614233593,0.8801693251408762,96.52519061651883,8.132760420349221,0.9224195862652531,0.8906159090730289,0.9874182892361686,0.6239281680749232,0.5490836677896075,0.9031720612282728,0.931577066176591,0.9286544035035263,0.61545438848004,0.27698249527854324,1.2727980938459982
150,0.09193490302454212,0.003942997522992674,0.0003610377327551203,0.13576196437873733,0.21441839951833835,0.799423718302375,96.51994174171277,8.071362302517308,0.9430941177630107,0.8491594639145905,0.9942223940925524,0.6479754310132715,0.22063778712871107,0.9157730947752957,0.962871314125418,0.9142232764677377,0.6898645288967797,0.2316369073937426,1.2636554860044331
151,-0.04945042670488328,0.00019410869133365755,0.0037314430749665036,0.15405766302610688,0.48498938003860936,1.050518968864142,96.5304554334501,7.74001839175263,0.9141071478433901,0.8746841573516024,0.9937368103025492,0.605005293539317,0.16214473403748544,0.8841217322951148,0.9001740890114802,0.9202976726360227,0.5864876681585143,0.27206977562362444,1.2400790648236744
152,0.05830580066325332,0.004936421955740793,0.012570490098748324,0.3545029767059583,0.31708769475191173,0.5355581666702142,96.49174795342348,5.23533483936939,0.9388117918032375,0.883999526394913,0.9951308341938844,0.6285418431546005,0.547533144999521,0.9570625542429666,0.6819106235413996,0.9121231186042446,0.6921508995077554,0.3839023167458794,1.2489053793837253
153,0.342175005161968,0.009546297449342135,0.006189137591118374,0.21104936028013596,0.4680683346407174,1.0117690930111347,96.4659561120002,5.279093892890939,0.9173570325004166,0.8861851052382742,0.9939778111437738,0.5899408825869669,0.40960852611394516,0.9314286968617101,0.7733044039465673,0.9111209291726247,0.612040103774521,0.37882253243801844,1.2664039995982057
154,0.3244664925153586,0.0012884458866889515,0.008458900439878342,0.06374346523961927,0.5931773742724784,0.693761158810161,96.51649292862417,5.817477126341223,0.9319906479626578,0.9057778158344545,1.0019820290667825,0.6261354336001982,0.4495294707778469,0.9247833388004333,0.8766044978448083,0.9450021545202619,0.7162584332445686,0.4388173917037326,1.2907639930017425
155,0.3645427888781663,0.00886105842487789,0.016338385982116645,0.0029167840425948777,0.6061077393481943,0.8657878781729256,96.07883236661264,5.230597486516749,0.8941736532653736,0.8880879019126953,0.9936302212904817,0.6884723979579174,0.24353602428500587,0.9782426907170991,0.9921568493659556,0.903926181674876,0.6111591847452691,0.32221154302751975,1.286499963509439
156,0.2487886121566692,0.0028241470208093047,0.011973320684035945,0.07468044041207096,0.09717682149930795,1.3762839796933166,96.49748572006952,6.75104339427889,0.9243000832476469,0.8684758506036816,1.0026728587675757,0.6374010701708783,0.368285152601982,0.8978191239598218,0.7407613699977096,0.9373024365310382,0.5731861695206117,0.3993940902804345,1.2772203638523345
157,0.3669813279455611,0.006432638025548538,0.004039907895600349,0.1254575762520001,0.31921107217208056,1.0151542130932676,96.52255960648523,7.7597974878197045,0.9292290193971323,0.8835768409712614,0.998256226338828,0.6342441239023063,0.6103932116089209,0.928133103929876,1.022310834370216,0.9377110659868226,0.6312516821220017,0.34129786899302017,1.21786305983421
158,0.13323897828224496,-0.001396429777107981,0.0035989899475643173,0.06476626845304881,-0.059729045159389205,0.6954471383186486,96.53280899456766,9.561856939326242,0.929192487372,0.8941508681405138,1.0021355192121566,0.5258729522855978,0.4914469619092733,0.9442932803314675,1.0189808387614903,0.8939465070160789,0.6592774277000628,0.3107089193831749,1.2998376844066577
159,0.15633776016120757,0.004443227899280679,0.010171608499695391,-0.05646191458842545,0.5814382451490046,0.7982974167410702,96.52494141592992,5.02811228607726,0.9394661056938097,0.858891907937859,0.9906742675238505,0.6250600788919872,0.3905934636859215,0.8777379435204066,1.0415590841144402,0.8900036452417741,0.6985968391418954,0.17791247788669387,1.2140311632457033
160,-0.006242644694490346,0.0036697986853702867,0.006297144951530992,0.1056996091150738,0.5033294328638763,1.1000023019106746,96.51508079195365,4.847943071820828,0.9090798628863387,0.9152561555860886,0.9921048851650196,0.6186482842685376,0.31733551798909426,0.9052913599105741,0.9468023725650804,0.9018760690242388,0.6959894793476129,0.37127873905121417,1.2737070749163837
161,0.2644205504924012,0.0043129888479020995,0.005345797638459188,0.2485957085630789,0.1509251288735358,0.8575325256734182,96.46183661090687,5.912132386434516,0.9499290671307967,0.8797470180668437,0.994802176103853,0.511351283270179,0.24761267913096907,0.873619807588796,0.9029035802810799,0.874205691877254,0.6473869120912457,0.4403713570666971,1.250943672922979
162,0.24687100482919577,0.0009704078894122504,0.008309624707205168,0.23047043320283617,0.23915745264447674,0.5987419467607941,96.49954309328173,6.989709373256973,0.9314495827309142,0.8921486206037027,1.0003580296963315,0.6355408333633907,0.3626238968687596,0.8741534515396994,0.7890003342541546,0.867729749940135,0.6530358365280096,0.25060781990581316,1.230161689546205
163,0.22696450102183421,0.008289924803124163,0.011845701668499738,0.12279583855989468,0.567605249191717,0.9818795323795685,96.5265968797748,7.917754502165245,0.9118874672817586,0.8888149532400883,0.9952488276429845,0.5653569619902188,0.5964483858897347,0.8845124618016329,0.759704315287762,0.9413043895326155,0.6544020432412124,0.4184680512582577,1.2488555537299868
164,0.24672174101207522,0.005253314974155324,0.010143252839167779,0.017986063100709687,0.5647715416107767,0.7232310826927935,96.40752654496183,6.0150014761856125,0.9056143934883141,0.8522223513730056,0.9943750884684579,0.573276362873664,0.46562937743488125,0.9511354372797476,0.820693447815219,0.887670513868068,0.636613373718367,0.28901250355938235,1.2520320986087738
165,0.4033848180536192,0.0026760424990558114,0.013592056408743555,0.0801809725172897,0.3128930415286728,1.0439428611727024,96.49760151024215,8.925499343844113,0.9054116921326302,0.8934047117205528,0.9871170119490418,0.5935200399001176,0.27171688562254115,0.9293160809409777,0.8644535359961102,0.9197606134385691,0.6440793008332841,0.26365793986535335,1.2419001268296261
166,0.06978839324460388,0.0050842863519437636,0.003661059790150919,0.2422961826686708,0.14537600421276808,0.8272901776325078,96.53422616559351,7.2195236971992545,0.9363920883826173,0.9053722947656857,0.9924494799076887,0.553484355081578,0.1328912364590325,0.9222321204572058,0.8623375945637636,0.9023527116201461,0.6215820998165534,0.371206512615343,1.2399766183736132
167,0.3606290223576612,0.005617063887720411,-0.00046981079976518656,0.2092597001308468,0.4739273614482157,0.4397668604358428,96.4904029414907,7.976138095041692,0.9203125130322555,0.9136265077597563,0.996581525664568,0.5151443388819721,0.37347504141064375,0.9127869188094303,0.8052969777507418,0.8966376837425994,0.7020373631778909,0.3692876709245946,1.2657335747940448
168,0.26186242728229964,0.004149062746575482,0.012867551100918893,0.18000293943542722,-0.0289239546331293,1.3100007227781714,96.50834957918882,4.497059245721322,0.9079971191448069,0.8771312304691972,1.0008542820835895,0.523111103359854,0.509305754947604,0.9222185530414536,0.9088026758344202,0.932299307010257,0.6153355532913647,0.1817570495011921,1.2323045222369573
169,-0.0031070049106579067,0.009540921272391284,0.013081244308322408,0.17612625302701268,0.44957226278633594,1.2252610112482443,96.50512255742123,8.281522116305577,0.9392160987395759,0.8808979501037181,0.9994034543971668,0.6738780746348494,0.49852124470945447,0.8587667767974085,0.9167184535562566,0.970661590495907,0.6784689385172271,0.2396811759128804,1.2144396482723328
170,0.07664525329753853,0.004666039644644755,0.005383922718633059,0.13070773029057098,0.17320679809544048,0.7042987741611149,96.51578392358164,7.762088536474192,0.9136643336236124,0.8490874975895262,0.9997526189096362,0.6155618275021056,0.388160050880901,0.9589917054716692,0.7514846296272194,0.8818269667129983,0.6345240263403524,0.23390594885048993,1.2578280681673644
171,0.043808007704122076,0.0013649166389323422,0.01267621461501597,0.17700030562381425,0.378283699521877,1.0972195020595878,96.4995688244312,6.118457769772391,0.925707656573306,0.8417423909838238,0.9877343610442539,0.5238230170513084,0.2804066746521521,0.9410352556701563,0.7266297521355736,0.9334119587130946,0.6536275053946607,0.48599824988615337,1.2674880049054968
172,0.3760695395205572,0.005660029066577097,0.00549137728929705,0.007876020736536926,0.3524617215406794,0.7531118828044159,96.43649422554016,8.069799937643033,0.908745125669654,0.8731077506685938,0.9843713234665352,0.5737223082891073,0.44808047937217443,0.9092650704665414,0.9393208860551083,0.8873484674103378,0.6519218446485745,0.1923697788393533,1.2588506680698266
173,0.14418887925267998,0.0017669111642501362,0.003045382490723233,0.07772391527730235,0.18809430508096725,0.7642968948993467,96.49548008884267,5.564222273185784,0.895702585997095,0.8931567926845834,0.9996270136046562,0.6119564004195713,0.4636513259082519,0.9338593214974741,0.7908884375048404,0.92530052684928,0.6984487834219588,0.2382917155554768,1.2308780438245002
174,0.12387192285707649,-0.001965620276082464,0.014218134612936355,0.06104934747202857,0.5211671122145738,0.9690971683517962,96.5253466815341,7.514367114421224,0.8899191070598412,0.8937448232407116,0.9880191772939456,0.547835451025866,0.3823787044362396,0.9278955064905187,0.8976218534700888,0.9137501105429493,0.6871828772613677,0.3364082267938553,1.255587735943475
175,0.18034048285120718,0.002835015966783798,0.005308634202141333,0.07960343700483696,0.3935760813828318,0.7859993561097574,96.47764364758905,8.356830864420697,0.899834881318575,0.9075232575773668,0.9889479252515445,0.6678797601233473,0.5235336781151548,0.9068303192878748,0.8042773959718903,0.8926334959991975,0.6142838841015811,0.2534394149758853,1.2779408193107518
176,0.013393835165944473,-0.0012370052357098794,0.009946555344236144,0.06467651947765315,0.5164874276114723,0.5922842291523982,96.48379898604121,7.528378200611974,0.8855346124602163,0.8799860989355454,0.9973040819868294,0.6092872404211463,0.3924629144527889,0.949592443966178,0.8002953226541243,0.9167661093386732,0.6282623376175689,0.4343784693422638,1.242093364236669
177,0.1658181780700617,0.0008587684502191022,0.013231457488286616,0.22906989697361912,0.2360381843314539,0.7830974629538963,96.52010256139697,7.399903269395893,0.9326591713314007,0.8765793898821969,0.9933190344391912,0.6795603682168686,0.21533576529087192,0.8734985258220199,0.7887158896895261,0.9327403033727091,0.6993074287926171,0.35902880111688074,1.2366534049822209
178,0.2513053518207484,0.007501721213225829,-0.004078567005915352,0.08438789155533685,0.021962585841470705,1.1387870683803152,96.47647735527055,9.038970316346246,0.9024999222679152,0.9123785265428209,0.9925475297892995,0.5400441397410394,0.16151959812303285,0.9058138669891398,0.9072486714299515,0.8745368770829639,0.6993259987756684,0.37728304361555387,1.2328652398879714
179,0.28196700091683413,0.006309346438132082,0.0019019622794693462,0.13087225769248287,0.4064065017532919,0.8586281613578712,96.51042848825439,7.898923046214535,0.902462106421615,0.8846122122674739,0.989076603719682,0.5654898421814044,0.6413340473638955,0.9100782577306553,0.8509272331910092,0.939367474412626,0.6439922421288067,0.2182120600581336,1.2649040918132997
180,0.46593961400898054,0.00608048619957097,0.012803141654020862,0.3259466778020489,0.5795257269503725,0.5247932916935254,96.49999758369361,9.283447660492877,0.9007452459507959,0.9163368403406907,0.9985954090247496,0.7301628280549736,0.4126327886652636,0.8983861695353944,0.9143946356876995,0.8882126150913664,0.7554800158482629,0.3450535405223451,1.308491530071496
181,-0.006924004492696895,0.009089429706169048,0.01311731889921599,-0.02479284052141062,0.30081375852854897,1.0628635286800407,96.53017518766998,4.815290844879733,0.9283691501831444,0.9234104318111543,1.002464311816866,0.5785361905931021,0.4033585609946178,0.8559826033846538,0.885400846242036,0.9602058444129512,0.5786019435131058,0.38640777086013595,1.2519781295173174
182,0.2585713535672146,0.006167988609026666,0.0055442715456920436,0.016685112831845858,-0.01039934487408134,0.5787736519756101,96.52134576747748,5.47035116258175,0.9038010591576158,0.8561894494143603,0.9920521916569582,0.675644194376102,0.5110576831934381,0.858797891466083,0.861770994715956,0.956278662985753,0.7376331823934936,0.3324697295593988,1.2183694257358817
183,-0.009985725087423236,0.005978514137392253,0.010562813813495685,0.1323408240594283,0.3531872091397912,1.4069988440526022,96.53327970679116,6.941828478817789,0.9125438692559025,0.8652171724079591,0.9849658966620974,0.511960791266372,0.5392717423820937,0.9319380208746877,1.0459464301641777,0.9136798882426743,0.6827375635171713,0.33878467342996865,1.2603786682367129
184,0.18814742975441112,0.0050002580568346555,0.005900705830270244,0.10228377238998983,0.5791167131924975,1.2477655130705865,96.5221037176413,6.864872290150214,0.8794440657865487,0.8819717095039213,0.9850672893250504,0.5855436044487989,0.6819532561765973,0.8862761237428071,0.9760004239099751,0.909746018121732,0.6605139243916343,0.2502947803441634,1.2528409576527686
185,0.2956144584768766,0.006362584660996873,0.007512945003415812,0.03878478234532186,0.45639351329247957,1.3864574992885583,96.50453381753384,8.254557909937692,0.9214381518004586,0.8719389900069401,0.9949418248458893,0.5757971794615937,0.3309367769028927,0.9428726176980274,0.7968760719594093,0.8837183367104252,0.6499695050439547,0.30353560526413315,1.257142336170453
186,0.23051929111667635,-3.665090386030046e-05,0.005732952062849778,0.11694108040981036,0.1889349147647576,0.7413794829143937,96.5008455928806,7.781753431310629,0.8994113139693083,0.8704413025658033,0.9843500240879219,0.6377659325474107,0.4025889732367907,0.9055409777925328,0.868357040529156,0.9112252670696132,0.7258787483290573,0.440478555974113,1.2027237089915612
187,0.12478989533236792,0.0009166548260726493,0.005656587138420453,0.07675854852549308,0.29293844123716967,0.5239312067645971,96.53277906812207,5.183050415717278,0.9200527408343099,0.90856199792487,0.9893019733795875,0.5052550192183882,0.4202352980933447,0.9669823041909544,0.9064045360940278,0.9106849541270444,0.6332431877605428,0.37868439898874834,1.2935463430861631
188,0.11825820843955463,0.0026444862839477,0.011177729938738926,0.1305504387477865,-0.12818896144649933,1.4828505469483977,95.06772489027067,9.96882967652266,0.9469900096819812,0.8511160605249423,0.9905024370610758,0.5809249348374135,0.4650526389315898,0.9594673598301273,0.9029865358095016,0.9057698203065034,0.6337761954976693,0.4894410287444596,1.2370173689262927
189,0.16683746329758803,0.00803910431235415,0.0026898689193630854,0.24053760541003733,0.09379071934630198,1.1219346300766213,96.51834473232701,8.517666161532452,0.9036635896918348,0.9168225834064228,0.9865472946583049,0.5657945464658045,0.10064252918474736,0.9415436792884856,0.8924879773558764,0.9325127117591336,0.581351198143679,0.464415915733446,1.2740014404534659
190,0.2631521134980711,0.004852941678669086,0.013873280646064138,0.28880848332079245,0.6904068662906445,0.7220707019245448,96.49432834021735,5.625871379406344,0.948672293652738,0.8352022064625886,0.9893633131195295,0.7007552332508151,0.6038580198654809,0.8480638459476497,0.9655079353238736,0.9306348391394212,0.6123696157781807,0.24033907717248632,1.2543693464360077
191,0.03457381082149466,0.0030148950637736587,0.00029434024058132714,0.29793173736701206,-0.04947234496819525,1.0087748181574656,96.51768019742323,5.850678318476883,0.8949543063023429,0.8494455183238542,0.9898669920778582,0.5917392643987345,0.5588196276403619,0.9580684250190916,0.9911750505908862,0.9059410865588805,0.6987958888768547,0.3929972095656745,1.25324698297476
192,0.10113113741452738,0.008738441212598914,0.003389800467153498,0.3313885122937298,0.5307042140730073,0.7868746832448124,96.52235431666226,7.334210434446204,0.9046439461802055,0.8932328963267019,0.9943402265296767,0.5934088729779412,0.30797941816558183,0.8945367607957467,0.981796705269853,0.9247883634919305,0.5969031937421009,0.29891594023169593,1.252525241392149
193,0.19462936628389527,0.006464029176400214,0.007814783979160238,0.2675602174669115,0.2765520794066112,0.5917926447063282,96.52267287948018,6.187576066396377,0.9144479980105499,0.8538481214275242,0.99432901758382,0.685253399957321,0.3606172840984217,0.95311186850991,0.9027901604579736,0.8918771567954018,0.6329534575194201,0.32162848615815204,1.280419616559551
194,0.33224111122774835,0.0003126895354659733,-0.0021469050210358937,0.08588574367145535,0.2037814849236836,0.994906847468998,96.52692019726166,9.071176516635767,0.9177738089077551,0.8686330994653316,0.9962506899546242,0.5299914337543569,0.35156872547903756,0.9190294271355828,0.8317250272249755,0.8979874312594575,0.6918534304504809,0.40320523958834653,1.2230966499508533
195,0.2674094617040287,0.002770890797352045,0.002458340808341385,0.23859329650684824,0.41530227181191803,1.3241795769749372,96.39759376189248,9.794975439118343,0.9311181309046865,0.8319511214465758,0.9942848538503795,0.5794857289744503,0.2865122418351148,0.8924086362733772,0.7074604243385172,0.9256629484953651,0.6150280569195995,0.3361871001379837,1.2565818782062579
196,-0.05118946217310913,0.007940669543072059,0.0048849270220285785,0.007577866406752176,-0.004842943933894006,1.1582564868510226,96.52705640454202,6.472391755728864,0.9308190261096938,0.8722071476459845,0.9939937133172114,0.5014455219313508,0.4419312932566209,0.8813521926160013,0.9100242002032818,0.8731372647954048,0.6455239516326512,0.27760887755910285,1.2945740618603352
197,-0.05893474738910576,0.003157600290168326,0.011556814582571281,0.005048932515687665,0.6709513890772711,0.9078805022940988,96.52983872492197,6.137498584553921,0.9136141271425275,0.8895520586123531,1.001960996100508,0.575316201708147,0.4416172098574728,0.9274639552255987,0.9906888695970673,0.8943359124540192,0.6282100792717206,0.3088793098441861,1.2926711704321752
198,0.1924620373322331,-0.002011669791750764,0.01710177177782853,0.27963645872827225,-0.021864421485723984,0.5704917988356555,96.04947676098737,8.211795785928974,0.9376589498008477,0.9094795816059591,0.9974403553002357,0.5933977191734605,0.5254683106185531,0.8739115238518526,0.8994206151368763,0.8581628183614337,0.5923518647665323,0.3130027189432698,1.2763287817988163
199,0.16616815641261554,0.005920745177168015,0.006867465761629441,0.01386458260096829,0.08096683078818326,1.4039751204366153,96.52211322697914,7.3045221714703406,0.9206403277521001,0.9480130024882123,0.9895632791329347,0.657090934394466,0.5039943567159169,0.8879023339432103,0.7495624363404774,0.8856826193473584,0.6474898543238727,0.4359265215759913,1.2710409346834268
200,0.3499084185081991,0.008567248283857505,-0.0005361175287212959,0.2011839858920983,0.4133635997758106,0.6223412458109107,96.43217223148793,6.418572412434601,0.927322236195672,0.9203511637644505,0.9870112504377749,0.669571652796372,0.5407306035063247,0.9715054924016859,0.8420259296650247,0.9241206928015905,0.5793159073591233,0.3522208954134943,1.2831935069364293
201,0.19363812115785978,0.004308007330999866,0.003741763701408539,0.06633219124392163,0.3006926707367031,0.422406544579521,96.51834389326778,7.718650530102607,0.9382031135376887,0.8532237219464173,0.9864838063473399,0.6149684764572592,0.325061118381185,0.8936237269735041,1.0052750236635573,0.909020408293016,0.662734510103267,0.21263328515091356,1.2730457297928013
202,0.20845556879219562,0.0020636515193622976,0.00471652367859955,0.01714375775137758,0.5261750358975597,1.1390031846463191,96.4967772743998,7.678164558935686,0.9253190263393302,0.8963811214306235,1.002714455730664,0.49676971376996415,0.6088089492778357,0.9101196393349565,0.8110347094378391,0.9289082735856993,0.6011781046693989,0.2498178608434682,1.2250790312803306
203,0.2842595343131846,0.0004107374684863695,0.004973544114580402,0.10777724654858381,0.3202097592478297,0.7591056363525601,96.53384271552909,9.29203854797845,0.9151928712069408,0.8465065986793904,1.0003038181875126,0.5491379363145926,0.5934545691107327,0.9105771654190745,0.8563326838325078,0.9047827445422614,0.6296620629913936,0.3454970299031227,1.2347192376690281
204,0.17761065279745794,0.008621971496775554,0.010937026354593676,0.1868589711340615,0.52918227520936,0.5275499641526218,96.53052283787427,5.370623696610672,0.887448058531029,0.8788291031396599,0.9901916207466911,0.5587665076402927,0.5515081040194999,0.9589932927653277,0.7986036207491569,0.9446283989750562,0.589319828752325,0.26254749044849324,1.227411210754884
205,0.31057590598607854,0.007656972676095249,-0.0011111626898658257,0.26030513478096773,0.17474877553127743,0.9267010147988074,96.52784623895627,5.579854278116148,0.9370933101115946,0.8951080620992437,0.9960380123041548,0.6435069877186345,0.47422616347131874,0.8832538655636946,0.8911020722821034,0.8992200750156301,0.6157969407561075,0.3417184715633311,1.2393116926133068
206,0.12771041856693918,0.007754723187561641,0.01121551909370454,0.08337582614966316,0.30342291511917246,1.1060578740583358,96.52851916445228,7.184590957666307,0.9194222136194816,0.8289049325837763,0.9961371388920178,0.6093298495784315,0.40647730399422266,0.9092606714701358,0.9390825282935369,0.9320313134084792,0.6871601351850742,0.2759588207207036,1.2819555143640853
207,0.11013755425044863,0.004943467011150323,0.010212614893259373,0.04392184145965036,-0.15002226650782124,1.1707662604984264,96.48676366195873,7.963372504669055,0.8935769418536769,0.9172632888546545,0.9970925244196704,0.5979045094526887,0.5838219817451101,0.9322292150016723,0.8965835397398935,0.8931185610562528,0.6246856687710308,0.3273468363672936,1.2531268252229169
208,0.10557439849011067,0.003173495313335234,0.006532361625361971,0.28734980798817245,0.1106148422207677,0.8882437495078985,96.49112565116721,7.071383174797768,0.9304572980813124,0.8840543034771946,0.9926189704954919,0.6685236248032147,0.48396425138945265,0.8896956323278243,0.9953460604399964,0.8887168383848221,0.6704842626175392,0.4102846491834249,1.2461689289445474
209,0.19881572508678882,0.002126666534607509,0.0004179227263515382,0.26251321360773006,0.6987440821984028,1.3954831013683768,96.39037841195659,5.906945979326096,0.9167754646067637,0.9014984469442612,0.9976981207528767,0.5912265700131126,0.7233133677691967,0.9215374671462707,0.7229670165493377,0.8678074573159845,0.6311222460056354,0.34677174680026784,1.2908632050641717
210,0.3684390428635113,0.008357877627950677,0.003454974706413915,0.10331255256268616,0.1919212735475535,1.0195887076887766,96.45441792895286,7.8658601550389875,0.9212359898199128,0.8693725794098917,0.9977024288863943,0.5879001562500166,0.4111008223809006,0.8785728692672031,0.8378683865991945,0.8738990553318063,0.7233747302125803,0.18858116317932663,1.2501092266486635
211,0.11184245554767198,0.007149984930337162,0.013120272236960747,0.09097832916423126,0.1326407338250717,1.0872873606186721,96.47161221021531,7.207763695287476,0.9047093862364098,0.9029680904628962,0.9885854579178526,0.5566576074425859,0.5258994570696411,0.8959363825057926,0.9516591342522421,0.9125264112358623,0.6135562765976441,0.3152757530123852,1.2515334599983854
212,0.19438055083158398,0.007577533120254654,0.007888270247298879,0.1013056905243824,0.7028878923084133,0.6131674262278756,96.53042690543656,8.585506294488946,0.8777519167451177,0.826935588628184,0.9916560187134821,0.6604424329543842,0.3136817681696403,0.9490591550678037,0.7796932739664482,0.9089260582119014,0.5664921074429874,0.21661184602368388,1.281444476439194
213,0.08294284239476957,0.005449074476183895,0.003236698624375236,-0.02336249606579749,0.2564830383507466,0.7577115479562467,96.53317174783794,5.206793493418705,0.9201758661715989,0.8985693153552402,0.9978174645827903,0.528728882122161,0.3609504943092292,0.8885942663450597,0.7523628101816299,0.8900987664275903,0.6175106230932784,0.4325220967990788,1.2932726331790287
214,0.2795841761473441,0.0019938921644876324,0.013485745295377143,0.12311748972634487,0.4084580934923048,1.1022678875883103,95.84375398346037,5.094546884057329,0.8905152179620586,0.8563397486262807,0.9825615022748929,0.5128660596010308,0.3937134651874946,0.9202395238942579,0.8769868356337693,0.9067877908130656,0.7065591619901592,0.32290688376924065,1.26535820802515
215,0.32280697617480747,0.006683316158691834,0.00785626503244292,0.2208003887262701,0.5072263457850055,1.1326136903645865,96.47676850882056,6.111344928383968,0.8942279142494913,0.8772559295133467,1.000272397757043,0.6329968614914825,0.41299715450798463,0.9268186089643847,1.0190747763871397,0.8923042732732257,0.5893726289542415,0.4226305192012315,1.2676551063549049
216,0.16544379481341173,0.0040087740114816296,0.006245224324206447,0.0956065945538461,0.6140252885286959,1.1945207443562904,96.51252921285972,8.681662640747392,0.9210684205903301,0.9175298572235271,0.9945777473924386,0.5151651915179196,0.5351563309150674,0.933117217620629,0.915546920497106,0.8403728847176433,0.602796086888699,0.4611666199643613,1.2551268185981743
217,0.05921120891273801,-0.0009726134747272742,0.007449445641338133,0.2962096524399382,0.6181358103250644,0.9122647976768397,96.46654932687012,8.608622779223975,0.9388427273276548,0.8725292978058984,1.0005498643759663,0.695072930629942,0.29721938715098567,0.9129081910037118,1.0089132709298243,0.8678701860134607,0.613440251915168,0.34034756786810777,1.238066648724997
218,0.35889430393298644,0.004114163980274567,0.012328646110143136,0.06727433478399047,0.2466192417384812,1.006962848361846,96.49966335843688,6.404223672684816,0.8968299326575933,0.8516972996472753,0.9931528294631742,0.6721176855269696,0.5301350849975426,0.9161538851316099,0.9823874582022096,0.8827975061338698,0.6228970654045486,0.3502543111422885,1.270736152429577
219,0.19886145876690828,0.008182852573079125,0.002902577077822023,0.20815656154026396,-0.04176466460213529,0.6415611395740131,96.53373307845742,4.17463417252977,0.9018981885540005,0.8383480606977716,0.9949026512406175,0.6653659463874768,0.5187415154266893,0.9290865800916416,0.7993521745509823,0.9572814889137498,0.7264109740468034,0.24141327898210996,1.274821089258145
220,0.15672394210660767,0.009054562205603092,0.011805370291257972,-0.01242436333604996,0.21827326334360092,1.1326513397741627,96.52138855949781,7.741110630245855,0.9180196738169006,0.8523644257266172,0.9885103244042835,0.5578092116625848,0.5382527850286518,0.9243792576944061,0.9732828514248054,0.9181576244177784,0.6088506675042287,0.2856731544574032,1.227688001811032
221,0.059610871437528815,0.0005001860596455174,0.0001577599028284851,0.032925515577132,0.5126155961407177,1.2561593623852345,96.50704931708123,6.601598702982037,0.9134453406430852,0.8539330199793704,0.9873156828006938,0.620902151864808,0.5409389735462236,0.9142651901660588,1.0841059445549335,0.9439389996993106,0.642272990880782,0.3403067557126416,1.2670943454227543
222,0.24974318786678656,0.005677811534220069,0.0046023111430172434,0.21044958345279297,0.24191905327126598,0.7881271536033808,96.53353645891308,8.893053841718178,0.8791709670760458,0.8752241512983066,0.9934938032887437,0.5550955398281286,0.6806119804481175,0.9277037897279484,0.7809737226829714,0.9030168288943494,0.7046669132682948,0.3940301194812813,1.2275546537992805
223,0.13190164931638748,0.00439573833621483,0.010866169540739996,0.09613346779212185,0.1675237845757298,1.0545450971912995,96.49838519155544,5.926373812753233,0.8837666754079955,0.9195635494365744,0.9976538879301852,0.5643248039647965,0.23384060089348657,0.9003629813447382,0.9196805022975844,0.8770077937814482,0.6475025728072145,0.21386250345639224,1.2112919422289103
224,0.17263289763073233,0.00823505570305146,0.0008176409344398394,0.3260195723828882,0.4009387544343401,1.1370143437666602,96.52022002968805,5.628543845638657,0.937183258074,0.9302088247372116,0.9867660825202534,0.601942608393714,0.4485712697480899,0.9158746032490297,0.9866526566553584,0.9122105226521706,0.6532094247341287,0.4096384304169945,1.282978876950358
225,0.1026676892858176,0.0076227569616879876,0.0023938463342617284,0.03417276779898855,0.33623470114513965,0.47628280640788684,96.42892171606212,7.239263494963739,0.9368106249172894,0.877853137186235,0.9947509881657179,0.655066298912243,0.282310095500651,0.9030629643769608,0.8332303705051957,0.8542211357804166,0.6290591081857859,0.34076946745143843,1.2889991613804086
226,0.18875725288282988,0.0032222656538505577,-0.0031483741616550103,0.12644453460025637,0.29234311960769066,1.175878314640757,96.1813024740923,5.896890458030007,0.9037980194653026,0.8624015971948141,0.988951367675812,0.6126174355322787,0.3234657965484154,0.8926986515331417,0.9598440701621057,0.944047317373645,0.6946740155696065,0.1760769950664584,1.2391367748246016
227,0.10769509522605578,0.003974309788894999,0.010728757700468971,0.1795726614258143,0.602101655647661,0.9892817011144375,96.41929435054956,6.485618662154314,0.9167119065596494,0.9011786682456551,0.9982088698445495,0.562106276027562,0.3652302989813224,0.8905733279807221,0.763615691578713,0.9055659505169875,0.5504254438512819,0.27095884803088,1.2365301882656883
228,0.2253390068535142,0.003548681331280995,0.0045685689200792075,0.1513307980977406,0.270457364514246,1.469641489612095,96.40800285091349,7.301765961705699,0.9209275864142187,0.8792009094001908,0.9821347002869121,0.6582091355298769,0.5400327908665175,0.9347807895577311,0.9772656561653054,0.9423226326819439,0.618688501080869,0.23934843425466068,1.2605965969472406
229,0.06443822211782885,0.003535713816234448,0.007667720055622916,0.24404157188153702,-0.12798136148410572,0.9223466861282361,96.45407587247672,6.144148838295766,0.9192594608473728,0.8271072155850794,0.9998981831570809,0.6371407240619931,0.4914962169960754,0.8827763083093301,0.931253131955134,0.8877454803504286,0.7017033257828933,0.1771331074511222,1.298817096492162
230,-0.03206634395382152,0.002380219703555863,0.012070452027692507,0.10887458384034555,0.24458425427412442,0.664832261270657,96.50586792169672,6.0176800581784216,0.907823826889638,0.8435790279172272,0.9929876105710148,0.588567725324237,0.24019258538161808,0.8765227193855056,0.7871161677787728,0.8729377058222596,0.6493382564943303,0.1977274614693601,1.2212129659892093
231,0.2621982708708209,0.0018174207090682472,0.004413691004203907,0.029604785471036635,0.14063905768356397,0.9962510720352147,96.5314108422175,7.819127267562496,0.8833944090573328,0.9120424166414056,0.996573956204365,0.5668150669668303,0.6360227265164768,0.9184864961244144,0.8846853453977088,0.8560550590866645,0.6021140270516133,0.3859892325719926,1.2994670200747538
232,0.16376647894084884,0.005399427430342208,0.00980830770486063,0.18168567191855697,0.2752428897359821,0.8044825006939142,96.5312774318012,9.067494465505042,0.8987169996470488,0.9255268419219718,0.979458693547993,0.5684486951876149,0.277960145213647,0.8694716871230311,0.8039946939143634,0.860368294752697,0.7038253055990593,0.37821465525165154,1.301580552605866
233,0.31903034705899513,0.005155399398432498,0.003365775765621873,0.03274301788642231,-0.08350661462260883,1.4495350171662482,96.48564995068482,5.382986978936465,0.9011645091328921,0.8473489047596061,1.0040883279362265,0.6933765727630906,0.6361858525541495,0.8799943069826344,0.7357116561249775,0.9246528853903826,0.6877819596816682,0.32382857389057035,1.2439311935888473
234,0.3693791605504151,0.00910069878296046,0.005623385041608248,0.023107312774927835,0.2843638824116604,1.0381383716392496,96.44764560228617,8.062526905716089,0.8939721111406177,0.8580602491381975,0.9899932835647167,0.6479940555717327,0.2991200479605803,0.8916803457963892,0.951269099493897,0.9266911148972985,0.6091876821303696,0.36418971593312677,1.2874304494558555
235,0.15566075686066477,0.0015229037212533807,0.010445899629671677,0.1630913291190061,0.563281348950395,0.6701725487303494,96.52961973046506,8.42345026736148,0.9057693883898936,0.8934124050444305,0.9994415435105606,0.6111452966051304,0.4594247745101586,0.9275698177340209,0.8299130744029604,0.9203831032406368,0.626631749801608,0.35577445168501787,1.2826916329148685
236,0.27912354556410046,0.002160685301355988,0.013034482524334092,0.1041166630253699,0.46936925540915586,0.8293713785723827,96.50456178617456,5.935798502437036,0.9301620811208872,0.9150591050469971,0.9941081486698893,0.6651007147780585,0.5034835883013902,0.9163678298069112,0.8476751233472445,0.9307294304191629,0.6056878397410745,0.2870380965807346,1.2993819316999442
237,0.033338749461033684,0.006480073469186047,0.0074372701898948,0.1327581983454697,0.3309581976696181,1.214831107828825,96.41621388445941,7.237690351818491,0.9185169904627517,0.8583216550455725,0.9953510191504013,0.6257394210734126,0.31296642799305274,0.8691628030259312,1.0441269802591382,0.9400942960208077,0.6333188987485174,0.22237277781486384,1.2642537003265295
238,0.08569057952480537,0.0046856867618958785,0.006697429856739382,0.21575299751328542,-0.06342121190859135,1.1344343638814716,96.52501245627737,9.952097682432306,0.9235267910949146,0.910695862749401,0.9905764439487916,0.6875962076162552,0.589551938586901,0.9218501465924619,1.0110817744076679,0.9212091939201147,0.5978592223586365,0.3652582358881241,1.2317179996705143
239,0.09768455340539116,-0.0007464333243782681,0.010255295146393544,0.08889391979533495,0.40935530926215247,1.276046148362445,96.42524719604283,8.064909993538429,0.8804280655721216,0.9331463174754212,0.9975397613855228,0.6116236067668199,0.3363910393913239,0.9315493706300381,0.7795521667452627,0.8972222931784747,0.5893255093093465,0.41086964893532285,1.2405113240615993
240,0.08581168074177889,0.004513440680844082,0.004235082589890851,0.015458588542578422,0.37400100198825525,1.3625505569595024,96.49540765006319,5.245770143337034,0.8950814100149327,0.9304011679078301,0.9977185957711097,0.6768255454642862,0.3911600197092364,0.9546259470881213,0.8976696742649095,0.8564622998230812,0.612239173357688,0.37040819016302,1.2286976875581754
241,0.1467029284008197,0.00028554652443706736,0.00505979356194175,0.24830323842515145,0.21518368508667518,0.8787315991314807,96.41269906537869,5.962131332223879,0.9294079263385482,0.8961335383813012,1.0005017170191262,0.5504570033807991,0.4242807606304756,0.9336833361145984,0.7823491774760007,0.9204580819047462,0.6969393034144459,0.47234269675032203,1.2760616342477813
242,0.23584331562118904,0.004737202692779238,0.006645950873259822,0.023422168359393272,0.2506379570069107,1.2775218537546902,96.51264024836343,8.51750121765533,0.947022486720423,0.84056184175364,0.9908300014996693,0.5998253094059488,0.5330880299854799,0.9002253851463207,0.9356424607341457,0.9021914883060563,0.557915419054554,0.331251351469966,1.2982935585071493
243,0.2834262430907576,0.00517640620749518,0.0033452534603376285,-0.0359228124742863,-0.07475281620834667,1.2191391956135615,96.52288600052256,10.310742590256703,0.9279889147002411,0.8854102620324715,0.9800995549714615,0.5638514550040414,0.2924281272789842,0.8527655118707732,0.9828193776682965,0.918648891203168,0.5982478542335194,0.28960909204447854,1.2131230571561311
244,0.0560105182061509,0.004306931825012555,0.006061355870642859,0.11178984910080744,-0.031785650631130646,1.2322053366566166,96.46900385478071,6.445167614401904,0.9145848294350091,0.8921414908129842,0.9974448225483917,0.5701055397046418,0.3964996849631951,0.9210539424567559,0.7707610319758939,0.9147645060869066,0.6352000394209861,0.3461340273757825,1.27149694941648
245,0.41041775035685846,0.010188551529593259,0.008740596962488353,0.02488259128824198,0.5156906528582659,1.2583742511854927,96.53327383337661,4.532429655718236,0.9173488362424902,0.8767368651052211,0.9824442567692743,0.511502774461545,0.2961136691353502,0.9265380107187521,0.9796255916167623,0.9462826000679697,0.7218195119954229,0.3787761337505696,1.2674449951534348
246,0.33861231406289083,0.004915616682723209,0.010968168238272373,0.08462500613230808,0.640030409842496,1.2298904821826562,96.49331251918599,7.2989964304825525,0.9084066519065502,0.88135948494636,0.9856216892148161,0.6637348264486495,0.6084007601596902,0.9606871253885512,0.796643479529977,0.9346026515717,0.5824201114562447,0.26215331100246064,1.2640591902201217
247,0.2295108185432624,0.0007858062840451325,0.010610552279392088,0.13049972355027012,0.5546864765319339,1.0935706251439024,96.44184742337615,8.2749276310332,0.9100247519770465,0.8998348958727356,0.9837311696844852,0.612773970404121,0.5891711563971279,0.895373247149247,0.8849261582657368,0.8895151705132186,0.5944410632829896,0.31715417204224,1.2604668371756558
248,0.1388524941564903,0.004798823073886332,0.008531242402708951,0.2646986817822548,0.2979435288550955,0.5138782951055494,96.50419399854896,4.84283780450512,0.9001556996386735,0.9168193811633175,0.9985201001710363,0.6538921879460329,0.3751511846630114,0.916426787091543,0.8566162392165577,0.879432166453965,0.6939405210872888,0.40376368026399906,1.2326237007326104
249,0.3532558785138171,0.0034328738357832884,-0.001586833689302303,0.23356895734927233,0.49654113388864884,1.2148973621346424,96.4978098766156,6.3091802131802766,0.9410685280946278,0.8860702986157899,0.9949146182054716,0.6889039309208169,0.2516112790449275,0.8739207621794176,0.944263277983239,0.9441827954751929,0.7175225258916075,0.23880749544144342,1.2172609069286935
