,AS%,SrAc%,HAc%,MAc%,SlAc%,N%,MAl%,SlAl%,Zn %,Fe %,Cu %,Mn %,B %,S %,N,OC,P,K,Arhar
0,1.2999999999999998,0.0,0.02,0.17,1.07,1.63,83.05,12.76,0.86,0.8,0.98,0.35,0.010000000000000009,0.96,1.0,0.91,0.82,0.57,1.0
1,0.9,0.01,0.04,1.29,1.7,0.4,83.11,12.55,0.94,0.87,0.99,0.67,0.44,0.95,0.56,0.61,0.84,0.75,1.0421589550699988
2,0.03,0.0,0.0,0.010000000000000009,0.030000000000000027,1.7800000000000002,89.27,8.88,0.97,0.83,1.0,0.87,0.0,0.96,0.94,0.9,0.64,0.13,1.0417871607499989
3,0.0,0.0,0.0,0.010000000000000009,0.0,0.020000000000000018,99.65,0.3200000000000003,0.99,0.92,1.0,0.58,0.0,1.0,1.0,0.93,0.55,0.12,1.0125737688399987
4,0.53,0.02,0.01,0.010000000000000009,0.0,0.63,96.78,2.04,0.79,0.72,0.99,0.65,0.10999999999999999,0.93,1.0,0.81,0.55,0.32,1.0209541819499992
5,0.0,0.0,0.0,0.0,0.0,0.4,95.96,3.63,0.84,0.81,1.0,0.53,0.0,0.99,1.0,0.92,0.62,0.24,1.0134138554299987
6,0.03,0.0,0.0,0.0,0.0,0.99,93.21,5.77,0.97,0.97,1.0,0.61,1.0,0.95,1.0,0.91,0.58,0.11000000000000001,0.988979475899999
7,0.01999999999999999,0.01,0.01,0.28,0.15,2.72,90.04,6.78,0.94,0.97,1.0,0.55,0.7,0.95,0.48,0.98,0.59,0.38,1.025555214719999
8,0.0,0.0,0.0,0.0,0.0,0.51,98.65,0.8399999999999999,0.84,0.93,1.0,0.51,0.0,0.86,1.0,0.91,0.56,0.49,1.0001256304999997
9,0.0,0.0,0.0,0.0,0.010000000000000009,0.22999999999999998,90.49,9.27,0.97,0.97,1.0,0.78,0.0,0.85,1.0,0.96,0.82,0.47,1.025
10,0.2,0.0,0.01,0.11,0.17,0.20999999999999996,86.67,12.64,0.88,0.93,0.98,0.47,0.0,0.78,1.0,0.79,0.64,0.13,0.9777078643999996
11,0.0,0.0,0.0,0.030000000000000013,2.21,0.59,90.74,6.42,0.89,0.87,1.0,0.31,1.0,0.83,1.0,0.9,0.81,0.79,1.071428571
12,0.010000000000000009,0.0,0.0,0.13,0.3,0.74,95.03,3.79,0.94,0.89,1.0,0.72,0.33,0.95,0.6,0.93,0.69,0.09000000000000002,1.041005373449999
13,0.5,0.0,0.0,0.24,0.37,0.57,87.17,11.15,0.91,0.89,0.99,0.35,0.02999999999999997,0.9,1.0,0.98,0.78,0.39,1.0
14,0.04000000000000001,0.03,0.06,0.7,0.16,0.31000000000000005,92.87,5.84,0.89,0.88,1.0,0.47,1.0,0.96,1.0,0.87,0.61,0.08000000000000002,1.0446311860099988
15,0.03,0.0,0.0,0.010000000000000009,0.010000000000000009,1.36,86.55,12.05,0.94,0.9,1.0,0.7,1.0,0.91,0.94,0.97,0.91,0.24,0.9553448604399992
16,0.03,0.0,0.0,0.0,0.0,1.0,94.25,4.71,0.91,0.99,1.0,0.65,0.67,0.99,1.0,0.98,0.61,0.22,0.9811339832199992
17,0.08,0.01,0.01,0.030000000000000013,0.0,0.17000000000000015,93.88,5.82,0.92,0.91,1.0,0.61,0.59,0.95,1.0,0.93,0.59,0.34,1.0109948687099992
18,0.010000000000000009,0.0,0.0,0.0,0.0,1.5,96.66,1.83,0.96,0.68,0.92,0.87,1.0,0.7,1.0,0.92,0.65,0.51,1.0
19,0.0,0.0,0.0,0.09,0.12,2.32,95.76,1.71,0.86,0.91,1.0,0.63,0.10999999999999999,0.83,0.07999999999999996,0.93,0.32,0.36,1.0
20,0.01999999999999999,0.0,0.0,0.0,0.010000000000000009,1.44,91.96,6.57,0.96,0.91,1.0,0.67,0.010000000000000009,0.96,1.0,0.95,0.55,0.06,1.1
21,0.0,0.0,0.0,0.0,0.0,1.12,88.83,10.05,0.91,0.97,1.0,0.52,1.0,0.82,1.0,0.93,0.59,0.3,0.85
0,0.09496750393871153,0.004946764649100152,0.010615851779395793,0.06568066665092968,0.34109494560282816,0.9475765001013642,96.08491386785327,8.02376666894638,0.9081637763893103,0.8794243541495701,0.9965631207068456,0.6137804004617733,0.19324076394262735,0.9057615689699535,0.9601831778198888,0.8860871837535551,0.6523855301015804,0.290975284300841,1.0060655363941535
1,0.25023179777946036,0.004011560426722782,0.01066811432453581,0.2033551805293838,0.41383403206764163,0.9687292995410296,96.53319859773305,7.589900086903814,0.9023006328275595,0.8903305103414108,0.9918560187481094,0.5562578098957296,0.6561771238752824,0.9008169885218074,0.8721044508457793,0.9215912476726301,0.6083940833057304,0.18787248776666304,1.0222760486375024
2,0.1813216328152594,0.003466421984100712,0.013295941107832446,-0.007529463406363263,0.5670733274643034,1.3145087419103125,96.504608773491,6.490785208179146,0.8942114977442135,0.9031026557816022,0.99630136168614,0.6824717107472664,0.38662558048997947,0.9005805653084605,0.923307837382032,0.9033292400455628,0.642926336812106,0.336821270747327,1.0285812640033398
3,0.06681958072158456,0.003456634456072822,0.011465769466484584,0.07486907270603714,0.44670865244441904,0.937391058615699,96.53070519341183,5.859895920033022,0.9380130770507414,0.865976134837496,0.98622329538208,0.625127703077441,0.29188688880879643,0.9212789250886166,0.8073271204280583,0.8812399988905477,0.6603947775860993,0.28416022471118413,1.0175511143683311
4,0.0666687285582518,0.007365454139912239,-0.0008181979173972872,0.238491602621147,0.43978962859533116,0.7004016491557352,96.50069456222064,6.613653067970276,0.9086729619966821,0.8990717214624452,1.0033407885221095,0.5524703041402312,0.43083230786146487,0.9023564347909951,1.0076702395057162,0.947552393894492,0.6503698972299564,0.3783158222671924,1.021684950872267
5,0.055251512714263526,0.00420410849952134,0.011865649135763524,0.0696558490241115,0.5236605274391248,0.44377500792428887,96.5130790763365,6.687965970360259,0.9057807655682002,0.8714523462362636,0.9896628924859747,0.6635412322758167,0.22355988158833462,0.915865481531854,1.0213884242528282,0.8877100022251073,0.6682139531761715,0.2886668917816076,1.0220550947679756
6,0.2742813601374468,0.007216160049593663,0.0002164372513226787,0.22104876358822023,0.13746683028689688,0.9433592996682579,96.36674043555604,7.726603561934137,0.9251146991197079,0.9035178416514529,0.9957069622605119,0.6151014560758377,0.3968514287062714,0.9406200461039839,0.9777355235638302,0.8602196871622495,0.720151595655387,0.2818398934215038,0.9989314527728558
7,0.36556588747295093,0.0038895395870139184,0.001809804573665634,0.0026204043337227922,0.18289303266251444,0.8661200097962832,96.52785602798053,4.572476624275341,0.9038974618230722,0.8755545120948722,0.994305080906244,0.6029790321932488,0.2049971367582413,0.9233585083608372,0.8580008260375461,0.9163947450707647,0.6679929215512705,0.354637327554607,1.018351798546426
8,0.22521449985572028,0.0047448508268619575,0.008047063936251379,0.19767765025663908,0.24629160089107055,0.7560164914780367,96.39339371111384,6.454653855279208,0.922801435230456,0.8783429280910959,0.9922930436553363,0.5658669906201005,0.2797592004789037,0.9278235816664662,0.7331706792052174,0.8736520874285261,0.6689177884818394,0.40173146400866117,1.0298506504360723
9,0.09671656838782851,0.006589680370892262,0.009759252222193518,0.20893623718454352,0.007065994585048585,1.1397112748350442,96.53441886952815,9.269167056975741,0.9208973937881264,0.8992279036998189,1.0011089900751757,0.6673513442049193,0.3379105310898038,0.9051865376132372,0.9476884051576653,0.8528871953008533,0.6939066679843684,0.4928627178585314,1.027641629350785
10,0.31128890034634465,0.001343419931392259,0.016006423583250027,0.16223486733939851,0.5990785875477445,0.7740036375474146,96.50532197382965,8.929765601482355,0.9080070635353543,0.9009505813103975,0.9814028179625833,0.5698046385180203,0.7700695617778096,0.902727730392918,0.7976454569675333,0.9148905670875138,0.6204864192111884,0.2695251892201622,1.0327210701331335
11,0.3228024351337136,-6.673448226292723e-05,0.004404973456726082,0.014001741880239005,0.20759301456109938,0.7897537271038273,96.26737652531601,5.649135308466187,0.9015783267154955,0.8908136576584524,1.0041126693354938,0.6600522301509428,0.5309308016341852,0.9135084856241904,0.986869566520875,0.9349159564064626,0.6608973540512995,0.4308046640409691,0.9965340323488298
12,0.31782903805554336,0.005467592379797626,0.016703726977038175,0.2778761428816381,0.5828555686627503,0.3199478308354877,96.47712399024425,9.684506154529842,0.89183596117672,0.8522061884598044,0.9830201711564572,0.45815732978578577,0.5097588011466339,0.9481122926296153,0.879103313084247,0.9249107425589508,0.6879531385634846,0.2866577186033652,1.0187334097133987
13,0.19022985854651941,5.489540340165031e-05,0.016112366547010894,0.23872466349552585,0.20119957560655666,0.400388001429404,96.51245733345304,7.21867233489663,0.9458956430639989,0.8345090571211796,0.9908820309396464,0.5116887036862705,0.4427505218134625,0.9198314919586201,0.7994919408304886,0.9159615547729693,0.5888076219367866,0.3594669414909516,0.979303600294849
14,0.20103262113106335,0.00465768948745573,0.01469355007855571,0.12625089035344608,0.3151736233645241,0.8936830100167736,96.36648899747587,6.487979345705532,0.899726151184038,0.8943292012012622,0.986280775545232,0.5296537060172327,0.4896859732553536,0.8947182378897962,1.014999962969181,0.9358471609603302,0.757098907115472,0.26742167162739616,0.9771275907486114
15,-0.007937552646795326,0.00524114422062741,0.0006391833529197193,0.11608562755173692,0.15367817699162842,0.9612445482326988,96.50569787236108,6.372676173104294,0.9096535113677691,0.8845881403352635,0.9881731720002129,0.5819786381009634,0.31779569643819,0.8840362551392411,0.8158205589738522,0.8940710593070923,0.6559355750586193,0.2284344978639889,1.0147229379910931
16,0.0796603722216673,0.0035471160444672124,0.00919680804413866,0.1470527467134534,0.5829619211025011,0.8019460880996346,96.52018926418324,8.74128004288972,0.9326890033422645,0.8870991563004992,0.9893340106409829,0.6537616397791534,0.24767858473284346,0.9070513592847607,1.0195505883880815,0.9138527338587885,0.7055848769922527,0.40322969219043464,1.004404102821859
17,0.23899773556263942,0.003743637755406566,0.005570694646926647,0.10200721979090856,0.292066855297464,1.1299580438211863,96.34328425532024,4.171731547825744,0.8925479564791148,0.8580577769401525,0.9954202787691334,0.6610995124386535,0.28754043371124594,0.9238012669864645,1.0248025621592158,0.9430134401678555,0.6344633890736564,0.27826829460500896,0.9925099184664891
18,-0.026200459211700416,0.00239650023941149,0.008574896624117753,0.07098831908268821,0.03855143939380101,1.1025218804586037,96.48429375129575,6.416403603299916,0.9060960593558587,0.8698817016946235,0.9901794906108221,0.5023385787743906,0.5816195351863453,0.8694214228238448,0.9288317534086101,0.9183130282059037,0.6493873470662421,0.267396612710788,1.003378824393295
19,0.2455065543426797,-0.0006521638686634028,0.01164106747411728,0.18152007816765758,0.11190085592223442,0.8422491643795982,96.51282008672332,8.30782182410241,0.9161981196257771,0.9139068900981459,0.9923914940714113,0.6418089124695421,0.6036053989214665,0.9341962454619362,1.0119376537395004,0.8901744881783791,0.6987750323802854,0.4256208686649216,1.0128438045051316
20,0.0031643764740718616,0.0011917897641843243,0.0010227147374421907,0.29329129285316413,0.1724683487927341,0.8038622699463298,96.51585664204754,5.914342658608798,0.8758110701077507,0.8388274300908833,0.9966911313122241,0.5356741431236555,0.324024672183097,0.8732885528617721,0.8495485551183822,0.907788895764495,0.6639545089646629,0.2637917353530056,0.9960560530403694
21,0.17223953026415634,0.0007237738893770725,0.004279052045052807,0.20794585007951116,0.5233223089553106,0.9008942324141956,96.50911424182642,3.9211612107673575,0.9466568569281304,0.9013496161184278,1.0009176343096664,0.5055319877795957,0.4735596592167463,0.93715317629634,0.9610507455738442,0.913777730222094,0.6743627333850758,0.4193531391936034,1.0083990599692354
22,0.172924348024429,0.006277795282014012,0.0018737730551270431,0.11567614728847997,0.2839860717395137,1.2798990461303685,96.49991004184812,7.753345784361665,0.9110386509051808,0.9048718026564877,0.9907960352349838,0.6131901452243875,0.47016735214789823,0.9373928065854706,0.8929076466116069,0.8712960714214493,0.6601198034949333,0.37581383727209716,1.0303242792540295
23,0.28466607967156166,0.007019713348476115,0.0036044070383511218,0.08702014081313958,0.3480554646288255,1.0048719105057013,96.51031661369146,6.371245781497342,0.8810232323743843,0.8988585340831904,0.985063316169719,0.5596559218252107,0.2929790516800933,0.8841749669683988,0.9627252016780721,0.9461743506114288,0.5920504300373749,0.21036745653605612,1.021668716741038
24,-0.008096855626513466,0.004241707678232721,0.009801687117636031,0.12997575433949043,0.41689170016129046,1.3150543121477,96.51375032371405,8.785045636036353,0.9432831420509902,0.9128536697335221,0.990785495983798,0.6392913566481568,0.35858025931062393,0.9506942160547763,0.7763459034823827,0.9208876444777372,0.6617243445080316,0.4454906893329965,1.0031357897525244
25,0.020282625050426883,0.0031637938763762296,0.003528830763644985,0.2677350401473796,0.47832772909371835,0.9168283970203376,96.48511491058761,5.331102199039497,0.9052624198697106,0.8885381018724803,0.99666030468293,0.5505434148240842,0.48255534181043874,0.8660603957994829,0.957475235734051,0.9355514075892959,0.6938373024683706,0.3149732614481852,0.9826566064569802
26,0.18681194876828128,0.0035128684981298856,0.013434814465855722,0.11971470254552291,0.2514132773710732,0.8757407700642916,96.49265022177347,9.124172185067867,0.8903509198066633,0.8949426778572103,0.9989611041873085,0.6088239641332062,0.4199889364081188,0.8623323024753804,0.8628805504546113,0.9336321633141735,0.5859270356860193,0.331254846373121,1.0296877487361185
27,0.1780008266081582,-0.0014983084244473478,0.012698337964039332,0.044927718212699655,0.1842796380465788,1.0400444270930242,96.50032845271346,6.845935170812727,0.9245912622461346,0.8286093117398917,0.9932961342148735,0.5242148604067325,0.46666804198199513,0.9178301374332932,0.9748692212852564,0.9327467402087961,0.691063829054857,0.24075383380821064,0.9892054963464508
28,0.1959321716284771,0.001290724314622035,0.009707030607691463,0.053097163063612354,0.024178013513919683,0.8868363107174998,96.50435761509723,7.688148628772522,0.8940113795079139,0.8974512418643373,0.9920369358867395,0.5416758291276623,0.5275323296186255,0.8814849172848682,0.862145838110947,0.8945598385793688,0.5931632753726915,0.3553922110094322,0.9710087506240794
29,0.22044629979926486,0.0063953902113431035,0.00932145020377349,0.15705327605003555,0.048083152728620376,1.1543569600729628,96.4872824802443,6.186725430718763,0.9440954797015211,0.8825810177329404,0.9946281723392439,0.6307616726867966,0.5253019215442318,0.9160764401689753,0.8474014565117267,0.8727037017360948,0.6801854988445033,0.3399226976561619,1.0401893807933582
30,0.0058855902587052755,0.005500975007961257,0.011265981369182535,0.1870013146485365,0.07664564253407499,0.6150609535160498,96.51555765727812,5.7304728037318196,0.9042965259092524,0.8569078848619476,0.9890249178940475,0.6524567365970084,0.35820799906340245,0.8766770117550482,0.8234452250694229,0.9151758703453058,0.7076024274488356,0.3726664961023629,0.9876823313010307
31,0.05777785881841463,0.004581203028813028,0.015366429414421939,0.1345292108998196,0.18033335986799875,0.7192424306744785,96.35865721869826,5.498465858547776,0.9371943969057607,0.8989664100922256,0.9952440814208077,0.6492992660749103,0.3702469534322588,0.9411040987310825,0.9305042375397805,0.9105274742643731,0.6846851272088578,0.4072354559579614,1.0057220526208035
32,0.29942410686683096,0.005692568961120739,0.012034707595536088,-0.029534483468420802,-0.02583104843110967,1.1714090267977775,96.51373745813932,3.874533926125558,0.9037561679786222,0.9022817236667467,0.9960785635072177,0.5514546352440363,0.5770038860139765,0.8931495113899998,0.8353323467828895,0.8908948887867473,0.6089989812508643,0.24948625055564158,1.0364221269429046
33,0.11724373375016575,0.0023673262203577562,0.007485525023490785,0.24848249315378723,0.34207001135857346,1.1762080931760162,96.52651772852153,5.326891407110301,0.9101337595376768,0.8640537057581305,0.9931836488506914,0.6188338406405397,0.49814887805886404,0.9271044250898289,0.843048985701863,0.9425671252538599,0.6537099223476831,0.302248732385927,1.0077227867545149
34,0.2640548032319234,0.0017329533406840044,0.013353740595903583,0.1418416223709085,0.2557444184410015,1.015172561771038,96.51538648919684,6.396322761059688,0.8807726094336227,0.888056512419451,0.9914380838682509,0.5500461106407804,0.23327919092401664,0.9058679946601446,0.9716811145161279,0.8998232671002732,0.616054919819497,0.2964028759326126,1.0089305182900064
35,0.0573968084530847,0.005530396446923246,0.006432744480391533,0.13547759094872397,0.46182840657025165,0.6718265911534723,96.41384298278462,5.056856844822226,0.8856443199703621,0.8889449978495697,1.0034896465472516,0.5328920652428831,0.43405477097084444,0.9411332965802219,0.9661002299806207,0.9446676217699709,0.681246959155107,0.26810645074717054,1.0366741873186025
36,0.12241962969783138,5.966191322716611e-05,0.0036886904582735017,0.2448121176867557,0.21327816842366004,1.0351083947592583,96.50594539483156,8.61327451142968,0.9061727814065218,0.900486873517077,0.9944478800134418,0.508323936088827,0.4436128211643276,0.909381745832861,0.9739803131974131,0.9026055700080778,0.6741092836826656,0.36116725680253314,0.9845963263338344
37,0.08929770359099809,0.006385134344370949,-0.004207202277180882,0.30089023761767886,0.5130880845797173,0.7483442342093408,96.52236830098262,6.623065179377795,0.8749511157699963,0.8945500516833738,0.9946587867284529,0.5523375911678428,0.3808120792696482,0.8731510198998343,0.8257858495265383,0.9086686788724314,0.5685364490102187,0.299985675941066,1.0205663878602989
38,0.32747537005340993,0.0025011107413726785,0.005236047899231612,0.19994957489923165,-0.0044650737154594,0.7945557145569468,96.44354204331806,4.737845213716275,0.9117453821732072,0.8642413889657994,0.9880133931627947,0.5820663895543392,0.6192575924452978,0.9044975897991897,0.9670220951163636,0.9143083251745256,0.6659529942254144,0.3218338075188449,1.00218324051705
39,0.003169538599261501,0.004890437501037431,0.0020914426400882764,0.26915682678640873,0.1858349804390111,0.8726877491491288,96.50638897747355,6.683737217169112,0.9052319192503543,0.8628872620414326,0.9916937053296488,0.5172755740876661,0.4716408711422917,0.9089499224045136,0.8898030836014997,0.8998510414876281,0.5788546747104001,0.374421139070143,0.9992573410151709
40,0.12498320521175747,0.004398833026308387,0.003322815782105598,-0.015826825094636038,0.40666105631783545,1.3283663211453614,96.51398637904182,5.848435529833433,0.9022421535738899,0.855155679535985,0.9879148902101019,0.516566891786481,0.6122200478265137,0.9395183784425999,0.9605562320975058,0.9607138184668748,0.6690041996385432,0.30706731233560597,1.0349627576841491
41,0.21576798893854265,0.0026592774766656165,0.014884950334844854,0.16835264097396252,0.27849278210961514,0.866799105612116,96.50276983536291,6.700131421458244,0.925049709445613,0.8830079601725928,1.0023231038560532,0.6763026839215797,0.14147503483576596,0.9573214733988947,1.0122367626128659,0.8761455769076107,0.6395690536778519,0.3532593371677636,0.9782719651023835
42,0.3129681386523639,-0.00033852672211813354,0.003681840116749617,0.1967481677810005,0.2166492305691446,1.1461652707776657,96.50563242574177,6.605487653015164,0.8969988878568635,0.8622595536547927,0.9883313094445183,0.5229920300180008,0.5798824518226555,0.8868840456109935,0.9238060832655575,0.9160546610975273,0.6666456480433184,0.20269900300872423,0.9854581697673125
43,0.18577289289400267,0.0054323845150877886,0.011393246707824961,0.029256545393665817,0.37688720336091586,0.6370223734240512,96.42168622870491,7.1977130787101995,0.8757516753866662,0.9187200439966168,0.9811921302919018,0.6424513038162236,0.3716674093889787,0.9327154211499918,0.7959924200761157,0.9227566755841415,0.5877322341388944,0.3458401867321577,1.0275760069569966
44,0.17682889373699553,0.0015641074303685536,0.0036914420825980196,0.2231660394769129,0.19836508810772488,1.3790480522087778,96.51743742962168,5.540389941712375,0.9239995499210834,0.884587617096799,0.9863134087014167,0.6347011825886198,0.5356695433827361,0.927469618661525,0.8613703471571559,0.9084531286130404,0.602312949758044,0.2789939843282257,1.0220121146025387
45,-0.015339673627305483,0.0029289650590130813,0.011243744047554016,-0.05123852962533487,0.24812686733627864,0.44608802320295393,96.52261442502106,5.205989119533352,0.9288458602997792,0.8854580158383202,0.983708565984559,0.6211517575555464,0.2621637074136193,0.8582593069476374,0.8882980432880493,0.8779372758360298,0.7358600784923435,0.36619585128810356,1.0201314543097248
46,0.23378016589031664,0.0026072128218392696,0.004334133150809261,0.03135750738148109,0.5230045455907418,1.6007993962220342,96.45789219350452,5.677247461244681,0.9332999072073785,0.8537665365217633,1.0003355788302029,0.6012936418457484,0.6799796477967088,0.9195267547822333,0.9418479408450822,0.9110252269173889,0.6205816568658217,0.29932529316739337,1.0267323582986156
47,0.23848252594176456,0.001696901918797661,0.004209612426271592,0.18081751295491336,0.6088249378313876,0.7780463943638016,96.5204558053294,5.620449727451146,0.9263892116168334,0.8530539082507916,0.9926692936403326,0.6190815300942513,0.5355630239373582,0.9045282792170412,0.9453354755886709,0.8928027955082244,0.6912873992655127,0.27923661639756453,1.0053826676625803
48,0.1352573794131007,0.00535617388905322,0.008976258050331804,0.02292805804629207,0.1900300790130915,0.38643616884486454,96.52060487818451,8.197068186926916,0.9088229798664103,0.9298498274491017,0.99839772374173,0.5253724845034289,0.11516781430079459,0.9011121787301953,0.9750336336425762,0.8569982090634443,0.5824835780849372,0.3794017065699916,1.0268896646774504
49,0.017495494897987324,0.00714449722030356,0.008115821471956587,0.014202526273754401,0.4202712527765484,1.2096234804439094,96.51648481771836,8.438758924162682,0.9401626069230135,0.9158134525488315,0.989574707123121,0.5661167906461977,0.2566007071307843,0.9447784677342957,0.9046069679191159,0.9002399754918883,0.6186896463224488,0.33949036571268676,0.9913466463576729
50,0.015542725047156092,0.0009642761581814111,-2.671561315285148e-05,0.12489418365748084,0.39418067727740846,1.0915418737263334,96.47832720116851,4.104280885874264,0.887181549947751,0.8892105829982586,0.9868095768207249,0.6598112045922692,0.594319596257057,0.8776904360996798,0.6941582111735651,0.9299332897873827,0.6491347144897296,0.1743681132182813,0.9832216369272666
51,0.025437694317470394,0.00039771421631117944,0.003712632393984715,0.06653205679818275,0.5419382222838847,1.1579729478492486,96.49045412410324,4.521727922580496,0.9175903772512285,0.9252677257013767,0.9945706444155301,0.6559916786968296,0.2695950476766365,0.8770095544177161,0.8670858941473558,0.8590599359456975,0.6876842072591292,0.4127572810549502,0.990163589569823
52,0.20113575927236466,0.007149156667781709,0.00996604511199033,0.14419236746006406,0.17386020089715948,0.9121860557759063,96.42859392359276,6.438645201247643,0.9286517935894187,0.8419389295432627,1.0051393502594654,0.5634005562966609,0.258510576668312,0.9609079123669989,0.9947122037620078,0.8990833086941424,0.6800136729111185,0.2968054859632736,1.004076457842638
53,0.2908860841653508,0.005728520967970242,0.0008129802689789316,0.008717100966863317,0.29260888715368144,1.524916275543075,96.52162405545276,5.253618420063049,0.8856635424645217,0.8612046290616029,0.9908161200559701,0.516227609366486,0.23120079134741003,0.867166720914628,0.9764454085939195,0.9168003449256128,0.7182066380333614,0.3547856620894108,0.986067659084993
54,0.08570273139149932,0.005952333981584061,0.01569396678166609,0.138500065945484,0.5528551584210515,0.4401356082737725,96.53398731340167,6.3142628945686115,0.9236503420510356,0.9224736204497768,0.9820747465192158,0.5169426640596707,0.1063439441288967,0.9223318588896561,0.8069203633381854,0.9090655952721627,0.6404826071300761,0.253690966744401,1.016101412153288
55,0.06047686630119675,0.0011906551386040983,0.015453504484762317,0.24160535067287459,0.730988263037744,0.7647820854370664,96.51526118968637,5.510911128395458,0.9067496589806455,0.865356148810617,0.9920687100070675,0.625446297820572,0.2667520141445061,0.8588052013710894,0.8125332727161468,0.9289211862394695,0.5754329072306075,0.32178797090292677,1.02670613557808
56,0.12970308798007202,0.0025303232322809056,0.0015834789502515816,0.2697312814848912,0.46546243398572335,0.9691495286190365,96.52220188757028,5.667529093952931,0.9339048678858926,0.8843901970909095,0.9896844483322619,0.4731754759293765,0.5572851104964449,0.926180818592282,0.9952263294067546,0.9410876201847094,0.6339273296746081,0.38938514394296336,1.0025613353583651
57,-0.02400644400733204,0.002252254550549518,0.013331892228403775,-0.0101116989824038,0.16118940667606202,0.9815044149755789,96.46363639293794,4.217741685626267,0.900723920899606,0.8923740166829386,1.0003197542513216,0.4950598428165321,0.3695492149523753,0.9292276612582634,0.9229683030609874,0.9350549891423219,0.6851482374980221,0.18882725186649646,1.006985327370118
58,-0.049854925540256084,0.0028836423319720996,-0.0018168448792220257,-0.08412865097900338,0.7035529141141751,0.7023042209572444,96.42285336008264,8.36000730564908,0.9156009841429532,0.8841686971531275,0.993018391304372,0.5321377909626258,0.22228817431709766,0.8916550674486959,0.804666677795068,0.8928275634399656,0.6537757558751346,0.3758085117053847,1.0343014203870562
59,0.2551670796393911,0.002799876927868696,0.0028361459739991747,0.06840433591041895,0.36339970216686207,0.6687012790444048,96.45932111135949,5.379769967811726,0.8866763945637924,0.9376644762829163,0.9909585972700669,0.5870242709696735,0.3314169914288009,0.8832640182095367,0.9120789782021952,0.8550262567974416,0.6814766049021159,0.47687460400664317,1.019786891469286
60,0.2542421072408889,0.004529848926785497,0.00736970035643266,0.019139945039521364,0.5514375513007999,1.0396253610355717,96.48567763963914,8.954853540971925,0.9331462216640969,0.9065949152127435,0.9968084273262724,0.5696223632499839,0.46147940744334953,0.864980460601713,0.8384844273969598,0.899978527143762,0.6547960715956453,0.27720285935326583,1.038449652294753
61,0.27849495755062353,-0.0008153635931409625,0.014220463362713959,0.21636391751864353,0.38503280762305636,1.0836179279908615,96.46959539153217,3.7524662531377766,0.887894185999951,0.9081781482911209,0.9902136131114272,0.5513123546447944,0.284018546685053,0.865923679690422,0.7618660853739656,0.8695667040654942,0.684318630055115,0.44460408248601807,0.9910779226479794
62,0.25929314492188676,0.003845199789383782,0.007129233515606197,0.1438760415638875,0.39402712207981494,0.5016535318161556,96.51248558178018,6.025800819282942,0.9169411769774601,0.8925984379860997,0.9987152793984998,0.5819405777469034,0.357736458024238,0.8509794723378606,0.8924380304155591,0.861520853864734,0.5902874447524704,0.33449597955484583,1.004181903052274
63,0.08104737518805528,0.004666258475376736,0.009913134686862661,0.17192683784287546,0.32632072612239427,0.8827954147339999,96.52545659829218,6.86406010504601,0.9028702516659659,0.8532754532238209,0.9936967444580166,0.6124079939888455,0.7067365741097931,0.9135559680984159,0.8471767627307412,0.9347737564159049,0.6814937081026239,0.37037485849107865,1.007849238302555
64,0.010598997461693155,0.00208465138702004,0.005807656469740071,0.23923907835450098,0.1658736821594795,0.3892084203699925,96.51545221550256,7.240041589244587,0.8790055886226694,0.8236407862384972,1.0034793354999552,0.6080149076191738,0.26944630221549803,0.8858779915070921,1.0187690273426788,0.9079256996971322,0.7036724624914442,0.24796215712145486,1.014949544931613
65,0.11754234283805878,0.0037781547150230943,0.010332325024087683,0.25822564840866413,0.17870934038759734,0.48365248359410357,96.51641797266701,6.9454877320888455,0.8889656496816553,0.8402188770135419,0.9985501021782485,0.5177619548160316,0.15713340620368688,0.9008786116011617,0.8534945413291954,0.8750238790380847,0.698536258442591,0.3807354422475344,0.9992487648024106
66,0.17894157365179428,0.0048345403671281465,0.0034493918578501655,0.14878351557230302,0.0357914695044213,1.3465309928359277,96.51036192288944,7.913447069109805,0.9217652514806656,0.9347241534349601,1.004767588327911,0.6465226431424667,0.6423963012154768,0.9061812700666466,0.9785663193983711,0.8866451309957444,0.6135954966559054,0.4086684084435166,1.0219058576863411
67,0.12605350110696922,0.00292727941529671,0.012518831563188417,0.14453464549804568,0.23428972363384076,0.7558488217798723,96.48125356004824,4.811987002066377,0.9121913852453524,0.8951105651108789,0.9966222493290565,0.6467434171489772,0.6930015629368482,0.8819070608180754,0.8606910490491108,0.8872036459074297,0.6296321993782054,0.2160842398792432,0.9944502714530724
68,0.09334165341066443,0.006388190209657219,0.007057990786327936,0.2678311038905914,-0.181902190241016,0.7119852256899728,96.4864299960748,6.889146106868889,0.9070421848692736,0.9041568041093464,0.9895703390599123,0.5457632847304092,0.24048152534224285,0.8967507732210334,0.9609134819074182,0.9077854729976147,0.5861634397477236,0.4357936199334563,1.0254777472780743
69,0.2640166218325917,0.005350377815929015,0.013367007549870615,0.0905059466970253,0.3197197979892494,1.0316176886389763,96.51411028012026,6.540162738205301,0.8957909274418726,0.868962172016799,0.9961720300105394,0.5723222350142481,0.3072951864648692,0.9209495802193134,1.0165373561896944,0.8845509568072814,0.6049650990176465,0.34849141417117063,0.9837031311354616
70,0.22870421357354156,0.0037417274425307545,0.007887904189452453,0.14555509925301438,-0.02780576508158933,1.3320411198959161,96.53171458165583,8.009195173217165,0.9235996748375651,0.8664292913464471,0.9998122780012093,0.549999533426633,0.4571542040004935,0.8886683841406141,0.9013900658615905,0.8865288086942473,0.6797513728929296,0.3375103050074059,1.0181217979096107
71,0.07143603771538949,0.003061495538752638,0.005134541500035401,0.0327487200947356,0.3401299788975075,0.8550885759179152,96.47453213630767,8.19488697975301,0.8962224863651002,0.9321266768132935,0.9989392657031767,0.6670719893862821,0.39790941110745726,0.918082013553763,0.7462154172261568,0.9131951222475532,0.6823824175533676,0.3356839481582974,1.0035264815524525
72,0.17911137524361534,0.0041607916032059145,0.0030117203199721537,0.060056577690694696,0.2327920730086216,1.2766371142672412,96.52546470919799,6.543820031102634,0.9410375492344749,0.9255742806292321,1.0018115471529092,0.6012956936655838,0.5634168335621085,0.8815607848164146,0.7959943920491732,0.9270877234033278,0.6286959554550274,0.38170849579361266,1.0316445098165137
73,0.1184876684678314,0.004391419135229632,0.003132004384276435,0.09348867457685264,0.23565131403780537,1.1554087850436003,96.51402637419807,6.022064755693189,0.8844374166377794,0.8723495325057743,0.9969538031484874,0.5681142349961756,0.4909713710933988,0.9024469203921006,0.94870768576245,0.897712062826932,0.6649034696344643,0.4186056846543154,1.0007142997514107
74,0.22899089988313662,0.001985045755670923,0.005074235293059165,0.11180994870949473,0.4125075246747398,0.6511785297871127,96.52699627196445,4.7249581558629075,0.9084258914254632,0.9030979993740669,1.0016879056575463,0.6459904037888389,0.2917680265726174,0.8728561197670418,0.8759829651020778,0.902165870088246,0.7043914399947071,0.21511851211272712,1.0018329711335126
75,0.281752166909928,0.004404882048934612,0.0009822829557625465,0.09305509955579791,0.6494945362018538,0.8633361442938047,96.38266438115646,7.340351505712745,0.9210621903044816,0.9089983894704728,0.9939855738706883,0.6713022814777857,0.11566067470588831,0.8617963912936227,1.0542476622887573,0.9176841320221211,0.6739676508427155,0.26832311755345367,1.0119464470380668
76,0.10634960816787442,0.0001525404996337125,0.01345593105686686,0.024590346356014134,0.5455552333089961,1.2226088916322928,96.4150548639875,6.801579497606416,0.8838128001077495,0.9116343475257545,1.0002804204846045,0.6662375540302116,0.6307186282007704,0.8908372085896356,0.9596366903045652,0.9273205409871557,0.5974072866103634,0.19917457796215754,1.0061966763764036
77,0.011222596438990762,0.0012273328163970722,0.004619576183609643,0.2834827108384459,-0.09675695873872164,0.6228439736167115,96.50508899505236,6.945471534406345,0.9297589519879349,0.8520353342129403,0.9859946397955284,0.5783386803368171,0.5264599255305129,0.9248989710549116,0.883608564747621,0.9068036914975545,0.6838063200288969,0.3176293714380177,0.9977136719126577
78,0.2577307518795289,0.001215016175714503,0.01369563263185843,0.09694155088334615,0.4663589141511961,1.0356471383364614,96.51808630208664,8.16809292474148,0.9109550224151156,0.8611950341836679,0.9869359934009998,0.6500227088245143,0.4267675637441379,0.9115812515050984,0.8041367333409942,0.9277902570406726,0.7020222309043997,0.287315613612306,1.026054983647642
79,0.32903024899637934,0.0023807021900246004,0.007683541245347547,0.1266779355352416,0.3540958356401538,0.8476760454813159,96.52997185565187,5.160300634403636,0.899447079880543,0.8664409720674113,0.9851655452313308,0.6195473293522862,0.5610199977212593,0.9185869643870629,0.8888442350074143,0.9579497747824061,0.6680213918202837,0.2528631161498837,1.0376615333484884
80,0.12677289976061656,-0.0022872402736096383,0.010744385515542838,0.28700778358810997,0.09097955848258887,1.270249004791378,96.44941629693088,7.098004353609156,0.9054108285133273,0.8372489114918076,0.9918373350780678,0.5323272769763611,0.38515266122366565,0.8987870081764153,0.9144059763254831,0.883229880254493,0.6732327650010435,0.35327972996283324,0.980653199163595
81,0.4079240468037093,0.0049898150072310065,0.00597750991104722,0.11952858579922102,0.40027795127535515,1.4067699183323055,96.52921026956474,6.539699287691524,0.9169836514153401,0.914052003145807,0.9926390595691309,0.6466433660751567,0.3673883463161238,0.8625007505339828,0.9482793911413834,0.9270723256727942,0.6587035172728738,0.26363031817603144,1.0022957622251276
82,0.08022997760945669,0.007491432874596671,0.010046963626427105,-0.019974123175777014,0.26586997277992774,1.0502466056784865,96.52647689430606,6.649959353475899,0.9121509065728683,0.9057341352000612,1.003272423661517,0.6339467953226887,0.09792997842642587,0.9160001375240356,0.9716191156831993,0.9107929562940839,0.551038261231257,0.31641108515522937,1.0261011721394087
83,0.09155698353395737,0.005785503549370524,0.007656585367411056,-0.04469994337671118,0.6747939027254676,1.026388807729603,96.00694680683199,7.3367046353428895,0.9296379833773457,0.8374381116762251,0.9830824865203669,0.5298115289257558,0.29442505411840086,0.9388536829788645,0.9736328587154883,0.9121928384073797,0.6648717095250377,0.30644969348759427,1.0143479691290653
84,-0.08123783654227651,0.003885281770402059,-0.0007552497621153851,0.15732918456081604,0.4149017042102999,0.8617733638231186,96.50264565459806,7.841317063202264,0.8881966555052742,0.8954986788714574,0.9816192201517614,0.618605620878129,0.17427544035384362,0.8822779561156763,0.8400656342734056,0.9147993513703757,0.7077044075395982,0.17945554208962736,0.9942443596433025
85,0.2614004527137996,0.001765166636242713,0.0015813623161557988,0.13361664418729052,0.6592285141516725,1.1331600611928674,96.4849191301025,8.252090291405931,0.9281295376146413,0.8665830061263281,0.9869276890824005,0.5835182486829058,0.3771973278970959,0.9202993757720261,0.8286079294129457,0.9088865990910593,0.6339681713314321,0.29813480867121667,1.0393373149126106
86,0.047242551845335726,-0.0010428068438870348,0.0075577234040178475,0.07574254652419078,0.640081104505444,1.0855806306597342,96.50718384624314,6.831378510344121,0.9167600440495528,0.9014094217416035,0.9893776117157512,0.66844631096638,0.28793464207157693,0.8895872229556736,0.9602237359275738,0.8887653850902988,0.6840931385379613,0.4194261157092932,0.9895481455984743
87,0.058637164300919656,0.0037256411263029434,0.009487567084879606,0.1418171425465528,0.22962580134858057,0.8731288963689218,96.42238600409601,4.843886445497783,0.9103984335103257,0.8615017834741693,0.9955345824858521,0.543901664978275,0.35067785843577487,0.9043643406736461,0.872520399122803,0.8957003749143884,0.653549949267685,0.3189378708363286,0.9972989379846561
88,0.3502973393326446,0.0040761783182542855,0.011856449918347237,0.371262892967258,-0.1459496416308172,0.6299799215372719,96.52880947894306,6.188528157090923,0.9129457966806838,0.9016384615278813,0.9941571180972198,0.6375194836763969,0.6332974331486344,0.8623773639786859,0.9321098287594342,0.8649931224996054,0.5990325173950871,0.46335046485503995,0.9940024718009544
89,0.29069341573346996,0.0030389071482222066,0.007974962129981637,-0.059807174099318794,0.4275425513569042,0.7211482913899278,96.53185162799542,6.875234174715872,0.9225678703186301,0.8871896043262398,0.99074950990533,0.5397034788958246,0.20652359304087228,0.9363633143734538,0.7092469602205238,0.9245999118373776,0.7045838802765284,0.31994172531629345,1.015146979986739
90,0.019361455519298104,0.002581482916144675,0.0003556887089408399,-0.05171074093620914,0.4982452013053693,1.1682710566975594,96.35996363390683,5.7742873835145,0.9066224980029765,0.8586360864011398,0.9973449003873363,0.5354522934935309,0.23887188097114026,0.9335588588750624,1.036578783693333,0.8940949075167962,0.66226584628561,0.2657395801300753,1.0116819144720022
91,0.2501677293913819,0.00030518340605717887,0.010790225794836676,0.2540172565253418,0.044348959040310054,0.5319227483365725,96.5166582232909,6.676958237265454,0.9284179771755556,0.8692991446987401,0.9861527610143278,0.5863652769431624,0.4998508483107921,0.8707761106638471,0.9375508896489462,0.8817772359415343,0.6966764099348491,0.4567888541107734,1.0116893709788735
92,0.21060539284497756,-0.000921555794220832,0.011753055508673923,0.07961090032172097,0.5567514155021355,1.021267746939723,96.51795149323831,4.542035396133537,0.9284939834127284,0.8807114075914558,0.9970032446202738,0.6449324194981105,0.526845866671509,0.8976702641260315,0.8509432958079142,0.886117205673571,0.7148601270175889,0.3122599086481923,0.9860781253584423
93,0.08745863794737653,0.007159241234998077,0.0068288011206700415,0.10830794603169538,-0.046948566122095414,1.1220172856769552,96.52716100725836,5.480822192279021,0.8945260223225647,0.860757132772145,0.9971862646629788,0.5432603492552075,0.565828075774248,0.9046080975781982,0.8356430867118887,0.9036551510108406,0.6552608436759929,0.41735165745883485,0.9943696127032182
94,0.16779388189657982,0.0064663979602484385,0.0022491902233434365,0.15784382124740523,0.06369507049480641,1.1761471617177595,96.51882747106603,8.024562565539956,0.9097636222484898,0.851713163905679,0.9930529199087806,0.5983821524339746,0.47975288342967765,0.9226662475934136,1.0390480811851546,0.9174447082758973,0.7352329386457482,0.33913678277417253,1.022944765085154
95,0.019356089759978684,0.007253719638766704,0.00248215520328016,0.17918313663959692,0.2559767741494229,0.40777615711894144,96.51746623732163,9.071495989431547,0.8776198634724374,0.8986712704144035,0.9915606560504348,0.500607050727014,0.45653250201294876,0.9441852747445458,0.9239430385871054,0.9202956041750696,0.682925408938928,0.2456620998642062,0.998236077985249
96,0.31287772509874656,0.002353991899120547,0.0028496295663704534,0.3182647672578097,-0.03831668305460095,0.5467758298910361,96.4376199633296,6.035726395806527,0.8985474609630524,0.8658005613707781,1.006825068313932,0.5632764031189157,0.24064805628772276,0.8918415094766378,0.8613855815453766,0.8837778494262076,0.6555169917422292,0.31001401262318246,0.9968598728227306
97,0.305120914191005,0.00568017396491801,0.008475838939911521,0.2795553306270564,0.15553064151261453,0.5923851468801358,96.39641572274488,5.539547177805694,0.9476843998417781,0.8410094968516013,0.9950092919387724,0.5999810200473011,0.7034567450749855,0.9446548328742891,0.8395961791965202,0.8932890348858677,0.5734113911021417,0.4374082917564105,1.0250300916441604
98,0.06208048507312633,0.0016648005092744973,0.00975503568807493,0.0541868793945004,0.2490450433994606,0.5437702385769027,96.4606901763233,7.663030292136728,0.8855068187766318,0.8679569556703021,0.9911977580865823,0.526287867315602,0.4195825448620401,0.8612446675110038,0.8210988711342239,0.944642062024555,0.6872948211523565,0.2270427935177945,1.0087099044585104
99,-0.05393216954013963,0.007191162520945616,0.010576729778130975,-0.07577618596015798,0.29002680196728564,0.5215449698755839,96.52218454701301,7.7484708571739205,0.8884830335233365,0.9117507826020385,0.9869371977522601,0.685018561494142,0.49925064947681386,0.9171959468993305,0.7217042367114098,0.9372333757605151,0.6779099077950873,0.3598512073820476,1.0356694963636162
100,0.09905496019020299,0.0035067141190947954,0.006284517849719304,0.11847305344147185,0.6998389096640107,0.7711310200531378,96.52931235510341,8.770945477729871,0.9075738710096641,0.8739702218733233,0.9964928708088502,0.6520436926097616,0.29661212700252093,0.9238096768581289,0.8879476312947139,0.9175971092629336,0.5892608597274797,0.38971757931859047,0.9990159009125862
101,0.2934190178335999,0.00393631868551915,0.01195455229050885,0.06610528298925523,0.35373316495790025,1.0135915245823464,96.50921464924664,6.590833978646546,0.9150160378030895,0.9158145997624977,0.9831054995217644,0.6622303498918168,0.45780716278376093,0.8846256609020163,0.8961058583981282,0.8853163226869674,0.6430910342617234,0.2881278625465953,1.0385885086583073
102,0.23756621817548398,0.008516152955053088,-0.001985088344413264,-0.1110835031449886,0.3997034885720412,1.2191107421804623,96.52783728899124,4.783777239328293,0.8821709019471862,0.8874411021551644,1.0055663134556985,0.5923747855102915,0.059408321796746266,0.9169303502031942,0.9645382408779718,0.8612999938855674,0.6506428510837147,0.40839931730857476,1.0415971744239585
103,0.24861455588424924,0.007310802929364069,0.0072338199700427855,0.2098525000856169,0.551324675911411,0.5686856225052164,96.30359563537677,6.237835053110961,0.93431488120999,0.8989559927284598,0.9884998139402856,0.5377410849615579,0.25960440330137835,0.9362549003600935,0.7517606198055395,0.8856193229803864,0.7017683127842896,0.30010791238617957,1.0187554929800076
104,-0.04762816596782088,0.009139097223272758,0.01495895383282704,0.21715678571280436,0.37953127567907713,0.6860496942252858,96.49800957271043,6.9583876572600865,0.9168351758334888,0.8316376382014765,0.9839721686937977,0.4974460369741868,0.4856292255124224,0.8644575726538903,0.8943451667916555,0.8996257972970539,0.5396650000852792,0.3709471225127224,1.0176936660108558
105,-0.013238759947067441,0.002556137023089426,0.002357965768160261,0.23480086855887367,0.5639814316104614,1.2992643661473569,96.50445354753494,6.891613846504818,0.9264986389924026,0.8556699536159718,0.9901728221895998,0.5867848255156473,0.778996043489534,0.9102965428070919,0.9673370801655449,0.907169953744505,0.6192896298513755,0.3930663606742892,1.009813461682633
106,0.16495708156174968,0.0005703509572799336,0.002345262797679862,0.13579769101091832,0.07200755946032258,1.1455927617385986,96.50087523963977,6.405428159603965,0.9232573109183365,0.8610742235775747,0.9984068293909593,0.6643219135677432,0.3966325053867769,0.8894765370702495,0.9798712492640521,0.9524747170025186,0.5917289208310283,0.3739363812353429,0.9991104310395676
107,0.02501110117901767,0.005716628811847343,0.005320344661185151,0.049605627946729375,-0.11653035884532348,0.9354866977403471,96.52831946835745,5.984135111861253,0.9026881750250302,0.9223300125274834,1.0006464056126558,0.5788023950091713,0.341504333896046,0.9030716660646743,0.8854064860849805,0.9324661336242694,0.7460660109730818,0.29234481753772906,1.0467834524730895
108,-0.08447773700055056,0.0031246181457744064,0.009698261953450214,0.1593038894772771,0.15885360576722174,0.712379787174813,96.49070891842031,7.758692412284647,0.8978921426120365,0.8526593354876508,0.9973886723533198,0.6221613478224934,0.46281094242705123,0.9146876266756174,0.9128902461253582,0.9022909337081669,0.6549768148325097,0.25731945286447555,0.9999296457975821
109,0.10751787244291797,0.0023680808334302955,0.00336307389124405,0.08922426052370334,0.5293323207764418,0.8607433711825172,96.51670660903936,6.58541372506604,0.9174410775165479,0.8663396214286713,0.9971261371253483,0.5762997928417071,0.551031545900271,0.9222127062777509,0.7641366366648333,0.9514888675597052,0.6544262106669158,0.3897770856508703,0.9912156781991217
110,0.12839732739518192,0.004511732624625322,0.005734478707804974,0.02762091243054575,0.19606669666956694,0.9339602499979729,96.50057933142082,6.33632077749314,0.9106351863072036,0.9076091232018902,0.9960921473960748,0.5686908528627396,0.46256586644920045,0.9260642360501528,0.8995509132566523,0.9298674961618985,0.6564286556450879,0.23292891988137282,0.989727319929573
111,0.24634179536189926,0.0036461842031627837,0.001084589650692194,0.059244720151945485,0.5119273363268704,0.7701749089694317,96.47744954522237,7.38181720960061,0.9205729677680371,0.8500477889066409,0.9831738434462203,0.5905763343535666,0.5105201978602651,0.8880796281471728,0.7792909125837908,0.849679053780678,0.5905360395832963,0.37740636298840563,1.0403594534591398
112,0.03666427807087558,0.007005859951330573,0.008677048076600097,-0.01810626710348051,0.3519042087574507,1.1010926958885359,96.50381446409422,5.922170953147055,0.9291042511711517,0.892488517021299,0.9909166501500933,0.6391188546408999,0.5089671858762135,0.9153704286580232,0.8672452725952706,0.9240683563540497,0.6179593096899638,0.38860035418070193,1.0164231003399569
113,0.2276060248934047,0.0093647310026974,0.008333739637049208,0.15433069678613226,0.15405406196452098,0.8291119005725909,96.49903406402042,6.950379795516394,0.9056391521226999,0.866439891221478,0.9983489619092794,0.5830358868549556,0.2738122839434277,0.9016919638457707,1.0361803734276016,0.92920773751743,0.6826826197088316,0.30717225787823327,1.0199322978092829
114,0.113682885539963,-0.0025730190914644738,0.015964888709570465,0.15162132358445218,-0.1412632568240113,1.2316341475106438,96.44519079468918,8.041573825842239,0.8919067361715208,0.8971744848633493,1.0051050840846227,0.5908904856526133,0.5183738498704009,0.8848483670206038,0.9307445995430595,0.9515693060836448,0.6780605894328923,0.4725256662207522,1.0029562789036417
115,0.17171830420928175,0.006467838242947849,0.005856086799099726,0.31637325557882967,0.3013834398034258,0.9451170246976341,96.50245462878186,5.41340156416126,0.9107935374067369,0.8980824902584367,0.994794887972986,0.5434487234899129,0.3680553245493398,0.8987512813057725,1.041388275393603,0.8699999893809306,0.6352449985884814,0.38076417655525396,1.0282288044023613
116,0.37305017482482283,0.0028721552480052265,0.009692265049648284,0.05479924972456378,0.26455038937398884,0.7449939993344431,96.49339362824412,4.254158920053321,0.8948558552495257,0.8775029229564719,0.9883585007753861,0.4884848901010448,0.27053974192722263,0.8890600848202259,1.0900948339014482,0.9192160015568347,0.6733179535081577,0.3218810905289132,1.0091806280784907
117,0.26315514764660464,0.0071275107788608995,0.007833976830187097,0.09962967817932808,0.08035787444357678,1.0379709724109816,96.53438167123598,8.276633988763496,0.9088481985560608,0.913001683999215,0.9896297696858943,0.4928313043486032,0.5913426879406886,0.9023607940470442,0.8147331126385773,0.9692424947192533,0.6159567823417301,0.23413296050760535,1.025472097771888
118,-0.06525915510122735,0.008321491489165148,0.01681315334161223,0.17729101465317096,0.39057738571702477,1.0160515510684902,96.53236597129847,7.661960215706289,0.9151612090350993,0.8796188412349841,0.9905838702581604,0.6236374152615181,0.5601516688461523,0.8830168505961329,0.8141668695386228,0.8643080379992989,0.6352407332086634,0.15035378276822417,0.9853432175737996
119,0.07789162653390816,0.008237472723781466,0.000668197521832687,0.21364187424430522,0.4579192099423314,0.589255225964034,96.5199241214691,6.21397323277259,0.9008993369927466,0.854502770373109,0.9925175931420889,0.5044951589264206,0.5287482170376292,0.9036997609500733,0.8983901301397194,0.9134296793851153,0.6460244197219968,0.34017671062408256,1.0246203085201664
120,0.1603456584672683,0.00231148120581098,0.004891205013029341,0.3363921685598565,0.13995429863752512,0.7424017076595711,96.52114047765451,8.404404699241347,0.9345645894571889,0.9004704498734972,0.9918890421015407,0.6983305064589841,0.0784715751771215,0.9195409278758289,0.9421611977287839,0.9115383240057869,0.6511332897496974,0.4061875819499725,1.027859429079049
121,0.24323220038326426,-7.872309586236768e-06,-0.0014099192606742356,0.24591527429379453,-0.16374584353001187,1.0949957526655243,96.4664452835266,4.569213351358339,0.9277862381078347,0.8744994334337314,0.9898162292741479,0.5682557902273919,0.4031966070061761,0.9342984379339244,0.9582732035952923,0.9038092571381706,0.6727216538065658,0.3474931657565171,1.0067263671321671
122,-0.03892093348620926,0.00035828068310642504,0.013297627178753192,0.14055328826608857,0.5746539166648611,0.44757417955199535,96.53391011995325,5.578759012018717,0.8758823573928548,0.8467688412942533,0.9989384847852799,0.5342880665140605,0.21679867619181303,0.9192689704020347,1.0654383297285783,0.8810606518750776,0.5631431908244512,0.40721835413809615,1.0226024580546058
123,0.10419625869922088,0.002804830796802104,0.004242453044493828,0.21470881327073799,0.18506473175681923,0.7298427517662093,96.42225874678068,9.424625813434961,0.9043290021738416,0.9065439744224425,0.9837476171134315,0.5662951430516414,0.5710564664807561,0.8967000888923848,0.895475871717265,0.8758157097671253,0.6408576935956674,0.44218678775311393,1.013883017764388
124,0.08846461600270081,-0.0008369690101414488,0.008977811605485438,0.20131671312320135,0.03250147450613683,0.6393853066267923,96.51768914738825,5.586483278076469,0.8900138652889011,0.8863539951187627,0.9916666680102362,0.5711334336507367,0.5385038453899214,0.9195007361616204,0.9553763464905436,0.8912159095412251,0.5980059561879454,0.3775320263606907,1.0047655860188807
125,0.16202072290998393,0.0034778924498735566,0.004921619416805672,0.16444554729199098,0.41625531374993163,1.220030404740932,96.52872193709757,6.820996810108937,0.9045336281004988,0.9222234046161989,0.9902866794432045,0.6251697699034922,0.23558212095522826,0.8755153309338649,0.985416279743968,0.8698496056915023,0.6795119975545443,0.27788953242458225,1.0323234629640419
126,0.15147728966241394,0.0017054654947758325,0.016631665536066095,0.3151144277840148,0.5445002348320749,0.892752352855016,96.45297670489599,6.47964877162956,0.9364467703424526,0.8957101235051584,0.9977805970929696,0.5304651194124197,0.62695868137039,0.9109093334491108,0.86962046932549,0.8829223714958283,0.6673437412625213,0.1612107380953389,1.0151903736697916
127,0.0016095484396349002,0.0012221910001011167,0.0013881190504776986,0.213998118132239,0.4969693265364922,1.0404551843152596,96.51053504877558,7.363724852388579,0.909865894004177,0.9075276236260714,0.9951358401550064,0.48130723564635125,0.1985611645441986,0.858227551792048,0.947531869936359,0.8832496804690573,0.7356527520548056,0.2702933772157708,0.9972021399274401
128,0.29479246894865174,0.004063635846609331,0.006168848884447479,0.09978123260691579,0.09632231509672348,1.1476436159560996,96.49305688580971,8.328302234407676,0.9291553718621415,0.8915717558260409,0.9936679012659676,0.6253694901595558,0.5317665388349405,0.9206304425300642,0.9378410493500359,0.93951548753373,0.6492051831939173,0.3148034246252467,1.0170520406707328
129,0.2360818220956808,0.003972782385681054,0.00010967069980787753,-0.12122075035767033,0.30188691114536814,1.158036432543327,96.49006731780193,4.152510863078358,0.9015886243696736,0.8936619720149069,0.9982502365101347,0.6531153662447217,0.488922712870593,0.9058954640938482,0.9907039211296045,0.879685678392722,0.7092264752803851,0.3593290643189528,1.0253374906583175
130,-0.02637413876098027,0.0011156449050202808,0.006988648236476809,0.0462893839381696,0.11776723877348211,1.4748935822479756,96.35522266961644,6.938228627141248,0.9313771114516045,0.9121107991089014,1.0003421171856763,0.5878693241544348,0.5165244819333414,0.889565579835343,0.9665456305716099,0.9473615741079646,0.624722870266577,0.150632362412872,1.0134839287050128
131,0.03419820766913603,0.006136301213130298,0.012007140245527482,0.22703901899951243,-0.03430049587229139,0.8534100018751907,96.41885999755901,5.825449958704256,0.9145089071608241,0.8844549551098573,0.9921831165725574,0.5311622274611857,0.5938014182988363,0.900476105605618,1.0557594557135783,0.8827250710189181,0.7098155025987043,0.3117873896157666,1.0399165989073382
132,0.022950405239408944,0.004738179901413555,0.0015131212188177088,-0.0392776927726656,0.13525269656913155,0.7849757141023229,96.39682266646751,6.437931640350437,0.9068158612814854,0.8603523038240178,0.987306490789901,0.6138672412506186,0.5467627717107616,0.8922665352009617,0.7951924013628945,0.9379997466344804,0.7263571377684491,0.39613366207670797,1.0018195118480784
133,0.07596879090015295,-0.00047920664655813497,0.007740442492477686,0.04052293795111764,0.45787750206054245,0.9753479656706648,96.5172050102172,6.768085944870638,0.8879416556552143,0.8684130098418706,0.9860609916465827,0.48415910251808636,0.3561851904105687,0.8733044466838001,0.9729994681402223,0.8887870588578347,0.5705389981914808,0.44218888797660616,1.0480402522851493
134,-0.010379553494396176,0.004638490620252374,0.011567375139438063,0.13010188867373834,0.4963032943825528,0.68508669156862,96.40217110963458,6.789554095909971,0.9267869036626696,0.9106522567787071,0.9819019124303907,0.5647673824071621,0.22359556863342003,0.9045904035470246,0.9365130007893095,0.8994501602331931,0.6336113402548014,0.4791725485390693,1.0110694704640122
135,-0.004779289111145557,0.0004536120561260521,0.01762345876432513,-0.05094414073484704,0.35778171873270737,0.7790882227670688,96.52690369576362,5.020214235538105,0.9365074512062624,0.8758755316330532,0.9984437450338942,0.5937362759782738,0.33580080378189525,0.8547639377928881,0.9880859870649232,0.8730761635795737,0.6565297609260995,0.3064305555135546,1.0295380382481099
136,0.08102962847364593,0.0011878204570684322,-0.0020573451669941853,0.06276478432685095,0.47773743760228815,1.0926082391586003,96.51161296018937,8.401804229437044,0.8694673560665583,0.8919695966074508,0.988075900615758,0.6022394132847337,0.18655067468871545,0.9209704018455576,1.0282807354088896,0.8556090950070354,0.5848841910093444,0.34298777382178536,1.02826040142598
137,0.1612337139071134,0.0034886705546228183,0.0033723463767636546,0.18319877496465087,0.09879394579653217,0.3398753171227056,96.5319232277157,5.398600818241595,0.8962862626385975,0.9174974531780111,0.999704016191824,0.4927436816988955,0.37989235434298163,0.9031373913931,0.9982301104760879,0.8546606532785594,0.6275484809518725,0.17661944028997814,0.9899712767859231
138,0.14568774608282986,0.0038798821662095386,0.010799278702182455,-0.027578310728977956,0.11421781472383216,1.1513017537610373,96.51295125964836,4.829083035286417,0.9308977516642771,0.8380961003409328,0.9961318459749728,0.5453211853473005,0.6243124618274188,0.8931172921134577,0.82517783645182,0.8772902495554488,0.6722329075724367,0.3182805860485736,0.9860317629040923
139,0.21862255762390842,-0.0010977738295344717,0.018133246468116586,0.24206836458297812,0.241241747758713,0.5598048624643077,96.47091467231547,5.161352787417178,0.8958550736168275,0.8253035112687777,0.9999021495081678,0.5929502692831552,0.4602069456754962,0.9482717506653623,0.9293183789927184,0.9139310752946652,0.6302666910009038,0.33624497035865913,1.0370887914876281
140,-0.08268630647073522,0.005937511376067522,0.0025714034417466556,0.03928060422173986,0.31800959758183656,1.0015383419858186,96.5277326862749,7.443273941849943,0.8983458166897768,0.913626168810264,0.9977513027271759,0.5697702456789303,0.3768013429229375,0.897027577277877,0.8773125114659766,0.9517086116906781,0.6813668185112955,0.33065573105663576,0.980870623874159
141,0.0904490407790046,0.0011275949454013167,-0.0013445161716590182,-0.003744917657873853,0.0782437829208037,1.1799713031262997,96.47073874956527,6.392759725050286,0.9142792235058201,0.8774542410393606,0.9867890096834907,0.6292821456264418,0.42690860947057596,0.8868404089590131,0.9691813267354312,0.8951883522562378,0.622241957448593,0.24876104213364184,1.0224708325456378
142,0.15879053198155987,-0.0006675728464209051,0.011927457564993853,0.016304902553363004,0.16797969089683157,0.7545660587929093,96.51546619982292,8.136844900630958,0.9276690722080466,0.8848411247995498,0.9960124518983313,0.6122517890351705,0.321295000155404,0.9727484872137966,0.8609657341398073,0.8792048209117161,0.7290992470442783,0.2619066535047617,1.0488710376938317
143,0.20043774220234303,0.0026290060097259073,0.01027907765613921,0.03041897614083347,0.514592882975158,1.424914250686664,96.5292466287977,5.020052198161019,0.9278885259209596,0.84937103950605,0.9952520770622423,0.5296323336471859,0.6623045908061869,0.8969892977419939,0.857264290515155,0.9378218053928264,0.6454988992249905,0.2370390197516743,1.0380632158049805
144,0.25245998279080395,0.006377667039769441,0.01912752900279938,0.293072753242294,-0.03183599078594601,1.1486777630143095,96.51321108832076,8.001080225112718,0.9375538854052332,0.8703709456582582,0.9939244870000216,0.6655948101682279,0.3968160576469484,0.9012487527022144,0.9478326209254705,0.9636031831107085,0.6154894364450592,0.25344753458992225,1.0314360527345223
145,0.020582924301597,0.006315664293136037,0.009015338442550294,0.11788744205263228,-0.15336999315548377,0.7024461419212733,96.20886724765155,6.911991409095219,0.9432958022766121,0.8988654742518153,0.9895053498896517,0.6287441485228796,0.2310970319409365,0.8888121885369263,0.7927204650125812,0.9237915687477843,0.6542865666173694,0.40983186350089484,1.0102995792673097
146,0.40054296122880423,0.007914782102780623,0.009775628321692913,0.27625576084849335,-0.05379287738225835,1.0272110308052027,96.50372496444389,5.8366883649634875,0.899946826809925,0.9294369585242069,1.0047872860920712,0.6127847458478266,0.2983268334152809,0.9292576411512082,0.9029408317484879,0.909152587576978,0.641563647697499,0.31275336428355627,1.033527574928152
147,0.20614937918201748,0.007027672433969923,-0.0009920775992769129,0.06454453092124472,0.22021661045570579,0.7307752237809717,96.5131475995063,8.881466594902372,0.9316946339342381,0.9114860701594067,0.992752967134889,0.6467612010940257,0.287564848447909,0.8866647252547567,0.9553162766058059,0.8534340096427779,0.6391132574531962,0.19664103335869243,1.0055993662219518
148,-0.055077143161590875,-0.002101459570610312,0.0031846344006136373,0.08668742191258366,0.0064262137583209755,1.1550601385283696,96.50002107735183,4.460231225955647,0.9271229320521202,0.8734380711704647,0.9974920675577427,0.6525467229070111,0.3644443875763481,0.933213838320579,0.9826674640347559,0.9245695208103718,0.6402206514782894,0.4831919512579653,1.0059706030874966
149,0.3831890163289483,0.0036497088991374444,0.011324184284094149,0.23379738799446786,0.41908380119862076,0.8754483434217227,96.52022506404337,8.415565901593334,0.9124738193003638,0.8424651592962493,0.9966265490881195,0.6083226783347594,0.4137828668096852,0.9063018637741103,0.869088006124011,0.9259658330621702,0.6898147059260067,0.26996517041512136,1.0131645323327856
150,0.29142757786152557,-0.0023985098182751807,0.013993399178727595,0.04111829173852094,0.5424401703486952,1.2357999464922924,96.42461930005841,6.4682161899746005,0.9350375974638375,0.8997660203877965,0.9833347952306938,0.650914775913052,0.41140148928252424,0.9183991021490056,0.9396432355273081,0.9663999079909648,0.7249200560830588,0.46163179446522945,1.0144109963433336
151,0.442031358464494,0.007539285979039842,0.01442476513699804,0.07873338180920292,0.33907159929927244,1.0780723214234285,96.53299918132463,6.2963475008224,0.8947051985646233,0.9008847184464701,0.9867178142572242,0.5306661028483158,0.39172812341791824,0.912764860300847,0.8800760578139283,0.9309181890537866,0.6842114219464647,0.4065326311678833,0.9827857636935585
152,0.42745160276813077,0.007560301964875156,0.008932686481675353,0.030023190636167846,0.5197032772338438,0.4187359867969416,96.52159804461688,5.843097621410564,0.9078721443002296,0.8498259239463287,0.9910219106334401,0.5799511045362087,0.5297449780034339,0.8976107707816992,0.7641309000159386,0.8997017157830864,0.6329563990237898,0.2565824056826714,1.0085708445890347
153,0.14271954191677322,0.0009236075255012093,0.01693805103506418,0.09800484157744575,0.0700426981359265,1.0925568606970837,96.52674623231631,4.936157164518718,0.9146278672374523,0.9110251035904765,0.9921177329523974,0.5318992420499208,0.2649489219999174,0.8943504568437883,0.9535319565044349,0.8756807725352259,0.6486975805422907,0.3191497306857739,1.008513988724142
154,-0.004695208578963994,0.003854035624323053,0.008692607146293075,0.11231216867983773,0.27353103421872565,0.9852000561363488,96.47812191134555,8.478403463568775,0.9255527684633608,0.9032842224916152,0.9891135366349296,0.6538237638220089,0.5364349898730774,0.897799001995914,0.8275465202928413,0.9308448768529185,0.7334640663824631,0.2727210949328217,1.013052866178396
155,0.04777500418614879,0.00030192941660281457,0.003464441216725633,0.12240588137873412,-0.09259389883711622,1.085562098062434,96.52609847859696,6.754019226452607,0.9100094043554263,0.8924509943643947,0.9928924217269708,0.5361114925890398,0.4825970648284551,0.9176511932793435,0.7796567171713672,0.8953037280358501,0.6671944380827357,0.3187937746431667,1.020503998033528
156,0.24347794096021605,0.0040167636862175424,0.01329670544792259,0.16690562454040966,0.1086006688151405,0.8620642325590845,96.50062547967804,6.388608153059352,0.9341247193589503,0.8947272878988247,0.9935767984197601,0.6402848939105773,0.40904589562931576,0.9168413387662651,0.9623736239797543,0.9003579200977871,0.5581030957665459,0.39902293828483454,1.011116851561972
157,-0.058885977015026125,0.005360497678424734,0.006275077910401845,0.11815489859350761,0.15259355936023647,0.6988353688045899,96.49165733502751,8.421648116234119,0.9124660333535012,0.9027860864369298,1.0019497591525686,0.6069942797817578,0.3510416934707802,0.8856424292381126,0.9566104717672428,0.9114412062313358,0.63296483649685,0.31300581458518806,1.017954800959337
158,0.1481947520355062,0.004187911437001379,0.007174037215186808,0.04100711218875347,0.2861870850559032,0.8028228000405591,96.44078041973223,7.656504715136071,0.9129518001310412,0.8921408404684602,0.9914138432241411,0.5516615481680909,0.3661627729661989,0.8721941347696707,0.8438177898742865,0.9373048412082592,0.6645446497674298,0.4087622809328211,0.9839106542380105
159,0.15239455705453103,0.0016205008159055241,0.009472766249601496,0.017970677047314546,-0.11725986568038749,1.0951135477147962,96.51651893946006,5.755736344265316,0.8886492740483108,0.8532259974115401,0.9952611068179762,0.5375492488458087,0.40724039671306855,0.9181726436125149,0.9871232267933728,0.9339040940571764,0.631549778382637,0.41447482632503274,1.0224872506209095
160,0.029683445559737676,0.0023611766061853784,0.003157676261315933,0.05981592288012609,0.2875395461830572,1.1298555032740702,96.49274335734711,7.334737782546741,0.8950088474210374,0.8934117253677389,0.995742198040183,0.5882354847363586,0.42367471444772054,0.8661096158265253,0.8239103095369318,0.9199892453734955,0.6039641459679789,0.25296825858846345,1.0019841303590993
161,-0.05361140505892775,0.0013285653248224405,0.007840033433925064,0.2498007482286066,0.8151656518874929,1.0077930935745725,96.50715839478008,5.566566849882627,0.9333537147139771,0.8814638535392331,0.987387759638313,0.529079743314002,0.6409730497520629,0.8666464598913981,0.8445745291570034,0.9515169391817319,0.5785237733322067,0.25703480382396177,0.9915881007194858
162,0.04585961137983663,0.00015436244195384712,0.008936930604400744,-0.03794404263622311,0.19877959674165363,1.278590685872412,96.52794972292698,6.288005452126489,0.934516986699309,0.9014667705735293,0.9943304982920841,0.6159636813882242,0.3589286400623717,0.8964034529472289,0.9048211134369464,0.9204703976528233,0.691786101360585,0.2822503714769292,0.9910155670433561
163,0.17006578003634468,0.006727481141744615,0.009888105488680023,0.17394254370900164,0.5740884761935193,1.287629854722233,96.5086046531923,7.234729294353297,0.9104428514785633,0.8596622500632864,0.994963968212511,0.532395692061531,0.5733150682235838,0.9085228712636036,0.8368908186026849,0.9575426217545809,0.6068106766641082,0.30404802541757875,0.9964805345767223
164,0.259296922334994,0.0034869214382290794,0.01280521034725892,0.24680428730521903,0.1185801790975306,0.8154090409370679,96.40943176876846,4.4824935629921825,0.905037306200184,0.8691967949885946,0.9893714407894759,0.6488859509220464,0.6878398000853856,0.9337089045378871,0.9617173656878322,0.9183533692853618,0.6093167550245363,0.3671121175412446,0.9884239095525936
165,0.10306191477934358,0.0055003399282347884,0.015658621705899965,0.09686442693946881,0.37438808941813495,0.8305978946396945,96.32502380947312,8.2450538970237,0.9236854579262359,0.8776745368768484,0.9931807348021725,0.6071395104369413,0.31943773257428426,0.9502329680106927,0.9271919215658668,0.8858806702199972,0.671238240450123,0.3963658992898933,1.0156319227892578
166,0.03224686325721318,0.00502608725991516,0.014427558822641129,0.28080152888623894,0.4911059392789642,0.9483575563063852,96.51346644201064,6.596498655445203,0.8868606844226548,0.8819456329106404,0.9829481937654871,0.4971992943404213,0.35697771172179754,0.8926185929893916,0.8114253895691848,0.8794154360401084,0.674449098890902,0.2940164047922562,1.0207894414011682
167,0.019813482560558954,0.0025392905862548602,0.0015866656604735666,0.10999674780842872,0.4979227407080449,0.891954737130589,96.49565768971132,7.593651894035435,0.8773792325141472,0.8647203127469912,0.9929492638286459,0.6334610518335232,0.35920880980591724,0.8681803610755026,0.7277075824131389,0.8985707311573323,0.6256657851723367,0.3055280735397476,1.0145925901089656
168,0.28807058777863437,0.0021750291852335873,0.00539593823530457,0.012886180943267461,0.5521937348728347,1.3772467659740653,96.53309930905844,6.654200572827362,0.9166978785498716,0.8832830487954417,0.995309697366659,0.7008079840021761,0.32263216806897244,0.9074061408830323,0.9246750385714643,0.9064185714465842,0.6047518379660296,0.46785015618314996,1.0007526285566306
169,0.3886944075711396,0.005510546146513988,0.012341544462232375,0.21267817851878681,0.21768311808677537,0.6940307199276899,96.5263177527403,9.034075528074913,0.9079367973485208,0.9012284641925661,0.9844776403088265,0.6349158553687477,0.6849160934535048,0.8765828276901003,1.0523572643785137,0.8718683212549516,0.6184415020459361,0.223157073774578,1.01525298522756
170,0.16552548200821182,0.005858851139995014,0.013650332139486241,0.17444816653746525,-0.05318893732772678,0.9848158915143254,96.5053200160248,6.498079281955318,0.9159490368447981,0.8908786761114944,1.0041843944460174,0.6590839248491845,0.46726891792832137,0.9062593901802298,0.8114688590261838,0.8759304277323002,0.6124205780360713,0.3240602643658879,1.0086706934526697
171,-0.02117625541815285,0.002060227289010527,0.012337971963787376,0.016807030189369174,0.43161401521977427,1.2258235669951245,96.50127099590611,4.585298528086203,0.9218478254033429,0.8707270832081694,0.9867760936573925,0.5620230643385575,0.46191409100036984,0.880436310251411,0.80925117095488,0.8899327023910553,0.7215361589834093,0.2771786067724627,1.0071192272259732
172,0.19130232569063985,0.004330552131860298,0.00862352911916989,0.17751455157851467,0.19001599617752782,0.9157178327499538,96.4347333199197,7.259864888333063,0.9361278642116887,0.9442732091909791,0.9940725558636629,0.5334476067618654,0.3142045827352728,0.8958898184109023,0.9599731017373679,0.9184895709827907,0.6718747466658952,0.3463537101280032,0.9906308316794996
173,0.34157518046932095,0.007654390473457878,0.014351961969547949,0.07869370957316534,0.0633732657375271,0.8690745688503676,96.50308420288474,5.683536219044373,0.9261239179818578,0.905319541899253,0.9890678340954459,0.6363784323183264,0.5056284609645058,0.9178315582235599,0.9015198718844535,0.9541946093942262,0.6858834270172708,0.28447384558469335,1.020357232076129
174,0.161989489888974,0.0011016933869981414,0.002581875805526113,0.13555129120295348,0.29607897394503413,0.9492585909289165,96.52223153432945,8.047375805437749,0.9291636226766636,0.8670757201742753,0.991020470227239,0.6014391120305602,0.38689264810959073,0.9558865692140185,0.8823038334237727,0.8871989242615794,0.680237203425359,0.3922465921898179,1.0097824061086424
175,0.2601341335144191,0.0024939996837907603,0.005966744587922561,0.0688595531992031,0.1923034333143914,1.1772588146294762,96.52891492071862,6.964487220072968,0.8891763820777735,0.8344238551739837,0.9998666674671896,0.4936129663561779,0.34623978036450315,0.9160199740535575,0.8046037969523718,0.9160706642609783,0.7126711475917735,0.4200046897774114,0.9803383154805911
176,0.283012285450057,0.007685571735048342,0.005124806340011527,0.32810022081660156,0.3153206489654521,0.6066840247981193,96.51834780887748,6.062241669022801,0.9306462001006092,0.9058746807255433,0.987656548228598,0.6249688113244443,0.3744280028805648,0.87077170847661,0.7967207450197764,0.9117033264029105,0.6209055498419036,0.32962643324415564,1.0052144077011749
177,0.3840066277233831,0.0027176311620177806,-0.0019163447726135473,0.08963794087325741,0.4280113794994357,0.9007650992668677,96.41611823170811,5.062460940206856,0.9479718457761827,0.8550621484383287,0.9998034298664608,0.6166958737484035,0.49692433649918377,0.9405697516369357,1.0331234853311262,0.9057229264740044,0.6365466728242424,0.43833980338186573,1.0109512445299607
178,0.263383869501161,0.0036741977786909344,0.015841981918530833,0.11730024296361068,0.7517347525172525,0.9918153711439678,96.45103679997486,7.850651772489076,0.9170254382853433,0.8940291378672667,0.9805457898814739,0.5068137966900259,0.6610892450770618,0.8805758273304218,0.7562442268237286,0.8897467455586647,0.5556774860094594,0.3432523644778153,0.9839539338472382
179,0.1905913307629854,0.008413335453282966,0.007207902371373809,-0.07840988554266598,0.06424737643983897,1.4994287936899364,96.53014218467392,5.419476270343614,0.8949384500662184,0.9147497697851946,0.9957430449069102,0.6459942769377351,0.3489011801214481,0.8933325734571029,0.9018126229374112,0.9459921774302279,0.6703495964984646,0.246828030184986,0.9980757065853273
180,0.14789172154157054,0.007335483977007263,0.0028098770975993276,0.07439128530204132,0.28330820067570556,1.3076294591026218,96.512929723795,6.069866932423028,0.922345243036935,0.9216170429367433,0.9907093703590538,0.6220165973564235,0.1790030774598869,0.8742608491281729,0.9586628296174038,0.8931670444166354,0.6232673277632773,0.3737284747362751,0.9868309698261528
181,0.06685607195763912,0.0042953453848343075,0.0032199993763584404,0.2678426974800056,0.21467402203863106,0.9337747786474034,96.4990793732184,5.275407118697654,0.8980943208434833,0.8708792620490924,0.9917014384842704,0.5753631291778829,0.40995558518672437,0.8779310387222065,1.0490940433629212,0.852076879986123,0.672674966852597,0.348019101410695,1.0031523311701194
182,0.2706222177328046,0.0032066723759093738,-0.001709975661908134,0.01979463602464937,0.46415718821806834,0.5442090489367908,96.52261806094435,7.08490884520623,0.9034849040722116,0.8451133645684998,1.0024458827825864,0.5291799932426082,0.637777801722557,0.9285957420162133,0.9581622711472927,0.9023120267108269,0.6894679101031496,0.249875073181636,0.9753940079773314
183,0.12258381480581074,0.004248406075173552,0.006864410266891866,0.0780154170307216,0.24808837218444052,1.025097211195824,96.51258011578585,5.716653849303958,0.9051752763484819,0.8874877290613543,0.9943196592615917,0.6258600739549849,0.5483605891861854,0.8893147920785076,0.9700406910814673,0.9061153980200598,0.6027408175697544,0.4161182012023808,1.0024571153729063
184,0.14243013963697237,0.00018456037706157365,-0.001234409589631961,0.27182896447772065,0.20512247397379818,0.6435804461828002,96.4500137070969,5.038876630069972,0.8881421252205135,0.8684755400975034,0.9942973002527626,0.6206436587209723,0.5352139435028508,0.9478474837787962,0.9879216750989591,0.8883459260597957,0.6899327590953016,0.2933363668020023,0.9871231200217451
185,0.3109582697915455,0.005626776442692412,0.017523799671104182,0.04561564055085733,0.5836695016095699,0.7586840603344693,96.18698961749863,6.234425607462913,0.8714727822362365,0.9131689567587866,1.0033339916053485,0.6112206038163993,0.5037168889730744,0.9441609223181534,0.902099179305914,0.9381087269959517,0.6445224845144062,0.34419885582231546,1.022954447101056
186,0.046473873732284315,0.0006162202317216768,0.012569641183748797,0.09869124602918827,-0.10941757857641626,0.9955018758316379,96.53219396415797,4.80921202115566,0.9074511604572733,0.90571864070474,0.9869291561821757,0.5641637745228524,0.6128685408926287,0.8679733260008858,0.8667547586388334,0.8786001188993044,0.654049951172254,0.2958095737347219,0.995031883979754
187,0.06876357394142275,0.004765495153405697,0.00552688314784545,0.06987736585433,0.24544545201770987,1.4087654235902112,96.47972926912838,4.699570604661148,0.90272941284674,0.8595029343208165,0.9905260640146802,0.6673869979641283,0.6520380973090325,0.8983153957313048,1.001920683151085,0.8871165013307538,0.5458970435251584,0.18118200080822155,1.008592477041234
188,0.30735616530665155,0.005423783526113504,0.009410506678809086,0.248220326694795,-0.00020422274550307984,0.7570949090488861,96.52490337857851,6.332003353343821,0.9157585904095303,0.848303249053811,0.994341578873253,0.6366651854388807,0.5036741083700573,0.8850710801010054,0.8704967782981986,0.9069987927119836,0.706061226035901,0.2298463231013187,1.0136858671808635
189,0.2757848316443561,0.005645371642967923,0.0017820377715980027,0.22104652954768045,0.2590012203997045,0.7281245755212565,96.36627363894223,6.752769174090164,0.9253173393410504,0.8735637503238105,0.9971678871839357,0.604285496837405,0.23627892759954702,0.9525283245947684,0.885090116172902,0.9194575120366346,0.6524558910051905,0.35614080942044357,1.0085797507246859
190,0.35920004021542135,0.0069415199512984985,0.010784378593147074,0.34301053167549855,0.21996928342571362,0.6651875721641345,96.51654243311827,6.058473028411795,0.929843345237656,0.8739190902757905,0.9850062578697203,0.5749940750328544,0.523468133639866,0.9546187624957723,0.7240096955108013,0.9402958698552111,0.6075093692991812,0.3487554578939995,1.0022144218841686
191,-0.02671306740656751,0.0035646442096224566,0.006249002154249625,0.3051266631064847,0.41862461567729337,1.3765834439625892,96.48451973791285,3.6033124218847066,0.9444842074409021,0.8629926184468995,1.000886202887725,0.6858556407149783,0.2749191111335761,0.8760511237647797,1.0022925183908118,0.8694900686835425,0.553789929403877,0.3377652696390965,1.0172731763454184
192,0.26129231280918586,0.0022720634378310027,0.008293423750131753,0.21359116242487436,0.5535012494925378,0.6677795825503142,96.52161902109742,7.17988781674119,0.8990468851959744,0.8436557442757355,0.9987999105904567,0.5315980629185417,0.536472959754079,0.8479270416556078,1.0409272926300537,0.8741696460824369,0.6191295917684974,0.350678221877133,1.0310699584596033
193,0.13544107776156517,0.004703414286553994,0.003906395772741907,0.03962745703200127,0.35169040490273834,0.8567866832965565,96.53027223885331,8.883104892090126,0.9183729865871203,0.868351683686532,0.9861375870258927,0.6406557897220879,0.4342657462811109,0.9285288064924032,0.8218698624040384,0.8865796078050845,0.6613274865434996,0.29673824130753135,1.0052473810967892
194,0.07996838920635564,0.002061310501133831,0.015257609999197574,-0.08823670921904997,0.4984877912204409,1.0618710556234652,96.48124461008321,4.54492663704575,0.9547564390191718,0.8375122302120515,0.9996789933213088,0.5984930812035355,0.6065202192598655,0.89517191612114,0.9616816191944076,0.9049715921417196,0.6735235710150193,0.3867452567732087,1.0457882781269587
195,0.17922680588643147,0.006151232763409103,0.002572610104090149,0.19687751242249588,0.23162361420389277,0.9711809576885795,96.51808798020508,6.631014678373666,0.9106843870703347,0.8813680084594662,0.9932408526854634,0.6882531695954238,0.25053833326693653,0.8953719058396935,0.7996981733582501,0.9202725611789642,0.6357294050120139,0.3317101846710339,1.0097890121862358
196,0.043487294131442644,0.0012941856050171247,0.006050067946941773,0.2617832859024872,0.21988557962427807,0.7847221107086805,96.45077025882868,6.60595211777635,0.9158050403207647,0.8875018356673893,0.9996022618571105,0.550162065578038,0.42652485282298835,0.8612026599235675,0.8038679785110925,0.8724030854109237,0.5999964376589733,0.3840929557824553,1.0179196241564956
197,0.1031823134585694,0.006929922628409118,0.012380532138641116,0.13054722956656753,0.4594350867169128,1.3111076154197119,96.4957491471665,7.617066234472215,0.9089762173491396,0.9055167488765717,0.9929053362809969,0.5150002776285119,0.44200680095645917,0.8740560766432011,0.922415910382708,0.8905450691598371,0.5429976252949993,0.40805028641695995,1.014682952263564
198,0.4032286917663254,0.0024985212443775755,0.0164273985867447,0.08715227800530972,0.3484307247811345,1.3835024533886604,96.50332836911832,8.503996044127339,0.9391771925352131,0.8383752572465426,0.985280757314678,0.6191211044563394,0.5292893910209266,0.8499489010446286,0.8688451182025156,0.8871787817398726,0.6641933493938529,0.23950892633319185,1.0089513581519218
199,0.3984657912880972,0.007111848616299514,0.01565620204940158,0.18725504039790858,0.2899723509029306,1.0477231648204373,96.52900805629226,5.524223988504305,0.8949991943859268,0.9190315172475243,0.9899818621170731,0.6715676441505856,0.3871277173342411,0.9499920567477325,0.8983212069923047,0.927840633444825,0.6728788059600556,0.3120163655444071,1.0230758900952148
200,0.18693492087382207,0.001032414636177315,0.007042560303286958,-0.0026075117680432747,0.3085850808592585,0.6176396567833277,96.50421357659746,7.9797050972126025,0.9085766363295417,0.9029955027067987,0.9952551426360502,0.602095980796548,0.4240148118584108,0.9002082532816511,1.028311684629676,0.8851254651370185,0.7048427922056761,0.23899935960838975,1.030779626315598
201,0.07796812169475582,0.000507861371093338,0.007593173944017564,0.11193374878666652,0.12697533935954639,0.8847912499651792,96.49632921677528,9.505667996186375,0.9084321174551234,0.8890552912440135,0.9997397787770333,0.635140719456648,0.22294992588785584,0.9352909536296332,1.0456838350610265,0.8757482496783998,0.6094326050427852,0.29959200748690984,0.9941767010317367
202,-0.027756203599721363,0.003350464755733539,0.006162142591632891,-0.01987470837175548,0.32903801766397234,0.8932334403644074,96.47752617929797,4.7033040039592,0.9087558841529493,0.886763082749491,0.9891421045167818,0.6730168887906615,0.455782416299874,0.9241629297580123,0.9325931450142113,0.9652228927999568,0.6392591943769692,0.28168533322420514,0.9986119690628563
203,0.26072038599231706,0.0026179214095945753,0.010372270613106437,0.10829351034635246,0.3600340063882333,1.2156609094709212,96.47881497426287,3.8042031648453416,0.9182457145616286,0.9107718917278201,0.9951262884352159,0.633810127851719,0.4731666890047088,0.9240955579605065,0.8375012625823723,0.8830093467461952,0.6456668418565541,0.26153633284762745,1.0175933202576803
204,0.38040719084558916,0.0070641538700097015,-0.00019019619935633364,-0.06798680725608039,0.04939171314731425,0.4687296424439654,96.47832132775396,7.792696888368147,0.8918996058953056,0.9006812918644821,0.9929359645403963,0.6755947337675605,0.17073977892788514,0.9114486910190185,0.9684052728729673,0.879090819233373,0.678241656691746,0.17425538872286803,1.0353042547905396
205,0.08515424286296695,0.005449110595019765,0.0012753960735266872,0.05598340831762667,0.2523214186384295,1.1259158387633879,96.52554330107844,5.698753563302732,0.9077212767405421,0.8531308521558124,0.9805680586032137,0.5877976341795111,0.49344482380859916,0.9013263635880897,1.0196927568893124,0.906138016786762,0.7217631669036252,0.4132682916834032,1.0023702980624216
206,0.21722376424140682,0.004193705745361617,0.005609125802340758,0.17839477255942765,0.11503181857227818,0.9152974224571164,96.38431956531495,6.714349626052703,0.8951269527776655,0.9436205726098625,0.9871965682214765,0.6187089892113308,0.2450949045760737,0.937084597784357,0.9450736872017705,0.9441296148324575,0.7533350200505382,0.4877437981361323,1.0382577801210024
207,0.11664113454250057,0.00564830773960626,0.010205912444758847,0.10473721282644195,0.5963429191908478,0.7071059920344469,96.47854955186233,6.633127274359516,0.8942652773921248,0.8535873270514011,0.9915774338777875,0.6432607377024064,0.33224712471879025,0.9227849291225518,0.9202768126085576,0.9414158013711553,0.6146215378400074,0.45272290893913003,1.0089415313602943
208,0.13026762542345677,0.0005049615109418023,0.008906486576792516,0.03344706495266973,0.22468429033286746,1.0557297986126308,96.50041431644051,6.424262945919302,0.8955984858215981,0.9019057149065669,0.9870684757034633,0.5713184205749431,0.5696992882851314,0.8915669888948818,0.8642076829442173,0.8669661516322056,0.6066683332583251,0.3303370002643619,1.0023845137999083
209,0.3527742227066749,0.007486780956778117,0.007479539539562981,0.2540635768336309,0.18294203454912963,1.4995592250927672,96.50454164875325,6.475891499672347,0.9219174241424625,0.8755760851634308,0.9950909833045921,0.5405512691585326,0.4152734861152108,0.9089483202444808,0.9469853680794131,0.8638236234476316,0.6043438143922998,0.30095743872478964,1.018722656829464
210,0.15740749860798908,0.005281328837376769,0.014074857932358263,0.13023524985888568,0.2657026670981447,0.7979781324377907,96.47606174126928,6.403581230210402,0.9079976910217465,0.9103563752044439,0.992813621805185,0.5545484044432734,0.5775424547269064,0.8726468429882231,0.8052285825542957,0.8735786412284207,0.5850108186043321,0.40140153514976135,1.0164526333403034
211,0.32743164980574857,-0.0002062941345363058,0.009693279948560877,0.22563124015499697,0.3326867217161296,0.7803291602892555,96.29884963673105,8.04913217918952,0.8955155226511525,0.8854953192446788,0.9845313592950307,0.5157022169446875,0.4206140013869921,0.9096387276464059,0.9076142142829221,0.893769679186269,0.6505468796036302,0.2158901067208454,1.0143229295679839
212,0.04013820505278651,0.004297410746931038,0.007461403493298701,0.18033331619670756,0.5516777305605705,0.6390317483782433,96.36713227621269,7.200399653578112,0.8927051429307531,0.8426805557728944,0.9944891532515171,0.5895489036487341,0.3189092689570625,0.9251447544275737,0.9361156016079459,0.9136876912618938,0.6134242304419755,0.3064933371943759,0.9988802813938181
213,0.06359385319874238,0.004823115638154795,0.00878532035547887,0.09245397149425744,0.024742709518183192,0.6206359006578422,96.46098944077912,5.213477959088073,0.915884004415357,0.8617816917573249,0.9944400820876476,0.6421734539667608,0.2063573200429535,0.8878735932532092,0.7889112727800657,0.9333027785709422,0.7617771455305765,0.28439392770534844,1.0234925547227054
214,0.36126197832322166,0.0062225275805864975,-0.0001967957559216478,-0.02142412358484927,0.8038066795599084,1.4463497905657343,96.52915321353765,6.126734210285166,0.8869509868094695,0.9362335405592705,0.9990809729908484,0.6526359273561514,0.2585147296240466,0.8728898660015185,0.8048634520229645,0.8468923910249635,0.7010848873905196,0.4720659297985693,1.0033187049921235
215,0.3593991740309223,0.0020958629325061075,0.017222949984356608,0.019994339430806793,0.48427781131505,0.9943275604543277,96.45328659743528,7.853248003647492,0.930125072402663,0.8932694157642175,0.9865003631676003,0.5718152456989902,0.24959856581476839,0.886374299247949,1.0541672057880103,0.8472191006561496,0.6941361886876694,0.16523354117607944,1.003681815167075
216,0.02063560445096818,0.0026413848877510663,0.003341372964495359,0.3716791091329893,0.42838990555791545,1.2737464618402736,96.50842341640035,8.75190063623475,0.9212844004797212,0.9085937809580295,0.9905591619530983,0.5788574890834061,0.558338607028325,0.9330727293067002,0.8621174255645936,0.9454999324504064,0.6154953829680627,0.3219280578559746,0.9935403473282545
217,0.04209591303126464,0.004835475927332829,0.0002334643967154236,0.23233728035359857,0.36019345971488137,1.2389039888487086,96.52416724395447,7.766525672093802,0.9336744409456373,0.9047280939974571,0.9861146164201721,0.6603409492222205,0.370718774989396,0.9376339336646738,0.9989245174831592,0.9149485315030187,0.6938407520868553,0.4069064334455092,1.033912619717259
218,0.24891449877569227,0.002616743370820747,0.00450113218892474,0.11693223883404494,0.3482685904867344,1.2057702581121101,96.22035900275526,8.88194931611692,0.9324176071070898,0.8829523763075597,0.993852303780658,0.5990024319193747,0.5977345382243962,0.912649259374533,0.8515083521386284,0.9164189891873058,0.7042132070599019,0.4004410579419759,0.991160174153616
219,0.1012566116744377,-0.0014093553790102977,0.01556002273881588,0.2178449422648896,0.026628940938790202,0.6481723542580029,96.5074956965873,5.443188587586311,0.8785685786829821,0.8836682243024234,0.9832399189402709,0.5612285987944333,0.6186627782666586,0.8635902744706372,0.9061281318013656,0.9343524823048246,0.7352170442010844,0.4260099225655267,1.023894301345724
220,0.11898973350562972,-0.0003931492258390985,0.007334095527997402,0.11242517464782877,0.3934965386206015,0.7676253948133713,96.46708464665372,8.766414486379887,0.9019655315133103,0.9007328406306206,0.9953853271975173,0.6170054002613593,0.6512867992424204,0.9621845048948813,0.8811744674230517,0.9123888859914219,0.6974900872063188,0.26198297412630966,1.0199115748730379
221,0.3002125476721764,0.0031524198549542134,0.01787510665833508,-0.1012366992189381,0.5135536601101331,0.7739317899241401,96.51629043566528,6.8270596480828045,0.9105643401179799,0.84026586536833,0.9915974454222956,0.6605119010660335,0.23776078474885476,0.936696620515089,0.9948338637434404,0.9389385184907273,0.7225477903687775,0.23661820622141436,1.0193237075359358
222,-0.01520384966274968,0.0003380637823956344,0.0026211760020545503,0.104992564560965,0.1879425933256627,0.5664283889379809,96.47548055291487,6.197303425672619,0.9430049173420447,0.8730037939112052,0.9856285374251118,0.5192830538251866,0.19972657162548468,0.9278930953821689,0.7864874812556004,0.9176436179618294,0.6908732703831183,0.3138409065752879,1.0053088889903001
223,0.06983782542960527,-0.0001572725210447312,0.015163739086138557,0.1299738006800466,-0.006903061593493576,0.8912558970123203,96.52500518443078,6.482720276096176,0.9105718132108181,0.8688884042818458,0.9912999847928786,0.5649263713278382,0.3009364244045684,0.9352090200372339,0.8579296557371973,0.8905084045321788,0.6312457217052527,0.28750447745997776,1.0022814345527
224,-0.011004119733810186,-0.0012622484195022143,0.01481084100515788,0.059636506003386616,0.02132691730908015,0.7209950106902508,96.50734578467298,7.0307552998217275,0.888286213446059,0.823645266060458,0.9909887247632481,0.6303829311501007,0.4154402044757156,0.8924278555220319,0.902211064575441,0.9187796854222869,0.5883272397373495,0.21899299941065928,1.0081382516461985
225,0.3702957584953306,0.009449498498607064,0.017595241499103777,0.1124200940072463,0.3402631321520755,0.44028785036904733,96.52360031960684,4.880226294361341,0.9241550702684573,0.8843303093969214,0.9958239319325303,0.5360434571357335,0.5829683429836108,0.8700192222140511,0.9482497398374093,0.9198003746667824,0.5700652611719556,0.331005483900076,1.0297878128695381
226,0.04872059963114335,0.0029184413596961135,0.01447793471412077,0.06183751337118222,0.021779482391033056,0.7178750430663359,96.44560109464871,7.02952666775904,0.922791053226364,0.8572421009127034,1.0010843058466707,0.6520609206652952,0.5438546322141964,0.9217623778393838,0.9349783396478324,0.8972689980035268,0.6545384368986581,0.3084841927983802,1.0027614286900957
227,0.03850881638173467,0.001693265799118849,-0.0031293398320492117,0.0954604675836182,0.44272821740727236,0.5755965394719879,96.24898182999337,8.174974063580047,0.9343898071491817,0.8588742564912232,0.9830855599452261,0.5710416079339654,0.29857697806270833,0.9252893060586199,0.8166719565487359,0.8818439553799304,0.6998390114284363,0.23940640292331225,1.0305296306761338
228,0.05302684039165845,0.007801222129787018,0.005592227554537179,0.03774118814170732,0.32020652214544476,0.9227968170056373,96.3719856744388,8.597337687307892,0.9037609573512613,0.9185816767549346,0.9861076070016241,0.545086292650998,0.5176185407192128,0.9045253044918095,0.9372553339124898,0.8823854584793608,0.6182989125223786,0.3123164107545318,1.0251594955653853
229,0.06806845865775034,0.004634203655622317,0.011205592622522006,0.21268295738373186,0.6593022872940464,0.5771781825132476,96.52353431361472,7.325548882678472,0.894877439541277,0.9201924808857178,0.9807568502153876,0.5476253021921151,0.7345652983342212,0.9109558911623379,0.8644613665218513,0.8900084960141622,0.6693285491234003,0.37381954067692474,1.0054786625687717
230,0.055730052919220285,0.003114163566379502,0.0012268220346619172,0.0241927501975239,0.5610358767137165,0.7963274871165663,96.53117254939846,6.449220743842092,0.9174841691017344,0.8800444213584079,0.9895563647121068,0.6433358189423278,0.26882455831147456,0.8891139124080272,0.9071492642681216,0.9387130708649476,0.6828991557147062,0.3676567317455733,0.9918219107090969
231,0.08963439735201112,6.767017681020421e-05,0.017014567357626745,0.20442341223653215,0.23982139763178603,0.8546017679702154,96.4797868845283,7.757215546953139,0.8896872392063765,0.8829326757571753,0.9974940962693833,0.5571687546306378,0.3632361902190113,0.855487623029722,0.8486209856023947,0.9192904283877217,0.5901977467325845,0.4115774180015389,1.0080926570512836
232,0.3237755619130529,0.002610692701081485,0.004049335284363074,0.1976470808349784,0.4152729717147667,1.385038895500837,96.50597727908199,8.136243255123215,0.8928913442050975,0.8929616016271469,0.9918610930133772,0.6299203135686385,0.35181669046957326,0.9083222431249239,1.0272438934876764,0.8900617692381887,0.699705627503574,0.4071847630635508,1.0140407594061616
233,0.19932012682622624,0.002056617876093091,0.008790609453220993,-0.019710884737654755,0.4369430523691811,1.1740502194299152,96.42900002825617,6.352026746794247,0.9085713915447523,0.94020964565007,0.9846630114796764,0.5185061507741903,0.7518846714326702,0.9246004194505231,0.8453030046876976,0.8777998291638693,0.7061765083954119,0.37006829461852986,1.0306746612854691
234,0.04059666693254807,0.004103015848640402,-0.0021461714354582525,0.0663420192206512,0.17235556203037836,1.2553170325775378,96.3157267536076,8.256805482195787,0.9311517811033998,0.8759903608472323,0.9947990161865794,0.6375586264332114,0.38963053576710643,0.8814135331617257,0.9222849606154716,0.8728080384149084,0.6917469249683805,0.30737339178160517,0.9862495583545878
235,0.1708038071958645,0.00023407659506779685,0.012909365026572195,0.16714052984946806,0.25309636898472865,1.3254343409182268,96.53155739789493,8.296711001084404,0.8983195072551375,0.8810401820806949,0.9972791923224837,0.5703683940954843,0.6620027921596388,0.9047942689656094,0.8171088884117945,0.8802412002487174,0.5690964225222206,0.35808087524472737,1.0277306012306406
236,0.13340804297305892,0.0018430041393535327,0.0028447604034056665,0.06198114956637281,0.14737047582893145,0.9642690724395789,96.52880500396054,8.387689054213702,0.9085654526143405,0.9082918812525713,1.0045766696042542,0.6336133068080438,0.5092651668988566,0.9004398577592058,0.9752379013680913,0.8757962238416811,0.6235533205869047,0.40898776742763854,1.0266130784293648
237,-0.1097038515426621,0.002040206041798276,-0.0011122047251129813,0.012413600295045873,0.11794920779789572,1.0130156508977681,96.45348377635244,5.425097320311794,0.8919451006791883,0.8977536582900004,0.9937338394647597,0.6019241425801244,0.3135994700002547,0.9288858825886351,0.8060201468812086,0.9560703648259902,0.6949757797790104,0.2953715114939655,1.0034992738757336
238,0.31954618285481906,0.008265619532555134,0.004391090507964509,0.018216853901636798,0.06996355419534528,0.8061123739270966,96.5005706611422,4.917166093274288,0.9290768258413201,0.8883918104272072,0.9908961115383453,0.5765469603016059,0.4576526360729081,0.9142988609808808,0.9681843688656577,0.8644807118527544,0.6268543196625996,0.27267022701978666,1.0191151328153123
239,0.0587930462272577,0.007047918512111644,0.006865011223634338,0.11699402626978105,0.2712398193545751,0.6597051040893126,96.39328379435577,9.382019671594916,0.9293316538961423,0.8668887883441522,0.9929096679185991,0.5364305460540062,0.5264317189647009,0.8850339782720401,0.8033583489649168,0.943134336716042,0.6391168033354879,0.32121084357079216,1.0029540751399337
240,0.17044233211579357,0.0035503221205798567,0.012456976097644849,0.007859013202104831,0.34865595709176844,0.5154242144828951,96.08695809580433,7.830899319339012,0.9305572364784844,0.8629861475929561,0.9875039902647079,0.6473991905188579,0.564113794974964,0.9165453322851512,0.7885007510143557,0.8707788246203089,0.7033398541673955,0.3243883848292249,1.0075992133425529
241,0.22670237298828927,0.0039714244292207304,0.003851177402359797,0.2988407216198751,0.26308213633565747,0.49561153725729284,96.20691223966442,6.131771628990627,0.9464022935308365,0.8972058021372414,0.9984783938166342,0.5454988169041456,0.614835855352025,0.920668666371433,0.7834872353961484,0.8926561028886946,0.7109069198090721,0.3998964687403078,0.9871293156563686
242,0.05560421720872963,0.0029988828308665704,0.012548733994786024,0.0943733951676432,0.1502199678844714,0.8785406041094524,96.48794309953838,8.006014977759566,0.8963391848580253,0.8733975619655865,0.9941364730383021,0.6737916089584409,0.3733095841718871,0.9161090510475712,0.9891447214724807,0.9387183918528408,0.6976630008214812,0.2151404269447621,1.0075733943364138
243,0.12696130460290533,-0.0010122119545375326,0.017829266152905122,0.2539822055102595,0.3107398278178022,1.383024349162226,96.40857201275237,7.867020211866419,0.8980873670056202,0.9333563855712367,0.9958059933272516,0.5932021525532283,0.1895353601240526,0.9104489623035523,0.9808231816108139,0.9628760301589583,0.6059523409254887,0.33017516116748974,0.988439201148843
244,-0.01885087583667061,0.005496578627965209,0.005543417429561726,0.21173883203350674,0.4282685219733465,0.9166434267152512,96.48747546386535,5.669526525551556,0.9343326519570061,0.9339973603935984,1.0013389149150111,0.5174032930932748,0.46050389813223924,0.8891622134755831,0.8582722699216172,0.8905410528372446,0.6459279385771559,0.4195051116155277,1.03102672162806
245,0.05420020061079946,0.004647444797322037,0.016607349571210177,0.0763572995305557,0.14758474940691937,0.9153320966978324,96.38996223858251,7.608824914168226,0.9272771391719342,0.9137101951004798,0.9831879072960098,0.6347026468829516,0.5290122134690904,0.917778071764659,0.8455899124259453,0.9056547148284775,0.6264405103363478,0.40511553036916237,0.9937712840833969
246,0.4545335573153036,0.0014450420997016706,0.003537932064120732,0.05420635518339986,0.6313285823204589,1.055869220434817,96.51638496967095,4.036686836587604,0.9345617618004393,0.8801499205730139,0.9910909574886837,0.6590222482295971,0.3312007088474637,0.9429251422662537,0.893246939365952,0.8974604268774963,0.628765432120988,0.3276909018867756,1.0380942524409336
247,0.10497190619036362,0.0027133391383976826,0.0038234424854852746,0.10866974799629475,0.390893544932294,0.5911642241302812,96.51339735946803,8.603964144080681,0.9082399927274156,0.9148842402928539,0.9916411115299384,0.5530808787211844,0.14903305314606508,0.9037906010235565,0.8762656850866324,0.9168614790321657,0.697273761591445,0.2330581023781404,0.9966148864501093
248,0.22308027163185207,0.004710287571604013,0.01026287070645858,0.023846825234744753,0.23803764564958224,0.8570244912482503,96.28701722358322,5.737539898020696,0.9179908160862361,0.8666076095929696,0.9920300329807867,0.5527703714925805,0.5504670018679331,0.9222079455570777,0.9164697429361331,0.9379652333036672,0.6340138321330668,0.27916132401043464,0.9942433700528701
249,0.1454836028677366,0.0029959609699909055,0.010554903119698816,0.005400280431712645,0.3076736847641107,1.0337669722611682,96.39598612442325,6.357855641791145,0.907924174267815,0.9276596733060928,0.9964151877972416,0.6451754968766196,0.2526996500870755,0.9368415376413854,0.9488571003683159,0.9249418523091381,0.6783730121297893,0.4090184144388957,1.0022725681646474
