,AS%,SrAc%,HAc%,MAc%,SlAc%,N%,MAl%,SlAl%,Zn %,Fe %,Cu %,Mn %,B %,S %,N,OC,P,K,maize
0,1.2999999999999998,0.0,0.02,0.17,1.07,1.63,83.05,12.76,0.86,0.8,0.98,0.35,0.010000000000000009,0.96,1.0,0.91,0.82,0.57,3.77876571389
1,0.9,0.01,0.04,1.29,1.7,0.4,83.11,12.55,0.94,0.87,0.99,0.67,0.44,0.95,0.56,0.61,0.84,0.75,4.394138027960002
2,0.03,0.0,0.0,0.010000000000000009,0.030000000000000027,1.7800000000000002,89.27,8.88,0.97,0.83,1.0,0.87,0.0,0.96,0.94,0.9,0.64,0.13,3.821907485399999
3,0.0,0.0,0.0,0.010000000000000009,0.0,0.020000000000000018,99.65,0.3200000000000003,0.99,0.92,1.0,0.58,0.0,1.0,1.0,0.93,0.55,0.12,3.006308058629997
4,0.53,0.02,0.01,0.010000000000000009,0.0,0.63,96.78,2.04,0.79,0.72,0.99,0.65,0.10999999999999999,0.93,1.0,0.81,0.55,0.32,4.0
5,0.0,0.0,0.0,0.0,0.0,0.4,95.96,3.63,0.84,0.81,1.0,0.53,0.0,0.99,1.0,0.92,0.62,0.24,3.194700316219998
6,0.03,0.0,0.0,0.0,0.0,0.99,93.21,5.77,0.97,0.97,1.0,0.61,1.0,0.95,1.0,0.91,0.58,0.11000000000000001,3.60928095263
7,0.01999999999999999,0.01,0.01,0.28,0.15,2.72,90.04,6.78,0.94,0.97,1.0,0.55,0.7,0.95,0.48,0.98,0.59,0.38,4.0
8,0.0,0.0,0.0,0.0,0.0,0.51,98.65,0.8399999999999999,0.84,0.93,1.0,0.51,0.0,0.86,1.0,0.91,0.56,0.49,3.678571429
9,0.0,0.0,0.0,0.0,0.010000000000000009,0.22999999999999998,90.49,9.27,0.97,0.97,1.0,0.78,0.0,0.85,1.0,0.96,0.82,0.47,4.142857143
10,0.2,0.0,0.01,0.11,0.17,0.20999999999999996,86.67,12.64,0.88,0.93,0.98,0.47,0.0,0.78,1.0,0.79,0.64,0.13,2.5
11,0.0,0.0,0.0,0.030000000000000013,2.21,0.59,90.74,6.42,0.89,0.87,1.0,0.31,1.0,0.83,1.0,0.9,0.81,0.79,5.666666667
12,0.010000000000000009,0.0,0.0,0.13,0.3,0.74,95.03,3.79,0.94,0.89,1.0,0.72,0.33,0.95,0.6,0.93,0.69,0.09000000000000002,3.51802518323
13,0.5,0.0,0.0,0.24,0.37,0.57,87.17,11.15,0.91,0.89,0.99,0.35,0.02999999999999997,0.9,1.0,0.98,0.78,0.39,3.76304493062
14,0.04000000000000001,0.03,0.06,0.7,0.16,0.31000000000000005,92.87,5.84,0.89,0.88,1.0,0.47,1.0,0.96,1.0,0.87,0.61,0.08000000000000002,3.568606411169999
15,0.03,0.0,0.0,0.010000000000000009,0.010000000000000009,1.36,86.55,12.05,0.94,0.9,1.0,0.7,1.0,0.91,0.94,0.97,0.91,0.24,3.4943541919900003
16,0.03,0.0,0.0,0.0,0.0,1.0,94.25,4.71,0.91,0.99,1.0,0.65,0.67,0.99,1.0,0.98,0.61,0.22,2.285714286
17,0.08,0.01,0.01,0.030000000000000013,0.0,0.17000000000000015,93.88,5.82,0.92,0.91,1.0,0.61,0.59,0.95,1.0,0.93,0.59,0.34,3.0
18,0.010000000000000009,0.0,0.0,0.0,0.0,1.5,96.66,1.83,0.96,0.68,0.92,0.87,1.0,0.7,1.0,0.92,0.65,0.51,3.7
19,0.0,0.0,0.0,0.09,0.12,2.32,95.76,1.71,0.86,0.91,1.0,0.63,0.10999999999999999,0.83,0.07999999999999996,0.93,0.32,0.36,4.333333333
20,0.01999999999999999,0.0,0.0,0.0,0.010000000000000009,1.44,91.96,6.57,0.96,0.91,1.0,0.67,0.010000000000000009,0.96,1.0,0.95,0.55,0.06,4.0
21,0.0,0.0,0.0,0.0,0.0,1.12,88.83,10.05,0.91,0.97,1.0,0.52,1.0,0.82,1.0,0.93,0.59,0.3,4.0
0,0.26651760530588015,0.0044553011201866515,0.005620923549927415,0.06850499835401613,0.6754107823268355,0.8580468295907842,96.45380317822959,4.698335584353586,0.893461210676279,0.8960765006481227,0.9936573176236295,0.6246698444525574,0.5106542983486192,0.8826817900772962,0.7480677811542291,0.9325064795764271,0.6265316433816449,0.19745884538497008,3.8460890214862298
1,0.24995859714010926,0.009765475486871488,0.01718561129254471,0.16283372532748724,0.30820002520411327,1.3650842756736141,96.08195310754546,3.667987618508798,0.9308786189369984,0.8146951127247886,0.9995611882974385,0.6040392084060479,0.3599966719393228,0.8913352417001343,0.9255807191865132,0.8395636657603085,0.5812946069341067,0.39932533296372463,3.80318650457051
2,0.18901015119944303,0.005625436163284496,0.009874566040686771,0.3608711092646857,0.028254803861480604,0.6915729058852985,96.48814251594679,6.074162800030402,0.890087305431443,0.8756759366024934,0.9973003079864979,0.6399187389779373,0.33064049833415315,0.8893645121958766,0.9926985324378299,0.8571448627013779,0.6305232211451369,0.4063796836421948,3.8872597701728235
3,0.2201217579049458,0.001997594403989763,0.011124484832151666,0.31000501492136645,0.04946454684313695,0.9337873612450704,96.46842518360397,7.85060781167601,0.9166752770291119,0.9302571688899688,0.9886152913891647,0.6745902911279095,0.621488129493472,0.9025587880455007,0.8771114939106008,0.8727480238110739,0.6325959972546077,0.23567113043972213,3.6003850052248723
4,0.1826064063576502,0.0016602454181722983,0.013241632709202627,0.22451684127943522,0.3451661657413571,0.8390405042672621,96.52610854730763,8.64916651707914,0.9130801461669629,0.9364206074951353,0.9887800702994165,0.6604606055701504,0.503174399457215,0.8934607485803302,0.9534757086620231,0.9056863247155905,0.6731030371160251,0.2573995238851168,4.170470240449207
5,0.07865217964518179,0.0038296007759597035,0.010041513519766586,0.3207734326359123,0.36954665161687567,1.077499314719752,96.49472129961963,7.482994353017429,0.9271614745458446,0.8583654553789123,0.9933622997179554,0.6255563639445139,0.29552723825244853,0.8711011183228465,0.9283785402189075,0.8731120388299072,0.5825198288513384,0.2826860615902591,3.665460975899661
6,0.294248307645377,0.0017507147488102974,0.003389351813088751,0.00699441248851454,0.3728717517829812,0.9368653537160259,96.52705780297406,6.903551659611592,0.9376870251667138,0.8597458425929632,0.9900196942393895,0.551446432484122,0.47530872424465176,0.9089380963125612,0.828129700848657,0.9070458040602908,0.6602980205511725,0.28372401266731373,3.9870581072007627
7,0.21777233422359107,0.0023234583059061854,0.011793349347319546,0.11125846499236915,0.30057175133622016,0.5649365635399113,96.51173993781828,6.0165480369659345,0.8777187741935931,0.8655742900670665,0.9928558047183974,0.6071234596921281,0.25465423483432903,0.9314686599963494,0.8912236755412997,0.8904300722326137,0.6134781977185001,0.2623882860069841,3.3445711021328797
8,0.024588346543911066,-0.0006184093459063364,0.010632531805842274,0.11950399784094112,0.5734458770271383,0.694256032170171,96.44735836434586,8.022734498120593,0.894024652624654,0.9154854584730212,0.9871040844080684,0.5342902358389965,0.40709335350431214,0.8642937843696538,0.8254495599975247,0.9081332407612047,0.6530478069820265,0.31339539276033307,3.97881632478643
9,0.17105736541432942,0.002411606383672155,0.010659951488963643,0.12114377008481944,0.3547539312432768,1.0775563405927049,96.51790450592189,7.994206473628414,0.9334131434845683,0.873693923520774,0.9891891765413037,0.5409556042100467,0.07491127975907297,0.8763336550741806,1.0506391380345754,0.859400459680068,0.6141759693967395,0.2629477205383963,3.8234559226677067
10,0.20951865603921357,0.0008580757215363596,0.008238079195793932,0.06811920297418377,0.44668241884261384,1.1020389077740345,96.48117888377749,8.770978660271966,0.908597369770555,0.8757849029385667,0.9879737971709661,0.5342289117347111,0.17340564117763807,0.8618263642247533,0.7877129800465245,0.9124397782926377,0.6910720462128125,0.3208037610915458,3.990939777124148
11,0.10461996532388414,0.002722211606895647,0.010077900404643743,0.12509613461652005,0.42463891704682777,0.9619134933133204,96.51417013301143,8.437129346475041,0.9255670073479234,0.8900507881249344,1.0050765345218902,0.5540654268434013,0.4927677243579524,0.9098993863856801,0.8411833199191664,0.8909525291677329,0.705150149639988,0.46391218712989907,4.233443070685476
12,0.1743009487867474,0.0016740397545503913,0.012184749364320317,0.21822260321485323,0.4497379598874677,0.475934397906165,96.5259622713166,8.014398050492463,0.9120288394304006,0.8473672269943979,1.001051185925309,0.6191510004656141,0.41666896992670976,0.9135967712919797,0.8626796494249163,0.928395960392839,0.7364918628195223,0.21599703059899444,4.144512070159315
13,0.059507914021517685,0.005803723443175595,0.0004790427972284931,0.2160834508445036,-0.10985305636638254,1.3304278210579839,96.50582149375312,9.116127477380992,0.9188243305952182,0.9217649126155898,0.9899263405295039,0.5805847824277306,0.28531274698362247,0.9278263803158114,0.9517347361138622,0.8915852954931219,0.5715121319933452,0.36781006681250145,3.6738126601824552
14,-0.05948396900050529,-0.0009386005905253542,0.006907904016455559,0.11782780758338413,0.7134820133401234,1.4690524278153694,96.51168623802808,9.089894861293356,0.942413625992711,0.8908446753886936,0.9959025162448214,0.5617973076638346,0.1909214671386606,0.9074348299395772,0.7872300832841977,0.9489746130715482,0.5737728825379221,0.4352732895632565,3.9205659576866867
15,0.22437015130004678,0.0017896465007936019,0.0006049603645877054,0.25171100603001956,0.02860301947463134,0.7681361177093093,96.47557536660696,5.656040002065473,0.9069097918753801,0.8768570333664724,0.9975095769722202,0.6157894394015916,0.24357309134954344,0.9388208951541552,0.9383517760303126,0.871009276508512,0.6088733460662576,0.40382984355466944,4.081934163270966
16,0.14749002267548206,0.0005393287597484139,0.005420315935321614,-0.03989250433251243,0.4018045341955382,0.4702205157879997,96.34720629781002,6.398842212175448,0.8897546665156002,0.9095040025613355,0.9819960119901442,0.5889380737201583,0.2636318804448079,0.9497584785958261,0.915114488318024,0.947444911888128,0.7157389778636065,0.39005569029817877,3.7742479216824916
17,0.06100975645538881,0.001976085343101907,0.014607700665993022,-0.027888482034892165,0.44297256213759983,0.4727357559987907,96.38603739922867,5.605373530100852,0.9218756856382356,0.8859971710035447,0.9874371511250732,0.5387563245121926,0.45425344180417726,0.9382914955893651,0.929627139777849,0.8943416159488261,0.6275372984716981,0.3544259050563892,3.7892607959317544
18,0.3371661452000986,0.004906960397811274,0.0019182287029498894,0.019077256780986956,0.11182250962495133,0.5168374954230557,96.52354745887585,7.805275009488372,0.941044820351831,0.878036170504628,0.9821851134571405,0.5569246603810649,0.35944544767417386,0.8582748967704413,0.7938848684927775,0.9346965947824033,0.6392060498086505,0.2834688761423314,3.469952713354421
19,0.14607428184253043,-0.0006400462933563778,0.006277491122020771,0.15185512088146866,0.2657585132073931,1.2277633554543756,96.52760095397706,6.607451647090654,0.9026872108049124,0.9159738159533685,1.0009779497491234,0.5339350992692607,0.31134466008657596,0.8664745912613736,1.026892466376392,0.9066644582957908,0.5750961784186563,0.3813948686694383,4.2446106712859875
20,-0.04746136925212724,0.0037399224345915257,0.013780105779986618,0.31725080111603166,0.4785962867294958,0.7413659161443913,96.42162553675453,7.276381983076902,0.9221805308704939,0.854223151263646,0.9913153410565534,0.6203551701404691,0.369303690790637,0.8818024758025755,0.9100315664190031,0.8735242911377966,0.655965663948964,0.29958447699806384,3.496584390402667
21,0.15381730035612007,0.006178228004868456,0.0029617953439184724,0.15358483690367275,0.2424249363763473,1.2102578080824933,96.53338906417642,8.298767228756702,0.8978173838249679,0.8901348013786312,0.9867436981263586,0.5841002785632424,0.3532855148183538,0.9067127248170308,1.0233001624969598,0.9249523907400594,0.6710372773479488,0.25027981625178125,3.528667034782931
22,0.1341425614608416,0.004740165260877088,0.002387246777696415,0.10782143866301191,0.10435919171462546,1.2444382356804935,96.5346649935666,5.862958402239105,0.9130646404134368,0.8894685097846433,0.9812699582862567,0.5250448576855381,0.5948873001470191,0.8676454106241172,0.9835919895414238,0.8891611737646312,0.7074279934609692,0.27799525304968886,3.4291483558992613
23,-0.02364474906603664,0.0018831787557737417,0.0005854330582373774,0.20547174927217982,0.15114148518680218,0.40116215118562093,96.50203174293401,4.9659512119855265,0.9355582252531193,0.8939476317731884,0.9974751660763328,0.5985520461669529,0.20280903208387663,0.946525507183546,0.9383601443668876,0.8706486358341073,0.6459657265872373,0.30644318498250117,3.3508292772457398
24,0.3008027811973114,-0.00016928468111742593,0.014845349829547272,-0.012230596352133416,0.544726907331997,1.3478462554856399,96.52640137897609,5.890813269212204,0.9170697223771119,0.8723917696419802,0.987885865920471,0.674047345251837,0.19084191611080123,0.9529004567747086,0.9655832933779155,0.9570567161568558,0.6038988334559775,0.19463536992893485,3.9907671583361104
25,0.32601387772235246,0.0012861260456280958,0.013100671662507102,0.07251092580930428,0.30040848040012025,1.1465632293644046,96.46726700219128,5.574109096375536,0.9124517435155931,0.9361686281760873,0.9964552080075388,0.554806178998224,0.5030457158676451,0.9037667570996829,0.7515577719006258,0.8941960318684407,0.6655779315776723,0.35971109872258833,3.662568513214746
26,0.1474667142039034,0.00266567704024127,-0.0024330422917288033,0.09852133733708497,0.46185428566392434,0.680104116775085,96.48706740139708,5.638796221760198,0.9149921952165081,0.901756190774954,0.9983096752488696,0.5021770273386338,0.5572147166070064,0.9230903241903892,0.7639417770435053,0.8550077843935008,0.6525406960697437,0.27115883181186323,3.689869660310734
27,0.18520114298428417,0.0022893651837692054,0.0004866441368113622,0.22686978142039388,0.19630692024285407,0.7076254024234565,96.52990640903255,7.35949547096956,0.9068167802312365,0.879136436703237,0.9906580959285043,0.7017673498774273,0.5198510639636078,0.9275404446792218,0.9345906354031007,0.9483821707711689,0.6463659101189564,0.3199221917923494,4.044410823533977
28,0.3905193970055409,0.007559520056786584,0.008721753944041212,0.2769873190430012,0.4136947458223813,1.2318636141707333,96.52288068648082,7.609634737741149,0.9121187147474099,0.9136197169185302,0.9887803592181023,0.5295147155608106,0.5363896297944488,0.8902788908085799,0.8759370575692986,0.9157276554498445,0.7323878409902094,0.33494143555114797,3.9713392568305963
29,-0.04370515445782425,0.0020138310560480627,0.003846185221344999,0.12637119749021744,0.16350784554911296,0.6200168491590059,96.41464596246001,5.8986438647296575,0.9210667521645085,0.9018742862296948,0.9956441248016948,0.650043457513642,0.18506043424367025,0.9308688834508843,0.9092861426762309,0.8705801719692774,0.6340466154175963,0.4172773745541275,3.9216418282579624
30,0.43991307479298664,-0.001346850733504512,0.009958932000293443,0.01057182304276047,-0.08374753834945764,1.1082206811753466,96.52588871379149,9.220439826056914,0.8810353044721657,0.9176139617328564,1.0045839930648517,0.5862206010476372,0.45675854146078654,0.8517063043147545,0.8589570321877344,0.9177311901178895,0.6592652299840687,0.3286106806230674,3.636861425033227
31,0.2349901751619628,0.0016701973927892343,-0.0012319926467670326,0.18388462541037243,0.3866183895591912,0.9437871597163038,96.52224831551388,7.134981240673621,0.910069404616031,0.8764843619551396,1.0002996550367413,0.5807978338634401,0.18647156217171001,0.9244903659298972,0.9258885370099817,0.918975863960129,0.6341550719785061,0.42316697003686715,3.827232361681215
32,0.13437982576714175,0.006687958193832169,0.009356881889674089,0.12466769090733018,0.2648732510086382,0.9490059524366293,96.52260659380165,7.452762635086654,0.9162562336211034,0.8722643092260929,0.9917042885467217,0.5994162651115528,0.5539358806703092,0.9104333375266391,0.8961492010214055,0.946111797331136,0.7102318147839372,0.3107664106572752,3.913401595940505
33,0.05626556995368637,0.00477689399917419,0.007650969248570453,-0.04063402562716956,-0.150488834661008,1.2136569006394733,96.52559644149584,7.256879488930055,0.9087877715158454,0.9348888781476493,1.002361092475991,0.5850386409666715,0.23570698047220404,0.9215640775210984,0.963813494169059,0.9202481574815132,0.6845451655879895,0.3325624581769798,3.95864020185317
34,0.08340303516463417,0.0016401967582930837,0.008475666963391238,0.05094423260856258,0.3685826199267545,0.4427588633423821,96.52851804570665,7.309706701464153,0.8828682017920892,0.8881599728261955,1.0017631433283951,0.639980212223312,0.5068400600053052,0.9056404667599711,0.931620356363312,0.9090205100106189,0.6803881847710991,0.45398898116636516,3.974381683637716
35,0.14047162475825503,0.004609094476240586,-0.002582086800217904,0.06836284401232877,0.22019027050146084,1.21231632200746,96.5158703466815,8.33301766740587,0.9094565846923204,0.8457976064120631,0.9984188687163356,0.5604029062697976,0.29075083615996944,0.8986601813245558,0.9168180758424199,0.8711642990078986,0.7052255251932539,0.4566737668639314,3.678207125403655
36,0.0015771604312951604,0.002841034106040591,0.002255541934719757,0.31284875034752846,0.1149306951274818,1.3248097069207292,96.50990603404553,7.087833753077209,0.905758932095969,0.8889736247118669,0.9920363549089476,0.655749839641305,0.3943814026632037,0.9591787230095925,0.8543279007287111,0.941906184979754,0.6205721853011444,0.39880511510549765,3.844471991427816
37,0.34066365301423673,0.004219515359562081,0.009869687832277131,0.17281382175094676,0.20667971298473936,0.9016695641238598,96.48946151704368,4.886939219510242,0.8814978515417753,0.9210353273889001,1.0010473603697412,0.649166977928655,0.6456624590295433,0.8777691417308525,0.8412547340270933,0.9301225698008567,0.6298157000273136,0.3529180883542673,4.116180680885325
38,0.0958602461453246,0.008988460735829505,0.00927567482554648,0.11918313376841097,0.4985578420274235,1.2060581246322262,96.5281913719829,5.127347463604501,0.8881131738537059,0.8773426596961031,1.0041056536361048,0.6329190234011216,0.20525018331573172,0.8860306617739048,0.9410920190348327,0.9342195233889368,0.6862832890080264,0.45546537577475066,3.883542658533724
39,0.23642566850550198,0.007301108022031744,0.013338785309654594,0.215008958418907,-0.14017952546295065,0.7582881897753306,96.4982422718013,7.272019084312415,0.9212479976879432,0.8816062946930819,0.9933821426120689,0.5462197016580959,0.17100280805599216,0.9241100919081429,1.0169532919177986,0.9317818092650905,0.6037265192566851,0.23173441151950236,3.577696826297379
40,0.33234711297399955,0.006941766077046511,0.010346959649316605,0.06610891780924642,0.22986724354357316,1.1444216487248615,96.52108146382257,6.48205293157717,0.9257990469966259,0.8708364916007483,0.9980899232778287,0.6652572180139122,0.17981035014726912,0.9192273085847082,0.8369687904173794,0.9334894833627115,0.6315622033606085,0.3379945784156565,3.616304737816103
41,0.07098051834880309,0.0026767026384306196,0.0062252283507446314,0.38854519636929785,0.36996794021883855,0.6306459266101199,96.52502867808899,8.490157470824226,0.8881889309103989,0.9339012267327078,1.001428694826372,0.5240648741845408,0.21276004281636368,0.8604585719296493,1.0339229160378358,0.9028356942072371,0.686742056509363,0.24693264756769265,4.228560430871832
42,0.3222735463901715,0.0030236768234036893,0.016481374565276145,-0.050954085818540384,0.3925350062128145,1.2913764037268995,96.4947889837302,6.9444155060594195,0.9208189491419723,0.8802711098307253,1.0010791901016822,0.6436667856167346,0.16093906134190347,0.8883609318566537,0.9010424347984419,0.9511771268614936,0.6267000355751112,0.4526469508561611,4.053938959007298
43,0.11945826509310833,0.0029482415170055463,0.008458174542928827,0.21914662220022008,0.16122872162795657,0.5595013736029768,96.50137475956322,8.048221354740297,0.9408565389621765,0.9375187137795846,0.996614069842172,0.597807914328164,0.2601297393044212,0.9170721037650462,0.9391916393555126,0.926749492274089,0.5799427455129627,0.3075256251687997,3.385576951513875
44,0.14912560055136556,0.004214657787915838,0.0044348100827123794,0.1296886677438114,0.2161603195409068,0.8400668942488436,96.50325844751649,7.003894698069759,0.914050936557706,0.8322799356379408,0.9985415984429477,0.6343807009847371,0.4348305369758042,0.8860957547375324,0.9710450707407482,0.915380147918864,0.5804070189070937,0.3125217779208802,4.125089521655012
45,0.2900995880659446,0.004706678041035646,0.0056910075435864,0.0799650407884207,-0.017951077112653424,1.3220130481921517,96.52380588911622,8.421430613147985,0.915894797335085,0.8295441865856388,0.9965764478663272,0.6208910837882073,0.45192329830526407,0.9412337393162181,0.818635991518353,0.9458769989949468,0.619625094332501,0.378183470683191,3.5436594270854815
46,-0.0036860385586555966,0.003744814595611533,0.005535688662274479,0.0748109245944062,0.7340506815403685,1.1412811470264133,96.51964639286665,6.982648818593182,0.9286885608656874,0.9436755487953424,0.9924950530356779,0.603075147411124,0.5631173306488545,0.9028817059999104,0.9900032970292937,0.8916937605666174,0.696958341815197,0.2687412808016877,3.5037590034561847
47,0.0785750023099994,0.00552718245878548,0.003032647861185847,-0.002755985381660775,0.7538615531565758,0.7651296284351198,96.51799092902175,6.927577333889573,0.9409768420596828,0.9112698014211313,1.0005459330929083,0.5681475002382416,0.3666444545688612,0.9361579246076146,0.9582999292083302,0.9236503713151563,0.6118248340842928,0.42420697445742533,3.266724534342878
48,0.2992687747526433,-0.0011310977498834467,0.006774282274112295,0.005529233215290752,0.1829252929025722,0.9281971291732588,96.52892443005646,6.374723045479597,0.904396799384523,0.9004892603851798,0.9872013264819319,0.5282416788580906,0.2934606526741427,0.8523056747543859,0.9180680360627711,0.9181240697905989,0.681370546004687,0.24833554685518044,3.2681460351814366
49,0.1335667274141079,0.0021211872954409513,0.014909736662833168,0.06047419913999137,0.29657105062011135,0.583741534844374,96.50707868415398,8.00502107585094,0.9053622754646734,0.9084810885478174,0.9891510288067273,0.5862886890392817,0.19183728415977572,0.8893817508083653,0.9892929421382953,0.9564402075934685,0.6733933350158858,0.4124828518519656,3.586417185621003
50,0.06412740516385619,6.598776849443995e-05,0.014921658559150442,-0.07209165856696498,0.4352852571264555,0.6950320643968667,96.2354080892736,7.819807872987922,0.918211357448728,0.892117741830902,0.9914964984373514,0.5734124179622822,0.47226923140125876,0.8628012131563945,1.059027122632064,0.9459469319786868,0.6465806493658359,0.4385798914304863,3.7373828331671097
51,0.26205985057111053,0.005982786513306844,-0.00224141816067953,0.320614203198083,0.27039161101053216,0.5172257170935247,96.52600226647286,4.805741054590152,0.8939129160734579,0.9459757121959393,0.9961710912865127,0.6227717190292339,0.5019685590957182,0.9223396166713819,0.8834948217898386,0.8793916718844715,0.6748066206851581,0.3538163214384349,3.5004469217966316
52,0.14316971079659993,0.0028407725091951293,0.0036716635390168775,0.2336346453477251,0.29147672167293653,1.3023528294377416,96.52596450880786,8.147737978354495,0.8924359738428486,0.9225340530109993,0.9987404948814721,0.6655594818077593,0.5847098114558402,0.9014319046927523,0.8571087807198385,0.8848232505663997,0.6603349759289442,0.28794497746014475,3.6324846076649524
53,0.3047607770508023,-0.0008494927164628811,0.012314998795220002,0.2756404448278795,0.27269223806560067,1.2679608294679965,96.36168398499821,7.368588516888678,0.9286657956751403,0.8852641876896813,0.9947482690849715,0.6781628981319325,0.3021874120379558,0.9120123998550161,0.8505791835317615,0.9269482813607075,0.708244699568922,0.3280856286566759,3.444813531581624
54,0.3722787272876066,-0.00037078848986048544,0.006867352326097571,0.10195049948341295,0.3974166186481896,1.0427042496916246,96.5053927344907,6.851853107649313,0.9243741386028641,0.9173719636467589,0.995699393585414,0.6458364449903581,0.43072483078576623,0.9361310844929153,0.7817349329664206,0.8747948767779935,0.6635986415185122,0.41343682211732424,3.905532890842128
55,0.3300071328254129,0.010029405585600172,0.004805876618090229,0.1800354816590162,0.34760346675988457,1.3373465275577712,96.51276023383217,8.38138364459088,0.9203454149156768,0.9179022039070247,1.0007609440758065,0.5229829233726964,0.5861608180768342,0.9071417312487516,0.7230967078392228,0.9538234217616759,0.68473497399748,0.33182412882748563,4.014022001011331
56,0.2976199390221985,0.0005165793050932077,0.006325521077377586,0.14668822201194612,0.1669918273975029,1.4600483767768946,96.2583328653355,7.179921120387452,0.9082465573175105,0.941395883543061,0.9985174758263081,0.5684253410488505,0.09490422773935325,0.9293269854627634,1.043910220980655,0.8919342599612636,0.6417564343305432,0.37490338413755064,3.839643656674704
57,0.24312277249277975,0.008083408358807576,0.004907088588056448,0.04021055062111957,0.39642499736265646,0.7126834707744694,96.52293103003414,6.835059940815983,0.9249063780477362,0.8920701943872223,1.0045789642048302,0.6005938413483769,0.5023491800682656,0.8971245855188226,0.8677860073273745,0.8901003683275628,0.7120398674090683,0.20772053736800156,3.495289708156469
58,0.3837557912023339,0.005267325670595844,-0.0020918037891646405,0.33494087096595465,0.4151124592950728,1.0158973399523696,96.53409695047334,4.8034477049564686,0.9125935179586714,0.866733954793919,1.003884672713843,0.579264867968971,0.7027857202894039,0.8969518605856401,1.064362865818682,0.8939651706734766,0.6175376563520598,0.4102162606559592,3.9462619755930213
59,-0.023857119099972568,0.004884425303152663,0.016290633269644597,0.10159453935466062,0.4245888516358151,0.7597501769344314,96.41591098408028,8.622963571512718,0.9393840463829929,0.9013342638396767,0.9943765812150005,0.5179374170479407,0.32984954727870286,0.9060644342885227,0.7840060364097444,0.9080230038523405,0.6191079572221893,0.3812969707517737,3.4928880707296557
60,0.23357687284771517,0.0017745984760929362,0.010358860514974595,0.327949657294092,-0.19698236353385468,1.3224014429633546,96.29804889454691,5.938939339039962,0.9525402185451817,0.8551167761932118,0.9942058147659452,0.6639571325408961,0.32304247235711936,0.8907356438412359,0.8871295325016972,0.9536401010597343,0.60166084086626,0.25368648501748453,3.9060346261987373
61,0.209126596703743,0.00449528449501824,0.007015994227489634,-0.012563396326741194,0.4136086180715898,1.3947234055234226,96.51842304452106,6.0824151408137,0.9103274021769101,0.9340217932003556,0.9964898625477163,0.6786312011524978,0.293066508800702,0.9101057480498019,0.9063056273035707,0.8793936502004831,0.6385610346662708,0.40039964103465586,4.07397604858482
62,0.04054991253635315,0.003332439544806825,0.013369151320300959,0.0967990677413374,0.17643057097457343,1.066865606824012,96.4489738330345,5.97425004468194,0.9053602255296078,0.8886256714292852,0.9852467900031857,0.5382403957704276,0.690211189399327,0.9232496186235004,0.9855262369616555,0.9340549016714644,0.6324248421906404,0.2948756149738584,4.054570819829602
63,0.09203414411768496,0.003386862630199452,0.01143466851344385,0.30630666890644737,-0.04750294593970311,0.5232499688271849,96.49979900634442,6.76611792644687,0.9267617673883018,0.8563810198749475,0.9869372370075163,0.6631271849757869,0.3350188937884633,0.9326502260797547,0.9631421054656774,0.9040752241537572,0.7021618392271723,0.2532394499468975,3.7951786834445613
64,0.21959998108338585,0.004803584289419945,0.004118459669391134,-0.05972584781708734,0.3266839551549565,0.8929625972195696,96.48566561312362,5.30597381075774,0.8813049270375894,0.862248188180559,0.9951363007500126,0.602452539290988,0.43135261711140965,0.9016272462399636,0.8226519254062195,0.9570267636728083,0.6607810445470441,0.3217868925166875,3.6549557110260236
65,0.26311446154747686,0.0036910601903159986,0.0001900910363693319,0.16428075752543908,-0.033284723720231446,1.152174873861738,96.38185384994807,6.933875507538344,0.9310243446342685,0.8816223811648767,1.000177967929734,0.6359302588253967,0.12639309888275208,0.9427309656626338,0.9953632847283025,0.8826291178196561,0.5950054589756497,0.3023680341437501,4.222431389162667
66,0.408492491476959,-0.0009240076396264626,0.01676006653030991,0.33338091612612064,0.11215844153131085,1.2423480659588546,96.5190900966025,8.15358803630479,0.9088424182653956,0.9132533243687708,0.9815043215870605,0.5603301819110308,0.15900755000399502,0.9368143378329477,0.9885430187115464,0.8723937249551152,0.7010987771662136,0.2768445931038838,4.081191894215221
67,0.09726428310666775,0.0037576765263005363,0.00724491482296352,0.1281896378018841,0.4567201216349543,0.6105647701465743,96.52656024085545,6.112475072481847,0.8837055008263406,0.9003104894159091,0.9919322947204847,0.5497030544992821,0.6018912857880971,0.9096540043326045,0.9522175539972666,0.9423194435000977,0.6339726848138454,0.2793056206155481,3.97326503518464
68,-0.061805764621303605,0.006188954710867162,0.0057756039359007205,0.07220704675063626,0.42075064526142847,0.79161598807198,96.50337619549397,4.761511874687552,0.9185139654736346,0.8565617344706775,0.9937593634940457,0.56094165133852,0.2888597065127594,0.9210342556062412,0.932324694943782,0.8648237084821394,0.6220663266138069,0.3426018952590792,3.773492729985796
69,0.04669513239598465,0.009934062212185566,0.011234776845798225,0.16392733771697798,-0.07926772543146104,1.1234157232292024,96.52682118827347,5.842895195793375,0.9175206461833448,0.8825165275551998,0.9854797013829133,0.6644659657823495,0.4917212246536685,0.9579328552887842,0.8473188738654831,0.9630642869055298,0.6316278175653658,0.3109873771398522,3.356440421254876
70,0.35619963385716835,0.002568366719733859,0.006038269973218996,-0.03716695685748869,0.6493942104003555,1.4080733668569436,96.44212207542813,7.763690744619813,0.8854700948360987,0.8979733105975081,1.003985772270883,0.5170151104736802,0.5787314640100378,0.8766351666099454,0.9948600873996999,0.8828670882832431,0.6151458401532708,0.26954597893246923,3.4788558290996474
71,0.3893267729977238,0.00755878897390028,0.002676063761427255,-0.03372392204006672,0.3010650073047569,1.1969042116335649,96.46342914531012,6.181301144747906,0.9161872439038399,0.8433824798766836,0.9805704934759052,0.5373807510508295,0.39539520751411156,0.9097247144651008,0.9329692002762813,0.843475503056668,0.6962215326822064,0.48895570209913036,3.606054980577417
72,0.0653395271395987,0.000817463796604983,0.008305884641894253,0.15747317432895497,0.2567753613254567,0.6903043155209058,96.4704492741337,8.200982515852298,0.9161763008567421,0.9254680495918586,0.9825180011701771,0.6196541821636664,0.588425288126678,0.9435177504636032,0.8641971024124123,0.9116583148409472,0.6309373659060975,0.368477422203155,3.4323009635922794
73,0.39877452099223976,-0.0016949680737503177,0.01182909423174821,0.22586017526095956,0.13588762063444385,0.9359694220997427,96.52340062351202,5.469545698758883,0.9436958932649562,0.8789417582180223,0.9982510320833271,0.5991444430477846,0.7478920301073744,0.8946912399739729,0.8386281268663645,0.8435369819067131,0.5940625897207676,0.3903320509566964,3.6079422235231395
74,0.2081709442781645,0.0012696316203795973,0.016378412980139083,0.15183516540442907,0.39261663171032324,0.7513508641278764,96.45517923535358,5.537596310759752,0.8817169817843757,0.8875038549945437,1.0009781496892283,0.583975997711686,0.47533270047046083,0.8865151669189324,0.7882310568081974,0.8845496777236531,0.6548235236516076,0.3438277210160447,4.161750594170146
75,0.29582478198780837,0.005992962848249526,0.015184337373159572,0.15769023208632182,0.175975949745452,1.2603706868598419,96.5177098441824,4.333499347032833,0.9075205475477555,0.8971448652997637,0.9877728625995396,0.6582423171625442,0.44055246036323736,0.8731565823894535,0.7957202447693105,0.9035322245264817,0.5650165281740931,0.24668512747820223,3.8493967835424905
76,0.23650522836000265,0.004763958161640862,0.008940530578384485,0.1279158180739672,0.7162106269851831,0.4960223918486911,96.3983824775611,5.842526373049044,0.877835099689651,0.8734593443990877,1.0022405547628854,0.5244413514883348,0.24538557278535816,0.922573088075469,0.7421454943013809,0.9462378540681311,0.7231147186927303,0.3755693800085329,3.6379351513038247
77,0.2476785617884733,0.0025847618475964475,0.007109422267088506,0.15689228888172102,0.5974562165301591,1.2000131440857076,96.38599796344525,5.76426571083343,0.9017330352916789,0.9073721098065777,0.9937399206927746,0.5935964940218991,0.27268874175131663,0.8833046914492336,0.9485389350644037,0.9034191070908325,0.6221727943843128,0.3310895256557573,3.5218551443982427
78,-0.029016841406881294,-0.0005100744860679573,0.009884107402054655,0.19558402096640204,0.45576780643861237,1.0059080698599403,96.50302407030716,8.439491483276278,0.9165548036840727,0.8684610600803827,0.9982320157904147,0.5096122529740652,0.2291207538037901,0.8899355178834789,1.0462160239789802,0.9513506290738702,0.6328582317737114,0.25558347438284956,4.011266135446566
79,0.3560359527436602,0.0005003764188521542,-0.001181250414770814,0.14664882790494752,0.3319657718211139,1.267180145159083,96.48954877920276,6.367586361708055,0.9268967659432998,0.8919251797060223,0.9892030514424601,0.6028846580846059,0.3417372992359007,0.8847273335585374,1.0699239589155027,0.8693268941578323,0.6250989640287051,0.2785696110441597,3.7835777687635193
80,0.214893828346271,0.004620723741357781,0.008289568807671196,0.06101742231205645,-0.020950747675824832,0.7382239863648901,96.51909177472093,7.241236039655794,0.9067004396450563,0.9331908265213358,0.9936502645663219,0.5577010301396812,0.21950807998988844,0.9132882909801088,0.974311403888366,0.8747058087031758,0.6412641551154574,0.25578597093122535,4.085660968182526
81,0.06325456819342802,0.005013041418761185,0.007843783110021136,0.1680771716142962,0.2576363064819977,0.447528394407936,96.4929763361244,4.608921712661086,0.8995729299522094,0.9007134517715526,1.001685913584145,0.6644637693408517,0.26210243197046756,0.9017763387143816,0.8066673699511216,0.9161686091761756,0.5745601577236128,0.5097856311857466,3.893779456962532
82,-0.05273005618187526,0.002224093858965971,0.008514057527371569,-0.01119688417461634,0.2467361452265256,0.7056003402152743,96.5312662443449,6.4165861375574735,0.956177331118864,0.9245286309266942,1.0010355157504356,0.619418114416357,0.2131331639635705,0.881500400359853,0.8875785747442954,0.9030120624805721,0.6346833111837513,0.22501432141088473,3.3591680543885523
83,0.2067366345580046,0.00487087285708906,0.010258484796385107,0.014865378713435101,-0.030583655357067085,1.3531204184650654,96.47868100447377,7.533801063608855,0.9193284141935725,0.8938845125039274,0.9961525274758535,0.48394218810219125,0.6419633620288387,0.8853708558244069,0.7414991747536688,0.8911498077174953,0.6668382838299848,0.32097342484919283,3.617927720246518
84,0.2625085278309367,0.00787399581916925,0.010044130593098903,0.3072012580109934,0.6297260283074804,1.037469856605763,96.44698694079695,7.588424129853567,0.9124101178487225,0.8706708638128384,0.993371118607538,0.6017885535574106,0.27607283319034204,0.8740965155018169,0.8349213051333734,0.8821324045743602,0.6202452178377018,0.3163513049656824,3.574598895688143
85,0.08858784519633041,0.0003632161396691044,0.017856586109996977,0.014026001038197511,0.3704987363829315,1.3069006184634466,96.53059639539939,7.088144627477044,0.9272599859591507,0.8559214541392335,0.9978678583870922,0.5663519025347072,0.6481033910059715,0.9023661772699453,0.8868848285722861,0.8821299316793456,0.6595305975427455,0.34733506455740787,4.037686275941224
86,0.2992379445453963,0.0032169421256914065,0.01219864769033814,0.13028682083806045,0.24462872288799523,0.8310251288880175,96.4393333222608,8.305875922327365,0.9145501237015924,0.900786341319185,0.9962511926836053,0.6628773194179989,0.2534900014144462,0.931620731547133,0.8906770233914356,0.8842730277711497,0.6292806638033681,0.4264782599029635,3.8772173125562657
87,0.17281290097427648,0.004927691315440357,0.015294933313753221,0.02166450994001408,0.3246524684584082,0.8324498669329888,96.45549584036667,8.401282512680329,0.9319416429841896,0.9133664552800742,0.9989232307161222,0.6543935234581761,0.6713555580109234,0.9340602881906332,0.9392726121546602,0.891089548260509,0.6760878601987617,0.2770963417683519,3.7476864485217294
88,0.24194734538722157,0.0075577882350797276,0.014875966399016085,0.004748039684596028,0.2777190321056958,0.859623825959224,96.49219852822566,5.517179843455308,0.9333279067357072,0.8433234031134301,0.9956647516069185,0.6085491140533815,0.703585564087025,0.8843598843590108,0.9086525602817674,0.9396185889832113,0.6730919042563699,0.38352113243270497,3.7090714362675685
89,0.17146624190622478,-0.000291615295728066,0.013926715254721084,0.18140924093055347,0.4476040513600877,0.774288788549771,96.51701314534178,7.9228704266477585,0.9183434826896835,0.943042874680127,0.9997102959860099,0.6296309459595936,0.24233322770473073,0.9066250551247685,0.804302242832415,0.9071350685658085,0.7241863631186648,0.32137191559384976,3.8142289296813474
90,0.41754248092579754,0.008070080861324373,0.012800145802685292,0.08528732708653779,0.1902116846666693,0.9736485140566385,96.5154804638297,5.639718066688729,0.8989423408291873,0.8954747384895744,1.0050371473680244,0.6034818461229331,0.37057955746629756,0.8765187302659164,1.0144647336273132,0.8614781105444046,0.6997855562356684,0.40966782104455535,3.4771646320727383
91,0.2960393309069328,0.00464137447987727,0.009217589049145722,0.093623910599449,0.28617486456511293,1.0155566993460718,96.47007225685664,7.514057329958903,0.9197220822068148,0.8833523811511125,0.9927069705735363,0.6557428254906784,0.41593638353740076,0.9172627019961203,0.8681189982832738,0.9252649549244927,0.6205856959760728,0.27790713429766,3.6623242954520365
92,0.015828220097092005,0.0022423969319793815,0.008620544913844569,0.15704916041587577,0.2500510599308492,1.1737692769391463,96.49509971532873,8.064217035487843,0.9310920381487254,0.8201487484281779,1.0018849508181882,0.5911213535167524,0.3990108931404869,0.909125682036057,0.8611824378445043,0.903401137640847,0.5765021857501935,0.1627269494407646,4.0823505812955565
93,0.09199676707316588,0.009053479817036306,0.005572537769383664,0.14362733508654474,-0.18606642001945872,1.2040725077537322,96.5250023875667,5.740639619758508,0.903696957434414,0.9270700718494331,0.9979465342949811,0.6911252292667718,0.4645133866576229,0.881203056630244,0.9255312513460139,0.9164072849630205,0.6928908089307766,0.16533585206334375,3.8543814610664486
94,0.2705454782110012,0.0024188219152809537,0.007765146252514694,0.13547715348665254,0.3025066744488264,0.6627678186455617,96.53191735430113,6.817584654755124,0.9328092259591189,0.8838549902132146,0.9922922686911535,0.5978018280723832,0.3816939600647492,0.8697502525188905,0.8315469939119366,0.8762464978240496,0.7627600922862893,0.2700074717915608,3.53957465313551
95,0.32667898751700347,0.008093969647597054,-0.00021303052034520216,0.0628027720242557,0.33071396372308204,0.780117403997981,96.51395589322343,6.484005274580163,0.9006921921764562,0.884080044380113,0.9926126992066114,0.6179512846860183,0.35724717341721074,0.8928133253778525,0.8567240380200987,0.9247482161022789,0.7216181003237565,0.3288069851062736,3.4974033169158867
96,0.19369990120740502,0.004687746006144188,0.001442687957919308,0.2509898703552882,0.23535576503908956,0.521393030706593,96.51558506654604,6.548778406631296,0.9095452556047666,0.8734147120988123,0.9995303394234991,0.6279979527182955,0.3388250712704912,0.8786564110387038,0.8512619200437379,0.8952570567106074,0.5570815958523478,0.1462322941860095,4.082778077345816
97,0.2161910846608166,-0.000769808681987312,0.003715727292941434,0.31367615608777655,0.2781578854777863,0.7827592024826866,96.42011243329095,6.563153096733629,0.8997191431765054,0.9216032905944067,0.9900542757647905,0.6333108938731075,0.2612000282225323,0.9065028271314001,0.8835976453949906,0.8604935767304659,0.6936306627788165,0.3851683014638024,3.9349089627382625
98,0.3727354379138521,0.006582537547558928,-0.0013634003468802449,0.23367783079267612,-0.18592763008558394,0.6202267337985974,96.29739610647223,5.188498528933233,0.8720829803479418,0.9179548714435153,0.9840191703205602,0.6565099936960243,0.2570950636317327,0.8874901690104879,0.9844294255470601,0.8827721047511888,0.70293928955009,0.35451152354235593,3.680299218818443
99,0.08836194876532459,0.006595053959522627,0.010655739025295239,0.27441183062971997,0.31401600143027075,0.658165308150421,96.49269105598894,8.752388201616025,0.9196214666887736,0.9211444146090582,0.9888158669058479,0.565512916115698,0.4049304095993226,0.8894783981952702,0.8913703325501258,0.8888279432432911,0.6269756835129259,0.22172982189564458,3.8124289158537894
100,0.41849807480656376,0.0006028292027356425,0.0026253364544150436,0.2365904791629089,0.5400267498842435,1.178023919872358,96.52534080811955,6.214363157918234,0.8775212561014311,0.929898565067703,0.9903750519227794,0.5402969790817604,0.4750708514524461,0.9221128483341552,0.9138415635750666,0.8676552000735847,0.6226774906380871,0.41092858645707353,3.9281023426829496
101,0.10984075750631055,0.003993596541343941,0.008560613075217218,0.20950607967029866,0.35287959800186697,0.7424420834057028,96.38669578103149,6.005894503287148,0.9257660777880439,0.8984445712758433,0.9862768191388099,0.6282619844198585,0.12275915943599458,0.9111291625979422,0.9285333544455455,0.9112438886999772,0.6208282787848098,0.29182924079838,3.6818427781602083
102,0.15165352227459575,6.0425232468612304e-05,0.005426812486883656,0.15021853867632487,0.044151196678593435,0.5881755101376819,96.34178961115956,8.591635739755336,0.9221974627614847,0.8914644160919891,0.9897977829675556,0.5831012343790832,0.05601174569576112,0.9252570833011706,0.9041775878165161,0.8458013984715632,0.6218427643424342,0.31187047814501156,3.74930663044379
103,-0.07099227039073916,-0.00041477487879974665,0.012422063846414977,0.1215797412945177,0.11341574007404484,0.8968978801179307,96.51561387424599,6.066562544640914,0.9162338220811133,0.8348168185196053,0.9874818827512203,0.5675986971848418,0.5493186451204392,0.8838737826379056,0.8457811364460363,0.8957096044163968,0.5863640852785758,0.3065634196520987,4.1283158726233795
104,0.20895253024961663,0.002864663648486432,0.017626389488457753,0.18609019094152748,0.43766578809891427,1.164690013631886,96.52654178155257,5.280037294361415,0.8881939392832733,0.8909523490354009,0.9883658990826723,0.5421484662786726,0.5518635815535239,0.8578853554135624,0.9119683379647485,0.8950051058629642,0.7001973906652617,0.2682177563415935,3.32234916134355
105,0.3179255504513473,0.008917546872367246,-0.0038915063017948065,0.2866485804972837,-0.21329260914485115,0.4720146616174479,96.43325853349394,5.435979135347686,0.9103492116597162,0.9302360212859827,0.9887021062201735,0.7173029975233617,0.234696496696146,0.9548794406701114,1.0064558626428366,0.8762644366673912,0.7326296159768961,0.3833297558176407,3.7070966360998425
106,0.40797234881929045,0.002479556620178183,0.013368945988702776,0.002159804628718731,0.39519873600692307,0.897168839564824,96.52274867449657,5.753564583216531,0.9138813012388884,0.9028450423160987,0.9979207886043484,0.6298586392087645,0.7208252055943216,0.8637602541283839,0.8617338642559855,0.9084275368905339,0.6182531266770359,0.43413736868588804,3.160280249967744
107,0.2107680328789973,0.00676522873710567,0.011724675425445204,0.043210641860384355,-0.1320755404555659,1.2272755143116716,96.45876006042641,5.276328842522018,0.9059809774406429,0.8581583406472042,0.998600482897465,0.6371242733478949,0.4779051792543876,0.9175407440956054,0.822552100544642,0.931025846477334,0.7081273013904785,0.17801010077509158,3.8039563136807395
108,0.12858752930866588,0.0012861954596774874,0.007357094723418993,-0.010909809965250788,0.22874382056572715,0.7042009506089919,96.51294538623381,7.840189462291917,0.9074969876107711,0.9135221373891761,0.9928027650444018,0.6193149584962219,0.1599410364330491,0.8951230418642074,0.9414062188801966,0.8819606906427132,0.6322672454373,0.30902145934581865,4.193878522047128
109,0.22670548859047474,-0.0002721595965419605,0.01418360905447398,0.11705110690639597,0.2509013277455744,0.6794261893892044,96.51346951856111,6.047276948059358,0.919865049120201,0.9109466213762217,0.9955213513708975,0.5870558165697849,0.2943387190696832,0.9020707544209297,0.9573669995110318,0.8632398984067222,0.6482310136877689,0.2150844959929512,4.242404325397508
110,0.2387526873417289,-0.0013851465822048293,0.00999516895692215,0.27010581657974475,0.3928853843255735,0.7727808431458771,96.50203901478059,7.891452008972543,0.9343760325760722,0.9323192096060056,0.9915379417815371,0.5259728948931714,0.4362929561642068,0.9264080081192733,0.7785738529843969,0.8753714048416883,0.6450654337225254,0.34681150415598905,3.6680190749380817
111,0.0873596870328686,0.0032867715711083177,0.006238167068131532,0.1161288175008019,0.4581335632846491,0.7625636156153801,96.50515863696778,7.701735910926569,0.9112046956454924,0.9205650053399281,0.9939817480534185,0.5655140052975929,0.4391526402114096,0.8977081572812213,0.8141112742400228,0.9231703848291923,0.6808410871270834,0.3000654547431112,3.5771312579514434
112,0.25407793231461606,0.0014302820844805148,0.01131054465779914,0.26620201090098705,0.3785572823104327,0.6363661485426564,96.52643550071778,7.161747381174374,0.9149467068169079,0.8773514978633709,0.984233404572789,0.6370763267473817,0.4871001263390702,0.9114305743477022,0.8239772849127764,0.8837147406581677,0.6479194583575449,0.4125725613982765,3.486675757816347
113,0.0649429293084609,0.0018743892900077192,0.013589178148191085,0.059010542257296725,-0.02671097306679454,1.0428718112018303,96.52308737473582,7.764505170151129,0.917164328544171,0.9076021735521608,0.9977770128263764,0.5377528897047514,0.4492076811953094,0.91044215002323,0.8682771290100539,0.886598964603991,0.623759307270428,0.3342181421766852,3.7613257767627664
114,0.03794017825606169,0.005263497073993634,0.015307221550587072,0.11729652256545366,0.1897429806019842,1.5288058057537643,96.52448524739958,8.70450070699967,0.9138922415775028,0.8894328331284483,1.0027363779593423,0.7016195013441829,0.2080950998650585,0.9526695658831189,0.8591060201303388,0.8762416056337154,0.6187221298990432,0.22151434896640612,4.061319900288902
115,0.10794889971454641,0.006954724856511418,0.010476065509850651,0.12767094628667403,0.5882290434065662,0.86662961294685,96.52654485810304,6.80535607054044,0.9150053274921075,0.8733874930324176,0.9883609968862773,0.6289072026680973,0.5254781900101453,0.9349774956205437,0.8275945001900336,0.9581141211923547,0.6465098418775543,0.2898480393467083,3.1830711383141974
116,-0.030765793857226886,0.004153456655901976,0.003520815821096177,0.18452579954941178,0.20968602171269188,1.1982126584418882,96.50625556705727,6.212371872356146,0.9129123424963707,0.9103097874263285,0.9957562359815035,0.5545232945071389,0.4327140224226928,0.9054880993320801,0.9394319547485193,0.9236631609332632,0.6061404781158974,0.29852630501923133,3.9688373798058443
117,0.45555791844169274,0.006476634297166018,0.0022947950949349545,0.07877696812029916,0.5988512769331837,0.42797034836158254,96.4038732811095,7.546440402886117,0.9145259061835126,0.9151037231256155,0.9989897997795941,0.5739822499092805,0.08126189712513038,0.9378758335052636,0.9879161607452092,0.8608798258772817,0.7214385216804744,0.41380466126039184,3.627765931931792
118,0.09056026574068433,0.0035664044513823746,0.005959034137661143,0.23628585692543227,0.18115122785508903,1.089743562660481,96.47928904272327,6.954641178711866,0.8971315277096796,0.8997452946929687,0.9981456118310875,0.5998226694956816,0.5811579767177976,0.8717592116660287,0.8758222403343756,0.8683619827049248,0.7212650324672908,0.40592110359306566,3.9471416245678377
119,-0.04083350595982413,0.0007068806274719,0.006208169659362959,-0.06460088460407132,0.45750000407564695,0.4986813922188064,96.5250941247083,9.13971687389294,0.918084616672924,0.9215446215186543,0.9903263002966953,0.5973941074051552,0.3137053252306625,0.8518413774356425,0.9769664540713955,0.8429668029705136,0.6899600583200651,0.3869211004853616,3.9123696447806973
120,0.23464147716899988,0.004510366462012549,0.007701912204641381,0.16103091766945676,0.16640099528117064,1.105822143315446,96.38215898781846,7.512568051450151,0.9247238456077239,0.8797879782167632,0.9818298596693287,0.5551842335820235,0.5544244720432658,0.9253922840553206,0.8203539170795798,0.9521951848482397,0.6701280289719579,0.3509603550249217,3.634779949782035
121,0.37912044714299287,0.005925264855339932,0.01553434181633153,-0.00518070308318877,0.4055751801825731,1.027673610059585,96.5066664263896,8.801800155501997,0.9096749285073972,0.8958708406734137,0.9943773282425261,0.5684405669982452,0.31177009299918446,0.9059893598236543,0.9915812698699252,0.9107603329616033,0.678736555870238,0.38494709667461635,3.9179983978903374
122,-0.0027781765179071827,0.008473108714770654,0.0016546489626333236,0.18806441166573445,0.42247227855611447,1.0296672436658076,96.52021107972301,6.003386012098612,0.9070548903652623,0.9128754928662165,0.9896067148122235,0.5643843474148635,0.39056831702305367,0.9012878125414493,1.0078445619240013,0.9294457591443622,0.7090562967482328,0.2216054961657028,3.795805935312156
123,0.04313744051479332,0.006545232555000943,0.0012048854740747857,0.2533906261703811,0.17047402784252702,0.9707591166099903,96.45515070734004,6.785206092958176,0.9065767969874233,0.8779397850018944,0.9874035742725294,0.5364900036349612,0.38194246996950787,0.9045617716353719,0.9524589880368077,0.8735046371042184,0.7333478114607787,0.443239574783915,3.7012221253031288
124,0.0648244549717614,0.006254254036592015,0.008304053165447484,0.2295403156471248,0.1241224351632311,0.8918458729972958,96.4814045907082,7.375832241606911,0.9274191689500374,0.8916261930699768,0.9852673864510113,0.60266440889655,0.48020220873513786,0.8774104783409621,0.7626071026533057,0.9023366055209174,0.6822859572491446,0.24902169487062384,3.4568948006163747
125,0.16072837417796576,-0.0012955450448351572,0.007421065925580611,0.11519899271249996,0.3903814490721905,0.8413826437443693,96.52797825094052,5.701055995749034,0.9031159049264742,0.8998999741752508,0.9897969818986274,0.5282135137893378,0.2999624015162793,0.8796857570526205,0.8834333984145023,0.9319508285938941,0.6836408713246209,0.4022128277322819,3.844800384617846
126,0.23285731637761725,0.004970648376382791,0.010571880289008745,0.19748202757775798,0.33545040507819734,1.287206731616335,96.50084139758448,6.432194814797433,0.8827284873804323,0.8938213298297789,0.9867974621252567,0.5527669186503906,0.43508937445604245,0.9381169164929763,0.790222226127086,0.8891141071416385,0.6402462328406833,0.35931489093571284,3.5731299308832614
127,0.38643482217698566,0.005872514413235781,-0.001071387155210323,0.004109401361733905,0.6214853095133894,0.7772363370241413,96.50654560186165,3.4510687388835346,0.9373381446362404,0.876260060350925,1.0034140398769944,0.5921130282103412,0.237340214147774,0.894509934604676,0.7610997407897557,0.9345870881693821,0.6828365901946396,0.2945659726487206,3.232074206158514
128,0.17982746293358398,0.00033310597215603253,0.0013736644296013668,0.12396079498898309,0.22710594424869657,0.665601326192822,96.51574252999336,8.246140685829355,0.9129962876008993,0.8442539830187576,0.9894432805253476,0.5998330189833972,0.44286251942017035,0.9109592070164699,0.8781791263984046,0.9101889233642272,0.7249017877927634,0.47512250505958137,3.7346480670043123
129,0.20488096764195363,0.006759409486748023,0.007320036882069675,0.09981547288147957,0.4914586748708043,0.9545081303289752,96.50185274363332,5.61635864699224,0.9217504608393261,0.9212981602025293,1.0016702203795211,0.6118115200199765,0.41234499939258745,0.8900351031560149,0.8482278136141854,0.8892098605602196,0.6525285825845807,0.35832364482869966,3.8658033602263475
130,0.2097050092676449,0.007627284640123223,0.015780184343834328,0.09846413959350625,0.5944967471892135,0.9627931479667176,96.47681046178165,7.3229232232071775,0.9044302661802124,0.8897297770308623,0.9825139343256343,0.7055776335447539,0.5200757491867496,0.9075519532551353,0.7815444762231193,0.9014777855277439,0.6667244156552669,0.4324457761775309,3.6361793204042034
131,0.24430799949083304,-0.0020347129031301763,0.012879556667601065,0.07864695236581903,0.31293911872319485,0.6453422221750496,96.53150146061346,6.843991751673131,0.8888710322937361,0.8699738284036491,0.9980647847351586,0.5093638562300359,0.3401880532862419,0.9410166745878118,0.9320412722197379,0.9188054814936303,0.6369541793521637,0.38488779036362153,4.0114777133360695
132,-0.010886174845848057,-0.0003343934096041875,0.009096559300981306,0.09472957599798111,-0.1573874920178836,0.9133348198621054,96.46505496239584,6.87139108531745,0.9209585521188804,0.8560191758851577,0.9940049871650918,0.6133005683830584,0.33948130276344074,0.8807040268199992,1.05616832102192,0.888593668722302,0.6441614634811463,0.43108741912994075,4.193892700266548
133,0.21109784635185078,0.007871116194977875,0.00020597393298807474,0.03137548780453536,0.3774722304065784,0.8484972515901053,96.45743434685575,4.413631553064203,0.911052015723433,0.8736495827644676,0.9935629988232701,0.6648453219611106,0.47475963127122683,0.8804496142785225,0.855885702077667,0.8814578280506029,0.6298832831742669,0.35557989973205467,3.4547738133958306
134,0.11957856195526928,0.0016312475225625294,0.015808623222454597,0.09922390254982918,0.594986500174266,0.9275243806097192,96.50752142773676,7.31297021658949,0.927261142094669,0.9148887841122713,1.002175717641317,0.6024993385219842,0.1409636280010254,0.8897565783707388,0.9347973125211516,0.8934463329359377,0.6642719959317348,0.40180420299907504,3.3977760485791095
135,0.14263070652766158,0.002729207072437688,0.005007523780445848,0.32233744117833873,0.12128555473450492,1.4030896236334562,96.37539141582067,4.214016763619991,0.9096967238673964,0.8800282922216421,0.9822743422247041,0.561456680714322,0.5436763130651718,0.9288804268468351,1.026129807589097,0.8943497533570511,0.6328405529751824,0.3399395338227581,3.8732206874486055
136,0.29030334437619126,0.0027981738129890456,0.01431660558697576,-0.008808829960979564,0.14725656350325503,0.49876863498858304,96.48082256329457,6.625083374664513,0.9440967240562155,0.8862637624085389,0.9981987613543751,0.6153972864654214,0.30077955359525366,0.8700536901566095,0.9979875649608234,0.8995561755569969,0.58002012970484,0.25190256393411636,4.1081212932033235
137,0.18619518426146406,0.002609434659674459,0.012870313579777238,0.06640364000416962,0.45602961069446557,0.7077006146922421,96.52455237213734,5.3987696374521015,0.9338746628781615,0.8694086230144661,0.9918356081084965,0.6680815209006788,0.33618028978517345,0.8545914101111106,1.0521446785121014,0.8882706331065661,0.6505637226065414,0.3156468128106741,4.082272911108123
138,0.15249299888371454,0.00860571543231361,0.00504271350069661,0.1500356389934414,0.5661668147186807,1.4484656008335501,96.49615133622024,4.734996480367109,0.9320852142763172,0.8379032357095569,0.9907940682849463,0.5805636213408937,0.5485526440428413,0.8898183424268326,0.8239639543749075,0.9007931091160235,0.654565397463379,0.17402500170656868,3.5613951808380024
139,0.03899544086164328,0.002942506916492879,0.008739097566935777,0.250273436975564,0.30965050852230297,1.1857957317005139,96.50833167925876,5.6768151799162005,0.9297171763387918,0.8947966463275333,0.9981116884854823,0.6215178740730574,0.42295681414158853,0.8844435305577258,0.7314879910098258,0.8851666041210257,0.643414249421515,0.3199964282077346,3.7361529914732072
140,0.029289647697884197,-0.0008764079552890376,0.0037175956295759814,0.0894021910428256,0.1890948599714395,1.174734097153516,96.51627141698958,7.2596425410802015,0.9040901193481725,0.8780458441942456,0.9948934253394535,0.6173049478796093,0.3253938062481812,0.8680170090649616,0.9519916591054187,0.9259051557711987,0.6280112597759696,0.4161397472451716,3.818274899539539
141,0.1444435339136624,-0.0011546406424184793,0.013153644501204261,0.1267686675335159,0.5599007062226297,1.4470997062192357,96.51847310838797,5.129828161386429,0.9095250541872932,0.8537698549084008,0.9917722912121503,0.5973098587901298,0.5221329196790734,0.8916346948594737,0.769278108236635,0.9274649239471054,0.6801265973035638,0.3384158779351323,4.266474601700989
142,0.12537625980903727,0.006069519720974536,0.012514026170609848,0.10896319102284435,0.3336081016465591,0.6392817923880494,96.51521727892042,5.7359191609373354,0.9042137267955203,0.8519601466825614,0.9823777583652635,0.6103681077003795,0.42127815831875803,0.9282602313000524,0.8924766738046316,0.9447452560553274,0.6230604578345148,0.3425669587288591,3.2025117092781725
143,0.19152174146546577,0.006194035113377046,0.012606194278675143,0.10490797730020365,0.595209733945303,0.9743287647789289,96.52730644419016,3.929244429579729,0.8869889117689612,0.8755734920813011,0.991966212701205,0.6440768558210485,0.42158519491296986,0.876298727651879,0.904370545380195,0.8643329813482235,0.6193308148821914,0.43941833065177693,3.925138226769972
144,0.31506790179976873,0.0035624591229968918,0.006156945870496336,0.339934582148388,0.0995255974057978,0.9738091109670126,96.40754864018801,8.235511130775876,0.9085346463232777,0.9028246069801017,0.994253836571391,0.5630547772004252,0.36645629149603415,0.9149856926934591,0.7901782905673644,0.9274338629239135,0.6502621692223177,0.33886426002406034,3.7153564358068567
145,0.41843938745036435,0.002816826485744435,0.004440766282012469,0.024347142216926312,0.5310617532500428,1.2716276223096183,96.53560390083594,7.360546352389336,0.8906810762039366,0.870847033404013,0.9958672336205446,0.6704506587410242,0.6938279237437557,0.9304083826415345,0.924987571203243,0.9318010856644547,0.7499685973128791,0.4309118004417334,4.173923194912791
146,0.10579847239565505,0.0017678579012932799,0.013761272259256574,0.028195916630935222,0.5112365063290625,0.9302172512487836,96.50036704943767,5.881780048752189,0.9029807531486966,0.8763302525242763,0.9957539665042915,0.6866988302010512,0.436104731828834,0.9111108373622728,0.9034306062150285,0.9041107909013012,0.5630627023729019,0.32229946488359623,3.8299145563084855
147,0.24266376589172106,0.0006071580510971972,-0.0038643482581658334,0.07650635417487812,0.41272813508559625,0.9135194588415687,96.47203425700395,5.095292401316924,0.885460790034578,0.8493416670437551,0.9865701768088484,0.620408305043121,0.44427959626383917,0.9016714549210184,0.818875661538359,0.8844840497699532,0.6861488729763677,0.40374610339358197,3.3368889460264604
148,0.41472357366740753,0.0029430488166818586,0.0027282166305484202,0.17118773075331778,0.2476421527980594,0.5557974506539798,96.17144884227623,7.977848085897034,0.9517137101091011,0.9170550458714897,0.9981252577190437,0.6171876913473899,0.16272570932946878,0.8969500458727148,0.9172582991077818,0.8863480961047323,0.6547586239823247,0.44165445610581566,3.2545905413464076
149,0.1686321662119599,0.0033705933300077523,0.01496653843833693,0.1564590167623322,0.2401865011260989,1.18909736854443,96.51106785138151,7.304335368290853,0.9229942893140715,0.9111476824225924,1.0009277972337962,0.571861377749583,0.45616336937990626,0.9049446809939112,1.0205752542720161,0.8999371152885809,0.683919288087399,0.3169009161861363,3.7742962537030644
150,0.13856347878153602,0.001043653359028483,0.0003958210863958247,0.16108808613629452,0.07800296554639463,0.9318814646923599,96.52466284826822,4.357409911798916,0.9311544292263875,0.9256541115306274,0.9894451349436507,0.5837990655361612,0.29127018777959346,0.9109239036561966,0.9990795719319696,0.8681721520764032,0.6774485937687127,0.43394498571373374,3.948140093635138
151,0.23802193099449367,0.002761121240503891,0.01028847903924798,0.029547015704981,0.6158517853289762,1.1166806225138743,96.49744208898998,8.419020276887796,0.9163010470279287,0.9008789100847163,0.9985163489387533,0.6108033929175044,0.3344163476316786,0.8904318789982453,0.9430262843820925,0.8753389088084831,0.6768825089935839,0.2971769254894707,3.41287051992789
152,0.20210038432678612,-0.00032324433676257256,0.00020144985374445906,0.15700848376241808,0.38169013271628205,0.998170759171767,96.52867019511223,8.397937252241439,0.9006921194343286,0.9340880234570893,0.9929254735077502,0.5653723574181241,0.3941309629882532,0.8498277190638573,0.9395579817539229,0.8783451451506866,0.6305244219616981,0.4342591066404554,3.6524131852942108
153,-0.015232338077504348,0.0020109856682776605,0.01732412057141262,-0.04683930744041842,0.3820327736890492,0.7006359842739595,96.50722412108578,8.752958844456701,0.8904888899549612,0.8698647352578008,0.9916781717630669,0.5703483300995396,0.5015232964643462,0.891398834392782,0.9346019975533176,0.9514363301133085,0.6567445200211866,0.2654516744930156,3.7686959758730243
154,0.3170683220369659,0.0059687521690291595,0.006210376182566976,0.18994762676674215,0.1311963436154094,0.8664255488194287,96.51642608357282,6.764189115497565,0.9308659354958037,0.9238089581949464,0.9929304887592829,0.6521541609627018,0.5084923366595773,0.8928333649602912,0.8523758338428504,0.9064439878280434,0.6409741450146073,0.2879771808870256,3.3366398557925727
155,0.26163758465791537,0.0017162183192812588,0.006352131136650512,0.10206510666392798,-0.003044790058807312,1.0909987160804215,96.52447657712095,9.196357535580287,0.9448362112397501,0.9039272416771732,0.987315192371693,0.563023803307823,0.5086918848928846,0.8956247508126521,0.8132959458450641,0.9225098416800986,0.5969242169636142,0.3897063968786274,3.8654686839769834
156,-0.03692024852464343,0.0050892386325896,0.0022297958850324585,0.19562526964233667,0.0736023851960124,0.8197986050733901,96.53414449716257,9.631833592018568,0.9145067757777912,0.9141259936867203,0.9814084906088066,0.6201618968469498,0.5588952062757795,0.9165084248068349,0.9579497569889915,0.8874579922959822,0.5780639141794509,0.23723290288346588,3.7539648627327917
157,0.30097039244952417,0.008525902923021201,0.006925795369303037,0.3179323095958654,0.48874144093679783,1.3272726274347642,96.52154406514026,8.322282751726034,0.918777127145188,0.9166296381856571,0.9930981953919679,0.6173493128342645,0.4925846976659368,0.9278459035636901,0.8815913030879513,0.8414492640451351,0.6508946628748165,0.42976300319414473,3.852964600184537
158,0.3856754705070777,0.006741495250062138,0.0007442466471685545,0.2071902173957185,0.46465615841456587,1.1579122760420923,96.52963259603979,6.487613126700818,0.9270681371098313,0.9144627743762916,0.9871721284223668,0.5702484349459489,0.22330539052450177,0.895827101746553,0.8265915116681096,0.9097348267490727,0.6652415659879206,0.3576421941881206,3.822349070826883
159,0.2015237764703593,0.003767562101673192,0.007573357692238187,0.1419266234471428,0.5414961151918405,1.118990240690641,96.46265721082594,3.4781175970650096,0.923881911971318,0.9160021502347011,0.9952514943833893,0.6001116156681636,0.2608291383217295,0.9507501844004723,0.8924979273044786,0.9608165690819893,0.70801199918276,0.2931516096413377,3.361169394798279
160,0.23427704334865906,0.006202921523510354,0.006043623632823762,0.2864979178842663,0.5398418916185499,1.2336537786833066,96.50897691580043,7.739154434616511,0.905880874212905,0.9358805305887653,1.0014040713126633,0.6515995233291096,0.28633775320737337,0.9444793928335329,0.825449215798591,0.9336282286092983,0.634335845483887,0.24977531881642023,3.705114074467887
161,0.30767277565161616,0.005996088127585188,-0.0018374268844423046,0.3443348492877505,0.2249329157488949,0.8541120822228179,96.52832338396715,9.199933015042973,0.9187514267324047,0.9108072752104814,0.9855060207236901,0.6245609104450666,0.2746767951946296,0.8599736629993928,0.8755094836147495,0.912352547225545,0.5814280980392901,0.3111222164885854,3.6398319996831847
162,0.15781222398633127,0.004558883764787653,-0.001757759128892685,-0.029569615557554885,0.22401264365637952,0.524101970638376,96.48714739170957,8.64452532093607,0.9212983878622467,0.9161613166497724,0.9900741373542199,0.5733869871468341,0.13778130314433334,0.9338765589496604,1.066425176754675,0.8834266276800059,0.6940420605478421,0.3563863542997449,3.222294004265305
163,0.17616802080495705,0.006744975364606215,0.003440815419312059,0.33660679859978193,0.3032064347280597,1.420298389797438,96.48368599273265,5.4888249979236905,0.9062213700523871,0.851940475760629,0.9952561936301096,0.647021804810247,0.28210487242099824,0.8837341332844233,0.7161337641936464,0.9254906608033477,0.6522448121399504,0.19407459775517938,3.855978246859671
164,0.13494455157209656,0.0077803517958044965,0.011081220921688305,0.018572282544938118,0.28639533074932094,0.9404341949549331,96.47254580344293,6.059962185816378,0.9036997494939523,0.8402093579844445,0.9855779886933987,0.6186183814801225,0.10687317514011285,0.9698202877869747,1.0003359338939466,0.9558256188736983,0.697872264444083,0.35808340363878277,3.544351276656861
165,0.17284262964815275,0.006451645474686877,0.0007483053382744435,0.1920831938623545,-0.002794773198359801,0.622463628029625,96.46753550114231,6.613064400004122,0.8791156304370615,0.8986990820498406,0.9869541738186567,0.514063075023024,0.5045752868670771,0.944014243852841,0.9554392345040509,0.8723735787788838,0.6739679187935185,0.17881129853338606,3.571277451443463
166,0.19367763126988818,0.006454502039295741,0.014591824553457918,0.025515329221775157,0.1634274962808812,1.3886678225569655,96.5197062457578,8.388217068387165,0.9016162532226921,0.85895245901289,0.9957974956110901,0.5772875373286344,0.3429928976819437,0.8972962510959301,1.03388363433453,0.9044902419470411,0.5851954942673316,0.32228706356392783,3.558338286460047
167,0.03987403049623739,0.004171176474424099,0.01503704858551659,0.13365750776147886,0.420143558947221,1.1145929735716695,96.51903304057541,7.800619280845115,0.9077874840714228,0.8773461517054701,0.991238741490016,0.5525114851586002,0.6345183247503243,0.8976879471343324,0.9825395654476504,0.9028637859291493,0.6487663260499029,0.29100736896508395,3.946850495706691
168,0.28682792068342655,0.000776813988073769,0.010325820444693334,0.036509358006157844,0.33532536119716033,0.5783851706540406,96.40524821948785,5.885965348253975,0.923449044463645,0.9125683832937375,0.9980467257470942,0.5688247589638429,0.41666797763468544,0.9084873527760169,0.8230083290604199,0.8795446819589497,0.7508156870570599,0.24422710966181033,3.8557098940886125
169,0.016665991270373964,0.003576696801172967,0.007598276338124502,0.0815267207039135,0.17699477066745145,0.6855742297850401,96.51304970926374,7.6387406713241,0.932127506858878,0.8829189752646299,0.9995995244572445,0.5100717431120778,0.3890552627283968,0.904963285572379,0.8980164201810606,0.9334666157837893,0.6839593894060788,0.36254067795314787,3.3640275254208998
170,0.15817068114496335,0.0076179723336190705,0.005855886555564276,0.2576773355877886,0.01712280536573091,1.1968256239004724,96.41619318766527,7.320434774758483,0.9256279946572923,0.8450915532871863,0.9990868602324723,0.6556586330860258,0.49776652883765704,0.8789630000576921,0.8950958344141459,0.8647439253362875,0.7252518069645383,0.3626727545078824,3.7499865391022396
171,0.18784435089736967,0.004665792460038362,0.005887396588848522,0.23909288382256316,0.1136197949551134,0.7814860790428305,96.47090124736792,7.209802847272055,0.9123889600222044,0.9239617841212636,0.9833204476962527,0.513821439341712,0.38131800149436973,0.8817632250935988,0.9222558112682758,0.8944598982937115,0.6499119967851646,0.40818426942456687,3.7407138079240783
172,0.0793408600903535,0.002496256463952508,-0.00023639580894698788,0.15864051681243038,-0.13068675484648667,1.1052871538604048,96.50427342948863,8.296803766877265,0.9034143449822365,0.8957487394519461,0.9882872268386071,0.557164160633143,0.528734752174937,0.9004575268438781,0.8858915932498345,0.9670478747025562,0.7044794548865868,0.2569683405013639,3.9748206504048533
173,0.40588870331325677,0.004451125394512018,0.007466135179635218,-0.09593921257245852,0.19395699218493356,1.0241934414464657,96.52725106628151,7.197098172296036,0.9291291429081541,0.8936774961386804,0.9925556783299571,0.6168498415857382,0.39468894386733205,0.8622260791129173,0.9515248966681081,0.938245450072231,0.6063914944280531,0.22359968337423497,3.420744722703185
174,-0.007453819771529452,0.0019598286903853078,0.011954554099597819,0.09125524659654585,0.6147002365621677,1.3823604645733658,96.41911339344404,5.508421347800912,0.9077176678797727,0.8451703697103811,0.9933054341530865,0.5789247901298329,0.3067952969887341,0.9233314443077781,0.9276192158587825,0.8976868466068333,0.6677850512728438,0.40514616487908917,3.82884316035019
175,0.2239516220731329,0.007928861625015878,-0.001657258809300336,0.01588890258510331,0.4817827299022762,1.0369260714696915,96.51633238862638,8.408217785082092,0.9187897219802804,0.8961938998342387,1.0000196069921699,0.5464011024170174,0.7257295109849982,0.84897491073675,0.9683920714096985,0.8855764651516179,0.6924465266513626,0.38202747973782525,3.2103461055657085
176,0.15075744046825448,0.00550773934824901,0.016615882139340742,0.26628152652939385,0.3344294216565896,0.6005866163668862,96.46476101198175,7.059181839020935,0.9020869466367468,0.8763319176432854,0.9852760822753657,0.6347108225263043,0.4310968040663259,0.9269613319588769,0.751603435625827,0.9101182049622308,0.6751268873937074,0.2395103764875079,3.6514930942919173
177,0.23969346174870115,0.004374280924085758,0.005897449583190946,0.06773814592227051,0.4400958881710002,0.7962600211056131,96.46569096928607,6.896393464712169,0.9105892999539955,0.9305212935041104,0.9988087472103301,0.621556727586547,0.43336181096953136,0.908363111168513,1.0451800855799678,0.9310903074194951,0.6481067537358479,0.3049321866918151,3.4421774575033846
178,-0.018074215265732274,0.0072479267422176415,0.0069370851020930935,0.19814158300599688,0.7126916729095218,0.8964474043914117,96.52645088347019,7.718102533741388,0.8875641472282458,0.8787275522125835,0.9928468106195212,0.6483993035474908,0.48936355814998034,0.8642232426260406,0.8873195000612275,0.8885237491384858,0.6421947026030477,0.453565423594102,4.003743577314431
179,0.12570694636322213,0.003629163504618324,0.011793164367972286,0.17242847002634254,0.6203776843041982,1.2472587390351357,96.52417171893698,5.460382836286782,0.9215470297408083,0.8868386822634967,0.9992276620322342,0.6382216534833469,0.7549667062775862,0.8862479794482304,1.022698861301448,0.896514145582177,0.6275351489108127,0.20872444419728708,3.8532288296979065
180,0.23328669421279458,0.009334010462153408,0.010311552612253232,0.131909685764043,-0.06483431677556029,1.2165434202864243,96.49084121009096,7.817602202772033,0.9117060453199717,0.8964839321594842,0.988634224460934,0.5944697786191885,0.48614372771789677,0.9135776715544703,0.8992048077835691,0.8837188459075267,0.6654673512585471,0.3174453190398494,3.6857882281112766
181,-0.02761905601332204,-0.0003935539450423309,0.00781824278767023,0.06154694396935924,0.3644721158557926,1.3508211646947281,96.34436524328451,6.427676932973659,0.9122665801949923,0.881947302177633,0.9895622810026203,0.5506166566572369,0.3810400984650178,0.9256322055803491,0.9024394513241525,0.8775427528454018,0.5796844250604021,0.2919148780363422,3.809076666017207
182,0.19148915491384952,0.003051496915541492,0.007536798293767459,-0.04543002422182979,-0.1202166407595261,1.3337156098432053,96.40852083013984,9.168687897432488,0.9128088002321956,0.912975885913384,0.9972436278454674,0.6606622262452465,0.5671297823468469,0.8823964137064547,0.8140798875997581,0.914117349461613,0.6351772626103293,0.39851623436467365,3.9321002698719854
183,0.04946137986841642,0.008136390808547998,0.009335063824414543,0.22549242336177733,0.48740969568623826,0.8067115188415593,96.46508516852782,4.789448184213783,0.8981642538868491,0.8320686587012788,0.9924178496578746,0.5938962874546055,0.32317687593385774,0.9179435349453839,0.937973798990863,0.9243002627430643,0.5904614738369014,0.32128937097013993,3.6414018447927137
184,-0.06249233745323221,0.007651621911745531,0.0011907049301775234,0.2596793421912095,0.15645573048438025,0.9854669936958829,96.5207805212483,6.9789239874150315,0.9104200079354585,0.9166962879812729,0.9962920116075155,0.5682765931496431,0.2201202411420151,0.8868241275959895,0.8303666568894356,0.8862512061289846,0.6379787061180241,0.20558561018282945,3.502959897515011
185,0.3369792192506772,0.0026511148550608806,0.004040341172408845,-0.029148120570225478,0.32480993210816256,0.9386773380071415,96.34949189513058,7.598635754422499,0.9280886642774222,0.9058631706644633,0.9933796118911269,0.5980500496886182,0.6322613609745101,0.9087983605165513,0.9252288761681841,0.9138609132940471,0.6402832973835968,0.2856368912235039,3.846690045714694
186,0.1740144982472932,0.0015891094297519857,0.009588403442748271,0.17353845036607857,0.19188701033654715,1.0170118219792026,96.45657794707655,8.006505691849215,0.9140060055253127,0.8832688386935199,0.9842828860849367,0.640351523822102,0.4862527750493739,0.9380608762085327,0.8556737185593886,0.8615314958405206,0.6961779777754004,0.3202092780062739,3.7002257924630846
187,0.10782182692671742,0.004016293847223905,0.006723921194548602,0.03355610054417722,0.3649797803642397,1.0257833662759526,96.50748199195334,9.679410333339254,0.9170295064275252,0.8612937372239264,0.9949888752800203,0.6067792013830612,0.46145776564296886,0.8856061326590005,0.8271132670558863,0.8492026304562498,0.6730327109467784,0.33438579282948566,3.572052355205423
188,0.21436443051740445,0.004015186016643254,-0.000629355260640548,0.10116101838297376,-0.06221400536497995,0.430453045634441,96.5307264495788,5.565086472530241,0.9294211499287333,0.8522366986546608,0.984399859420779,0.6006220312739778,0.26796518021673954,0.9112555995882012,0.9284713878812669,0.8689980502842495,0.581503648256783,0.41416678104484217,3.606650713808546
189,0.33589199626842847,0.006310755425683802,0.00204735197596528,0.11162707042115276,0.29151819635484455,1.4621686876637863,96.50493041285941,5.77813898048074,0.8823147703986438,0.9345316159016956,0.9778798712199959,0.6030063041102505,0.19464381811200304,0.924307957113035,1.0572236062693294,0.899056536864717,0.5895115346504642,0.3985492066233686,3.824253096154776
190,0.17164850845221433,0.0027777786711175286,0.0167751425732477,0.07534398648530635,0.4181909990550227,0.33633216148011735,96.4048141461837,5.477011528521641,0.9176341188724494,0.886181338499085,0.9905787474472257,0.651634232528086,0.4044700659025705,0.9469411205349475,0.8012001284302168,0.9676270194059018,0.6079371815359103,0.275562006619308,4.110825282192661
191,0.023917036090008642,0.0047980977558956545,0.002269959016999946,0.26050758569666,0.1789038855880115,0.5111518287244807,96.52015961742407,4.486660273004144,0.9003491944720942,0.9205998009940993,0.9960571790755492,0.7181725443074072,0.27924361489367244,0.9186629560709642,0.9404543259728959,0.970220172644945,0.652478508906135,0.40159353683134114,3.909494132405114
192,0.19763924672003574,0.006514763552147796,0.003357244554308035,0.1510305898919757,0.5069177464556618,0.5640939091683391,96.3976787865603,7.6439984087876045,0.9096461290091273,0.8959969109223276,1.000247239325043,0.5615197493174101,0.23724989380923653,0.9245422534921157,0.8915509105487384,0.8584311774156768,0.6272288037350896,0.4041392077252078,3.8249003959419583
193,0.40575104664153305,0.007862542736321487,0.003995423076217849,0.3016980774867476,0.2500101430453309,1.053487678903205,96.52592591208365,3.496056757504235,0.9313528310580155,0.8827384387358972,1.005066065406762,0.6673925704175577,0.34259678695834916,0.9241846262522524,1.0514635088223543,0.8845872559824745,0.7376587865813262,0.34047278588050045,3.337837150619083
194,0.24430655368851167,0.0016147241551849626,0.00877926476935345,0.1545264343199201,0.5987217751123806,0.5095987256666872,96.47277179006004,6.0270494032573465,0.94471277558764,0.8941417781314029,0.9982729616396533,0.6469329980706783,0.47913458312559554,0.9273001472162216,0.8089280972307573,0.9205323820454453,0.613521978894873,0.3593899020429107,3.775275444732225
195,0.23110140473088678,-0.0009847319912417488,0.009125232343555226,0.023796198993479706,0.24400717707333325,1.2706152426686692,96.5073930516758,5.998632552391597,0.8849921264354259,0.936933023278605,0.9918496688178656,0.5690016877497973,0.34004956768934824,0.9059135060706986,0.9443843642997821,0.9269098528158172,0.6746657758190506,0.44636349471131176,4.169794935578477
196,0.3529449495610731,0.0066461377585357905,-0.0025416536617215322,0.12158180643078281,0.2436011722032329,0.8030385051923208,96.47174590031801,6.124998666450328,0.9367558268795908,0.9180946252967568,0.9899279916055799,0.6080102187137131,0.1515497443212036,0.9436606765110123,0.8877316863514684,0.9121345365574322,0.5803486175409863,0.4057944838690118,3.373210505989979
197,-0.0864591581734403,0.004922092660578659,0.007462182051697475,0.3125953669108198,0.09614080693288213,1.0026650546613658,96.50065988110613,8.316813324176472,0.9118032975786557,0.85353655336557,0.9898217365248918,0.6775593015461902,0.31713250036108936,0.8991458792604321,0.9081901379778862,0.9205445613579354,0.6606739217856866,0.2898480455973734,3.7502757200083128
198,0.27153391827689916,0.0007418617788373686,0.009606642903887545,-0.02855914460823422,0.47599102418914024,1.3384380575091972,96.53281738515987,6.673523806313699,0.922648679083933,0.8762111212588493,1.0019317169134134,0.6107633146393113,0.6468574526960936,0.8846013920173954,0.7494893801168044,0.8879629196945209,0.5980069128715528,0.38302203557203823,3.81356577757012
199,0.24782684816177097,0.001911903348270397,0.010019710153354925,0.33395416372205344,0.4371997339825196,0.9118146951987776,96.47301232037033,6.25745874225416,0.8955854077156682,0.8530786894881459,0.9886151233766682,0.5217734524100289,0.5674746453387295,0.896630167910546,1.0510766579041457,0.8530210386117069,0.6910425914727012,0.37494471353555847,3.5391249286960584
200,0.33300565556796546,0.007433477555297457,0.0030102138011317576,0.05227758547348163,0.35217528340096893,1.1963425430279446,96.51854778465871,5.6073484363241874,0.8955456208672493,0.900430500053795,0.992880689835676,0.5776602793260541,0.6523456223914383,0.8735571350159372,0.7608173255646737,0.9038281365647945,0.7101450781166283,0.4362583318851029,3.6129104803541985
201,0.24688242361302257,0.006494401940791663,-0.0004122826750396647,0.2562273171622604,-0.08170053749076067,0.70787085926382,96.24759402604028,6.396412559800426,0.9007151577947806,0.8766316698785338,0.9837109307211929,0.5933861112371874,0.34611782920627937,0.9287882199371461,0.9802309730038004,0.8851528777264329,0.6024497634531834,0.25132148334927085,3.631368129722533
202,0.4167808485536362,0.005285150257272176,0.009821839464225756,0.11820045770653216,0.3672332644847129,0.78671045392373,96.48804434601783,7.4860099073583255,0.9172050184783661,0.9151382793818934,0.991000334112718,0.6031107226452899,0.2938620061819176,0.9247703062840792,0.9047032674306773,0.9261771254957979,0.7049919435466735,0.28246624444873764,3.7101735428743328
203,0.15476328652410115,-0.001847382972669172,0.007341859650253871,0.11643956082919305,0.15480382007665422,0.7461847160062698,96.52055285651275,6.563938960603769,0.9128533615565944,0.9251185760733985,1.0005816166442019,0.5765440023366671,0.2901572214374897,0.964275346581114,0.9387534526005082,0.9373168304854673,0.6065031207477201,0.3261375541676617,3.8292399954842553
204,0.22566465855384055,0.002424815641969528,0.015514376710450278,0.11414464944084457,0.18923153171922258,1.1007498590666793,96.51312969957623,6.57680552536117,0.8849498957610588,0.9099162362522167,0.9868788722925911,0.6611825885448495,0.46725514352855585,0.8620419623309489,0.8955937499921841,0.8973351187089673,0.6654519480570219,0.2969489731072494,3.743139422766059
205,0.01980544919413957,0.008142751017887175,0.0138136906121842,0.16189352531260578,0.3661836013551857,0.6911064859583878,96.52408110054101,9.277685039752042,0.9096356247363527,0.937335126409137,0.9942257582680092,0.7088429466327345,0.30926345533024185,0.9218908998930232,0.8457866830684362,0.9038194030122357,0.6213394812810427,0.36428070374046195,3.8818014037117203
206,0.3089870303251442,0.0037265690097843668,0.0064906372496127225,-0.03776034685119167,0.21816376021282252,0.6427304999428216,96.51343763431068,4.950480881119744,0.9165685890911162,0.9345457095638007,0.997790528149386,0.641027729521224,0.6248619804143196,0.9334985301130152,0.8627042883319187,0.8979527017026023,0.6844569720622412,0.37774446146666363,3.930483146807759
207,0.12684144046327014,0.008201106350352374,0.011624263298940181,-0.07089585233511994,0.3620255045674353,0.8685957668116006,96.39161826180022,6.241280496973016,0.8996570755691555,0.9201885746705901,1.0069853260654757,0.6869155638398683,0.15364587779263944,0.9033749563439907,0.8253614307288811,0.8796887530661293,0.6636513275932348,0.31546392225489156,4.262547937632302
208,-0.039439691431795376,0.0015462769611456627,0.003622430313358389,0.08340221124942568,0.12148127867445965,1.4943202015622798,96.44427566076445,7.562618890375598,0.9053940777038032,0.9144450328591615,0.996929199000705,0.6342733058421228,0.23744509562613852,0.9249115475724297,0.8293491187917527,0.929950989868447,0.5734793990007382,0.20502580061150788,3.354052031989357
209,0.25983325390597917,0.00208473362502093,0.0027057147296579284,0.09892465372034448,0.46771483685639237,0.9459954318086343,96.44959277905389,7.954615098952172,0.9051267132397466,0.9250972080337287,0.9922622399249417,0.6467075600155554,0.40203150019197287,0.8939374298063962,1.0069364145499278,0.8870331464961421,0.634799163186821,0.22398437431056162,3.4692917727147354
210,0.41419027624495597,0.0022765145255100455,0.004914343034829175,0.015513367576943687,0.20778656713874255,1.117970006603901,96.52986669356271,7.498234767619836,0.912307212283719,0.9092686530998939,0.9823807040796891,0.5107013896747603,0.41836133888676,0.9212997409133489,0.8424054376726481,0.8934630219318482,0.6978673460582343,0.36681110425935387,3.604553970103132
211,0.23029420413133636,0.005840912431915445,0.0017413644765407622,-0.05507727788159858,0.22507155944816504,0.4586586850334311,96.48578867514284,6.034832041524182,0.8980921323888342,0.9337268881798744,0.991039039664485,0.5058400499982196,0.2729544148419254,0.909949818058485,1.0234413987927453,0.8669996173326185,0.6748224536003782,0.3858763455592853,3.8761568189459936
212,0.2748530324116533,0.0019807037304050766,0.004003776996812553,0.23696045609440294,0.20164892352720712,0.6082994873952225,96.5316944442345,4.765827542826432,0.9433311920955698,0.8477867445439486,0.9881192488866763,0.6490112023205403,0.09878370746957166,0.9260490036004825,0.8049529509165316,0.8999683066564854,0.6296756550439733,0.28256005130605794,4.017222909722985
213,0.1945750086983801,0.004948043279420133,0.016946644207675266,0.2875970928545366,0.08999817361938173,0.7268284837777998,96.53001800390906,6.189334044778379,0.9187312280234149,0.897005610389656,0.9983107927151629,0.6598663641981947,0.16888093141795332,0.8927948765699795,0.9957797726088629,0.861501933172436,0.656550156944252,0.3089594308701486,3.3802481731515504
214,0.17623995328858458,0.0005906575080002778,0.015734450574653645,0.23489952667174457,0.2602941026962385,0.7364408757072143,96.48378612046648,9.485361007050008,0.9176537549907285,0.8689048990337107,0.9863399086163719,0.600201688977135,0.29599528410215936,0.9277530027931766,0.842672532459776,0.9075282127347397,0.6463074779881273,0.3413966138758133,3.8348391417435765
215,0.4147060000420085,0.004027963731325087,0.010290385366750913,0.14420556789214478,0.15216696199898935,0.5530272330624728,96.44706385455896,7.3079394283372405,0.8975328661481277,0.9285507027832527,0.9911337873285184,0.6682761455028563,0.6620884823394535,0.8690122143415918,0.9819436351896664,0.9123276684398893,0.6033091670253729,0.31798062405042876,3.907514927378767
216,0.0036625164640188834,0.0021634289210709272,0.00820401455928089,-0.03093612770967974,0.19694787980912223,0.8099103879436466,96.526336771416,4.786603205093832,0.9449029885129395,0.8349382335461218,0.9847408017889854,0.5616404315752576,0.5603493727543976,0.9105782533475953,0.8311385696084788,0.9542895344538861,0.7099379620700913,0.2414519956020828,3.5745742284798667
217,0.0837921901683289,0.0029279844385017603,0.003992971082254112,0.26387666296234064,-0.08928647976411924,1.0399490594075602,96.49340817193729,8.099142387666529,0.8903202891801001,0.9259582535173421,0.993476517694652,0.6159190949816483,0.39859486644691305,0.8779201504446542,1.0248392193456524,0.9068318348396274,0.6680714867115013,0.4020772258023997,3.9457196276982787
218,0.1927162159984372,0.00487768308123997,0.00715545825306186,0.029203333790969635,0.36370204442766696,1.0490462927347362,96.41602369770243,4.795346078310527,0.8916058329434997,0.8900490163434975,0.9916756471266895,0.5377165399537921,0.4886663387895637,0.8977200805484983,0.8531480871754217,0.8965029444641188,0.659319503915401,0.3448299417284046,3.424655327768243
219,0.10071568815382624,-0.001588964114160324,0.003216826234303736,0.016394993841422026,0.43681172483149544,1.3594306758859542,96.50674138234676,7.199142955624437,0.9184230026037778,0.8772846809632852,1.0026017125412303,0.530720209427762,0.4050972867587947,0.8483403367228501,1.0055221083022596,0.8668048896410633,0.6689409414160307,0.21303912833812624,3.9623295357562633
220,0.31256511616443194,0.0013194756138800666,0.010244278699106133,0.250910552907897,0.17001484232119962,1.3901212628673407,96.51476670411823,8.581995847964595,0.9169132923662161,0.9101529960279793,0.9807802023821988,0.5668214461379704,0.5215144001195643,0.8847570744291916,0.7984799816238557,0.9392489143238669,0.6349053560596514,0.2939161785018213,4.006022839759926
221,0.23474736182562644,0.00036303542783882366,0.019914357877938788,0.1726817836492844,0.24521690505603705,0.6924614103137052,96.32465378435624,7.571764374399558,0.8976713718023016,0.8771569467805003,1.0084945619093073,0.5420140088074814,0.2509766635576026,0.9314568109884249,0.9014306266583296,0.8793365007439757,0.5633683091953015,0.2983667364764769,3.7300276364111102
222,0.3134972004849163,-0.0018202766687307917,0.019160763776281117,0.26371846046250136,0.6341138818159058,0.9976583864094611,96.53488510676914,7.627569175117813,0.9108063837438664,0.8612574364443876,0.9837860213156817,0.5071498703168863,0.4009591557542338,0.9464324300470704,0.873158041989062,0.8876072711007909,0.6288750775895342,0.1468460219949619,3.52728647716984
223,0.37248675991457836,0.003062600457472743,0.005027076414041768,0.021380237289551282,0.017259716406503423,0.5131207197445826,96.49624167492979,4.349083758025085,0.8954005204427361,0.876734614527998,0.9975301404456305,0.639773421323785,0.4479429481812571,0.9268854911142852,0.8978499444228416,0.9177238165053168,0.6142735789121836,0.4012794909126013,3.893265858197837
224,0.35315935593630665,0.00014103165024457283,0.006907023894671287,0.11165784928411403,0.6475189332810428,1.2843863797248345,96.52500462505796,6.01242516666287,0.9028874822639916,0.8988431545462633,0.9942210876122005,0.48491748947686825,0.5344485099098875,0.9213698846732451,0.916720011414972,0.8558821415982321,0.7272178116259265,0.3820010706775435,3.5314846665411896
225,0.22559277570603214,0.00841273072749674,0.01625001379498424,0.21544865453087628,0.24109948364513967,0.7882951586842167,96.48114140579891,7.843072468120691,0.9008051901071,0.878927339235513,0.9953198307184957,0.5913960708384105,0.542758999948202,0.9060090927961886,0.9847118407721422,0.8894507619525776,0.6163818555258074,0.30749990211901873,3.898099948977346
226,0.3062692885024234,0.0005993013219135089,0.016410833663583983,0.1512839947232259,0.1957874417508913,0.8640406318235098,96.06092544438437,8.073410416210336,0.8950721160473459,0.85005434272025,0.9845118640879925,0.5748954656562311,0.1895338382334418,0.9030575915967811,0.9813963302018753,0.9054902035223794,0.5821327808634236,0.37575473098238726,4.018582737373864
227,-0.036358666321566924,0.0069897071843861985,0.002855382017025211,0.20302974928526624,0.09186726457178221,0.7306333244545344,96.50872995270277,8.503496005016736,0.9042059967836781,0.9050151510335406,1.0037453584265896,0.6482751639280265,0.07867233576396632,0.88211500092855,1.026876518492465,0.9228066341543089,0.6653590455440153,0.40609545964691157,4.216384771271353
228,0.02819551133692974,0.0012155091331161154,-0.0029606739445833035,0.029717874765136515,0.36064222269711316,1.1445036768350358,96.52595220260594,7.1000261876976785,0.8944844091824302,0.866669073224326,0.9789056623581602,0.6471230806487709,0.5647415619545403,0.8804319892853406,0.9864902162710961,0.9426906116418498,0.6609407948309117,0.3347580918221416,3.794990036654833
229,0.12679289154130663,0.0033959308992596205,0.010981339536660075,0.19104926548736584,0.5815361425697951,1.439996301236608,96.50199985868358,8.158602959911002,0.937194175583968,0.8980504713827983,0.9943879901009621,0.6987422985649658,0.4349919492743675,0.8770728999659565,0.7801751739860294,0.8754837936564851,0.5885857983684015,0.4124330528026722,3.434176208788187
230,0.3002716219332224,-0.0006807492801084816,0.012970213281831296,0.15579435817294088,0.5201952281693177,0.9838492916080377,96.42933788943621,7.897029340335995,0.9307093495536448,0.9429346052052476,0.9925408813228324,0.49065706227605244,0.4248481356372972,0.8717361935873755,0.8354205477596442,0.899591912544481,0.6416345474799461,0.27764279679356885,3.5087708800133157
231,0.042093917416792914,0.0019056267887432843,0.004131590489413117,0.25398858333567154,-0.08007054454832663,0.5302388676744809,96.45937565020893,7.106138527000308,0.9197427943668866,0.8569279397686195,0.9977066668838541,0.6848432619616031,0.4040697877136911,0.9062562535928158,0.8016200224460585,0.8784496962282798,0.6494823905805946,0.21319541996967295,3.4911640323169473
232,-0.02177770918383809,0.00479908378834981,0.017329830960748808,0.09783571209706299,0.7185136890679868,0.3930861797307913,96.51244866317441,5.3919669741145455,0.9409486212095615,0.9250088749517127,1.0059138355282482,0.6321827048041369,0.15719846057860948,0.9422921926756885,0.9234430609526949,0.917843424224476,0.7214781863385865,0.45720074794185656,3.9978142294187253
233,0.07485898489291279,0.002682597950115268,0.012118562939780763,0.03751650491935275,0.16872497334379194,1.2199713124779707,96.50238107125674,7.426533712676149,0.9133022191526778,0.9088253924939513,0.9949595911205933,0.6178383577648172,0.3644860461074742,0.9243710740817062,0.9926713909177474,0.8808969510978175,0.6304705856833438,0.3482616991013755,4.231370942518443
234,0.35093377744182414,0.0011790698161096968,0.01409840865257955,0.06444728710016712,0.3240697146961453,0.6740009094692733,96.52125906469121,4.426417488937102,0.9468330878878712,0.8709941351133805,1.0028856358646943,0.6301828448204541,0.1483007658147098,0.9229719118514036,0.9046105667699459,0.9207007313780627,0.5953641915105707,0.4281665958147747,4.057078380542897
235,0.2458632297026763,0.004858095965963745,0.008661554473314249,0.14243834083447446,0.6608595351676909,0.8364087239875184,96.35444793826818,6.167975235664931,0.889987603833112,0.873013122133071,0.9948423278192585,0.5729802387213286,0.6473989878059767,0.9277365868350768,0.9475745255062961,0.9000478814944322,0.7239790049239948,0.2318048627664694,4.024575060538624
236,0.056550423556113505,0.004163267625877902,0.006960409488323931,0.25531584663847406,0.042986779266575126,0.562462607854104,96.49508209508507,7.923280000944697,0.9244096886092731,0.9090870140964578,0.9903848932155099,0.6974923696922415,0.36729964782287705,0.8955970184254212,0.7729469103290769,0.9073278972749915,0.6342113813435301,0.29133189724928943,4.094878009546946
237,0.11813273927049756,0.0010804745709574871,0.014701821685602245,0.09229768774697857,0.2946973632482054,0.9365596264627368,96.44874896516302,5.515926173105839,0.8990596661425744,0.8577626609650921,0.9970181113709036,0.6447200561451542,0.3433723256470207,0.8637057431224797,0.8471050689611808,0.9294969882709335,0.5968440738708776,0.2810428742328657,3.7413358152972447
238,0.2525546064800543,0.003971149890772839,0.011338577395945473,0.19593476533115217,0.29552623649713405,1.206921594367024,96.44410533174239,7.597702041285482,0.9014761588494961,0.8737578095743759,0.9892871458842138,0.6361832925014766,0.3258558741631623,0.9317750610463519,0.8869003560674114,0.8997016694924409,0.6208022081640981,0.3182410240261385,3.865663386478505
239,0.14186453820525957,0.004467024094270525,-0.00047628100646909116,0.2910124453873665,0.29944758832264756,1.1049461886902314,96.52757354470914,5.360641201128023,0.9065358404610688,0.91945671871933,0.9991138343509225,0.7138864011376548,0.31513592175088023,0.9053631286739562,0.9418899008463408,0.865294289439824,0.6217806493766806,0.37140852161183663,3.9057753673293476
240,-0.023273666591358905,-0.00021763686081063003,0.014001062931879957,0.1916198016066757,0.34715567424366545,1.171235168748384,96.48079543371306,6.861887057265438,0.9070071556655446,0.8722741766857873,1.0010914848479255,0.6334894383541965,0.3089879802323092,0.9294525232186764,0.9664497711685809,0.8828792432322357,0.7130456832696034,0.2810007353737203,4.144723131349862
241,-0.0677230058909524,0.0056398818152175595,0.008079938305289724,0.17169775635320814,0.7149168495556146,1.0889975417734878,96.48779654386095,6.335595030489007,0.9101883689488476,0.9089436858667523,0.9997425344960189,0.5282941042107112,0.2383030550092872,0.9300540007674335,0.8918736256202612,0.8824803640482225,0.6319728389584615,0.39851081503798386,3.698237251493901
242,0.2857984483403802,0.004097121625226866,0.0031847827459092395,0.1727518023533401,0.6063913104033831,1.3766953968620992,96.33741447668994,8.86019367892024,0.8848965092301777,0.8546236449766588,1.0011096249635194,0.5825551949552634,0.48356043448246866,0.8997748026017319,0.7967520886351744,0.9081895554633729,0.6902706946782762,0.42733448226662135,3.442820665034816
243,0.23348512039969455,0.006430819142152613,0.01652164669485412,0.22896820308791788,0.181989728215491,0.759632425160343,96.47777817675096,6.341301670828082,0.9301580586359982,0.8644916285021389,0.9852541841232445,0.6202024474052592,0.10812705823487417,0.943817041180609,0.8590931270119482,0.8827463915157376,0.5693870955532053,0.35005948728539105,3.545458014823914
244,0.43542017280741896,0.0056416494028074925,0.0016412169292977109,0.11871479599556942,0.3751526216566902,1.1449392199185757,96.43956769947013,6.594356701159822,0.9224027124131939,0.9412377007926002,0.9956747813248787,0.5689510814665241,0.36016382195894947,0.9339983906997655,0.8586966743776522,0.9085598267238666,0.6690954656668313,0.3999032507120015,3.5481695269500864
245,0.2453154997112773,0.005488124232051165,0.00845422055284712,0.1893698435280199,0.26565274349038503,1.070289874718947,96.43948127637027,5.017556846774735,0.927091906760822,0.8850284517250819,0.9837680068169077,0.6183983192833566,0.4037568828124631,0.9059051727789915,0.814338395340572,0.9359834211301535,0.6018262478893,0.3466306786637072,3.3898251676783815
246,0.16089388099871865,0.008789862669784541,0.008693075021928136,0.16403082649210488,0.4984434245276582,0.45960043957503727,96.53048312240443,4.295399006875783,0.9108679146845615,0.8792895109159832,1.000826614455613,0.6335754746850448,0.17546870577173418,0.9531028506397975,1.022516005617932,0.9313911259616969,0.6107816837452206,0.3304671820862212,4.030167706725049
247,0.1723691112517431,0.0038283029244188423,0.005426020218982526,0.06882227715180901,0.4046511724606115,1.2330715760031534,96.53183596555661,8.394646488678251,0.9109770814653276,0.8881099848869147,0.9922605289845999,0.6183165312138413,0.49469054286305003,0.9057437507864251,0.7996653095308951,0.8948192294301159,0.5879612705459294,0.21151616627433267,3.4011760103975153
248,0.2243439028607196,0.004770355901627082,0.013732718955758907,0.08326625907270467,0.5659868841160289,0.7162822999405287,96.51376850333052,5.628714481411687,0.9148503275604872,0.8706673012877554,0.996266068593795,0.4944128235766536,0.5578228666745572,0.8972310096135977,0.977633289309717,0.9150820708792387,0.7058195185331201,0.24196706916288685,3.5865663772782646
249,0.2645736731762809,0.0029284658072866515,0.010136802984714796,0.17216044596710428,0.43347342810015743,0.904342247566033,96.49546806232716,6.796029399542793,0.8883907160248152,0.9008768123903061,0.9965364483304647,0.5874568880301128,0.6155058096552278,0.9295540195092354,0.8827977293140035,0.9249803770898443,0.6820510100458799,0.3952976668654931,3.877662645054571
