,AS%,SrAc%,HAc%,MAc%,SlAc%,N%,MAl%,SlAl%,Zn %,Fe %,Cu %,Mn %,B %,S %,N,OC,P,K,Rapeseed & Mustard
0,1.2999999999999998,0.0,0.02,0.17,1.07,1.63,83.05,12.76,0.86,0.8,0.98,0.35,0.010000000000000009,0.96,1.0,0.91,0.82,0.57,1.7
1,0.9,0.01,0.04,1.29,1.7,0.4,83.11,12.55,0.94,0.87,0.99,0.67,0.44,0.95,0.56,0.61,0.84,0.75,1.6
2,0.03,0.0,0.0,0.010000000000000009,0.030000000000000027,1.7800000000000002,89.27,8.88,0.97,0.83,1.0,0.87,0.0,0.96,0.94,0.9,0.64,0.13,1.566666667
3,0.0,0.0,0.0,0.010000000000000009,0.0,0.020000000000000018,99.65,0.3200000000000003,0.99,0.92,1.0,0.58,0.0,1.0,1.0,0.93,0.55,0.12,1.5
4,0.53,0.02,0.01,0.010000000000000009,0.0,0.63,96.78,2.04,0.79,0.72,0.99,0.65,0.10999999999999999,0.93,1.0,0.81,0.55,0.32,1.6
5,0.0,0.0,0.0,0.0,0.0,0.4,95.96,3.63,0.84,0.81,1.0,0.53,0.0,0.99,1.0,0.92,0.62,0.24,1.48
6,0.03,0.0,0.0,0.0,0.0,0.99,93.21,5.77,0.97,0.97,1.0,0.61,1.0,0.95,1.0,0.91,0.58,0.11000000000000001,1.2
7,0.01999999999999999,0.01,0.01,0.28,0.15,2.72,90.04,6.78,0.94,0.97,1.0,0.55,0.7,0.95,0.48,0.98,0.59,0.38,1.4
8,0.0,0.0,0.0,0.0,0.0,0.51,98.65,0.8399999999999999,0.84,0.93,1.0,0.51,0.0,0.86,1.0,0.91,0.56,0.49,1.1
9,0.0,0.0,0.0,0.0,0.010000000000000009,0.22999999999999998,90.49,9.27,0.97,0.97,1.0,0.78,0.0,0.85,1.0,0.96,0.82,0.47,1.4
10,0.2,0.0,0.01,0.11,0.17,0.20999999999999996,86.67,12.64,0.88,0.93,0.98,0.47,0.0,0.78,1.0,0.79,0.64,0.13,1.5
11,0.0,0.0,0.0,0.030000000000000013,2.21,0.59,90.74,6.42,0.89,0.87,1.0,0.31,1.0,0.83,1.0,0.9,0.81,0.79,1.3
12,0.010000000000000009,0.0,0.0,0.13,0.3,0.74,95.03,3.79,0.94,0.89,1.0,0.72,0.33,0.95,0.6,0.93,0.69,0.09000000000000002,1.25
13,0.5,0.0,0.0,0.24,0.37,0.57,87.17,11.15,0.91,0.89,0.99,0.35,0.02999999999999997,0.9,1.0,0.98,0.78,0.39,1.1
14,0.04000000000000001,0.03,0.06,0.7,0.16,0.31000000000000005,92.87,5.84,0.89,0.88,1.0,0.47,1.0,0.96,1.0,0.87,0.61,0.08000000000000002,1.1
15,0.03,0.0,0.0,0.010000000000000009,0.010000000000000009,1.36,86.55,12.05,0.94,0.9,1.0,0.7,1.0,0.91,0.94,0.97,0.91,0.24,1.0
16,0.03,0.0,0.0,0.0,0.0,1.0,94.25,4.71,0.91,0.99,1.0,0.65,0.67,0.99,1.0,0.98,0.61,0.22,1.0
17,0.08,0.01,0.01,0.030000000000000013,0.0,0.17000000000000015,93.88,5.82,0.92,0.91,1.0,0.61,0.59,0.95,1.0,0.93,0.59,0.34,1.5
18,0.010000000000000009,0.0,0.0,0.0,0.0,1.5,96.66,1.83,0.96,0.68,0.92,0.87,1.0,0.7,1.0,0.92,0.65,0.51,1.15
19,0.0,0.0,0.0,0.09,0.12,2.32,95.76,1.71,0.86,0.91,1.0,0.63,0.10999999999999999,0.83,0.07999999999999996,0.93,0.32,0.36,1.15
20,0.01999999999999999,0.0,0.0,0.0,0.010000000000000009,1.44,91.96,6.57,0.96,0.91,1.0,0.67,0.010000000000000009,0.96,1.0,0.95,0.55,0.06,1.15
21,0.0,0.0,0.0,0.0,0.0,1.12,88.83,10.05,0.91,0.97,1.0,0.52,1.0,0.82,1.0,0.93,0.59,0.3,1.3
0,0.2366821202376796,0.0026724869114393866,0.010831297541739724,0.10282000968125402,0.16796542194449832,1.0712085744065858,96.5191742822111,6.812979426550017,0.9045312051685659,0.8640305173463623,1.0063572838384733,0.700500211026877,0.26564807596704265,0.9341577582319268,0.9890897356928257,0.9493224994549174,0.599697555409316,0.37756566118989215,1.3205643553728859
1,0.021296631381317294,0.008140122225481059,0.005426613487096873,0.05452619231793995,0.6156202560676387,0.5011132844263287,96.4611488620313,9.188520158229412,0.8843031470517629,0.8703559868453513,0.9875321200579008,0.5984037612265438,0.45496363592691985,0.9269901469082303,0.8034404188981654,0.9525036900739594,0.6841067345601825,0.37447688875266444,1.231225873433037
2,0.279386498315871,0.008886465378766415,0.009004513080285418,0.2290064249992502,0.5990630246407276,1.1248104391156755,96.47515108232706,6.162774992405292,0.8926925585426684,0.9184247028453203,0.9887021575137083,0.6041993237938914,0.6276619753958718,0.9593514688282178,0.7284138642834221,0.9391283003922535,0.6220388983756939,0.2608101618231937,1.4258505539224628
3,0.2723705796441739,0.0062037996700606245,-0.0013636563329696054,0.1884198358049218,0.13332801874155464,1.0092331456250767,96.52509132784424,6.1706823679654,0.8976370653767346,0.8491320824842782,0.9949823208298918,0.5188889326785796,0.5688276576812417,0.9342125848400789,0.9475335658331885,0.9009446022582275,0.6531189791811232,0.3489221912616884,1.4105260215677822
4,0.20728598089530859,0.005917761784855348,0.008452702953336779,-0.0024662267203562904,0.5374929384579938,0.954195399511285,96.49943541401491,7.772626900088996,0.9011440941321504,0.9091878243122311,0.9906014283491558,0.5705293964208668,0.5159696173832357,0.9488499525483374,0.7942495544338195,0.9190771113474367,0.6572583300756958,0.27241144323168615,1.2725992771147046
5,-0.06340392599855538,0.008067410185186762,0.015558647831198109,0.1693197598261145,0.26325004689694154,0.7353997829820654,96.51077781657712,9.00251166429366,0.8747490505210032,0.8797969591931701,0.9839191479277505,0.5081517639997374,0.42722137572498986,0.8695715984405363,1.0824516527715702,0.8784373488076557,0.5817824282417606,0.2896929947228601,1.2740250894660377
6,0.3455161525095632,0.004322310978259005,0.007632306291009933,0.14583718994175537,-0.08242642834287317,0.6709515236695178,96.534428378866,4.152772932498397,0.9412216889659675,0.8540463096991773,0.9842528982096168,0.5425797777896517,0.20187996945549633,0.8798226704130863,0.7817550327499851,0.8920403690845334,0.6354408507771928,0.3658735482406934,1.323733125588508
7,0.24700828477777942,0.0003369369217768657,0.011563701332010703,0.15598959912816118,0.19017357504242527,1.0396692528903564,96.51426858262681,6.928633483340667,0.9111754644343028,0.876412337558309,0.9998597171932276,0.5645270008668287,0.37236611517221646,0.9255086879108829,0.7982315345310409,0.9059597647963087,0.6127942840588225,0.3325400581370621,1.2612416115630267
8,0.20705119328911176,0.005707700282680675,0.015073147146839034,0.12513507718609101,0.2706085068408627,1.2857518632249068,96.42665625616289,5.184182739690185,0.9391625450565717,0.8862938053627052,0.9889094441089922,0.6918905128710795,0.5142915072807143,0.8974775564652271,0.848999844651612,0.910621578578705,0.6367957132473293,0.33239139075433877,1.2554673550665634
9,0.15723695884244762,0.00471204351175176,-0.00158658765320228,0.13074849027013752,0.27036709123398,0.39567425207527973,96.52184221085047,8.178431587582882,0.9271749163624128,0.8784176403811028,0.9854046594649422,0.61738746131715,0.27344450231073675,0.9132274615475836,0.9943842395447025,0.901013131904501,0.6576889478565723,0.29471828885722845,1.1777883929237127
10,0.16152065348665737,0.008140578240490283,0.004693770088206001,0.05082323409029353,0.42086789882625375,1.1175849332030254,96.53317622282046,7.222909951399089,0.9147143260927506,0.8638878978292317,0.9829692188807104,0.5771073093610064,0.22734257939360866,0.928526734192349,0.7746714402073438,0.9098131584395504,0.6742355956911521,0.3536122153437816,1.4170549634882574
11,-0.011787052235945394,0.003459117258379718,0.00780621579459056,0.24748392207363223,0.24302654110855598,0.9224381225337561,96.51594642138429,9.234435108153711,0.9187707358980357,0.8750459278628309,0.9831099013444935,0.6716799428714406,0.42461303416920165,0.8920157033526357,0.9936926004707228,0.9377438616910494,0.6724761235389969,0.17900840700839785,1.2567937632084927
12,0.08365004336404376,0.0013369837195515454,0.009269479148093885,0.15900748949989207,0.03302125433001224,0.8554800107707534,96.17908344213669,4.110969953502025,0.9176122722447271,0.9303806555378575,0.9933178608378815,0.6079462394460945,0.35298077556960844,0.9165024080588333,0.9047827818661137,0.8958845343297376,0.623308147587073,0.18724722122983367,1.5129004126103678
13,0.1636617371807756,0.003092708036665329,0.00611429343210509,0.1568782135254974,0.557394652783155,1.052536652653551,96.49900665475249,9.258684764590825,0.9359790353662067,0.8824783791453866,0.9884068475489279,0.6112359450111813,0.333471763008806,0.9071726401087911,0.8443354184602645,0.8973972285736024,0.6734599456006658,0.25111664905212694,1.277480490463461
14,0.33031311346880354,0.004059937666064326,0.008853244523042895,-0.06323357972788393,0.4425496162101175,1.5534210330098706,96.48510316375851,6.258651951347643,0.9417357498435971,0.8801620018706509,0.9909793633005992,0.6688876013720647,0.5636074568098,0.9212882504388604,0.9726558070173791,0.8701353018106942,0.6752933920226287,0.22630802782877207,1.3005450213018925
15,0.3161266261855564,0.00600167113487304,0.00617538410528627,0.05146240389860665,0.12005505700658814,0.7084046586513171,96.49048628804009,8.803529765232593,0.9295103116570782,0.9322362641617232,0.9920078634439942,0.5963099621290622,0.7253485482319324,0.9581567193891488,0.9301864917283188,0.9263844271885057,0.7057665635151843,0.19904392655907843,1.361934171442479
16,0.11384882699231162,0.002545337491164325,0.008139474292636662,0.2199718389410682,0.2601346848204037,0.9107228947774552,96.50122624608095,9.524786226807443,0.949541367067432,0.8987860403716783,0.9988405910741635,0.672334211272147,0.38850304052862067,0.8846076321236055,0.8332051220792482,0.9319175675468616,0.6572590828189698,0.31950862649433703,1.408650718954037
17,0.05707888466798311,0.002718002644832957,0.014075263620559955,0.07276599828875985,0.24687100898283293,0.4971950194938479,96.41930973330197,6.6304407032761095,0.9113945801671703,0.8646047475620615,1.0040454821325875,0.612966621146578,0.3786048800270692,0.8994106225541665,0.9334672382062843,0.8721517734960073,0.6394273067107079,0.44976131878582015,1.3362640215442818
18,0.29284454559010903,0.00983721243624823,0.015258747011615694,0.16824440035857455,-0.06299193801094388,1.2144738279145018,96.53351464337331,5.9816857800588945,0.885994234367671,0.9066777113296272,0.9857512598240762,0.5831768319635336,0.4656303834303697,0.928725057716682,0.9445774527307639,0.9012237981962384,0.6933085065209015,0.23288205864470246,1.4411327399759277
19,0.27338461652018375,0.002309899271390437,0.017499281992828023,0.14527488312021522,0.00925600402439708,0.8316619448496482,96.52278811028,5.313306910352123,0.900375369256412,0.901627407744964,0.9879895788307673,0.5490611060564417,0.5610321857435238,0.9220755840628564,0.7967361335804363,0.8648837888674177,0.6119330981175886,0.3429309662141864,1.3522364205398993
20,0.1879892925800859,0.004260373527892401,0.010968945694257555,0.10882046240662308,0.44386817375814797,1.1788606888189852,96.49815081434612,5.246624775452201,0.9202613281115147,0.9343429940646636,0.9921232315669848,0.5765125640729457,0.3969549454808202,0.9173800480172167,0.8581846067556963,0.8997568430692865,0.6461261189606214,0.37962458653743925,1.3005327780427114
21,0.19877619715677408,0.003825818886777169,0.008446093785986307,0.10527640932059859,0.4827241085227305,0.9568474204057242,96.4835920180998,7.570420118132256,0.9218827896034685,0.8484650014401834,0.9872394412420931,0.6025571436874606,0.5606584584195483,0.9400789738972313,0.7631038390810907,0.8993578390223478,0.585329553031253,0.3179146525770453,1.3611023700048124
22,0.15955251116809854,0.002780207809893444,0.010556839071033646,0.06808203502552548,0.5320016429363406,0.99306830130136,96.50254189094095,8.209423597481775,0.9218099236594237,0.8985939662274051,0.9890923579008037,0.563505429599037,0.4664002279266288,0.9396621283047001,0.9665915811292558,0.880258856475486,0.669083481319069,0.3112316226621343,1.196811113853966
23,0.06700965281831078,0.005102133292297019,0.005406374756508795,-0.05242630051781899,0.29642983673688056,1.2066387044930014,96.522015616423,6.985542269656465,0.9176519228951197,0.8667896870974972,0.9924776185987396,0.542155683803512,0.5092208644052287,0.913746338910223,0.9154892402851733,0.905435167794394,0.6722312661256663,0.2673029277414382,1.264320870666288
24,0.14082625104982083,0.007129104948978284,0.006770517842634306,0.25977516271226575,0.4030046683019061,0.9483114607981198,96.46937723613446,6.629227723927164,0.9272204776976037,0.8550814519674548,0.9868342830321732,0.6123454180032949,0.39188792354422436,0.9140360936821028,0.9246756122363538,0.941314463838906,0.6498720919017147,0.4097996538233488,1.3524064061536853
25,0.2110765411310237,0.0018442081789831503,-0.0031135582444128318,0.09316106334156316,0.025172869686161947,1.0156477611507853,96.47526799124532,8.283527843539726,0.8821860230235098,0.9127056222839629,0.996441870379989,0.5738019518905348,0.3354497307024779,0.9415205219735465,0.7580903378045057,0.8787907023599044,0.657936526955373,0.36975548945682346,1.4384608503843042
26,0.1383252981216519,0.002320815160086468,0.0016452186341010203,0.0033495483231311685,0.6717445655729326,0.9138772472392971,96.49864585928707,8.209816580507667,0.9253636791717779,0.8762844682697825,0.9930812368677638,0.6193157177599494,0.3004166600688465,0.9432314249654132,0.846208437909763,0.9169260837189631,0.707088485899951,0.2859803871511236,1.3843610457684141
27,0.10341725124493695,0.001887108061573035,0.0022249674265695137,0.2537909788466342,0.08375838735216898,1.3381589758513157,96.52965105534267,5.773886347061422,0.9403091002818861,0.8886554733559936,1.005903167519822,0.5663593505503209,0.4046530716363468,0.9378766062666499,0.8973324968998443,0.9214669889617638,0.6803442090822915,0.33521669140459937,1.3919997784574267
28,0.3011383702431705,0.00046376650799553583,0.01383745073445385,-0.0834962913910455,0.1354522491969173,1.0058029111642275,96.53262468122523,3.5200612991048605,0.9066407845226317,0.9212895395081001,0.995223235963807,0.5328444937548068,0.6166485818380228,0.9142065560256404,1.0529108509968443,0.9533358838096062,0.6045892890848873,0.49515951226856897,1.2548756949603161
29,0.22268736466931632,0.007548627227673063,0.004447190130811498,-0.04166550376414682,0.16745053433285143,1.0791181852375495,96.51601662267252,6.045648641965484,0.8871071765391884,0.8829068770787754,0.9928699657576588,0.5080993296082628,0.5235027502025726,0.9388053354992132,0.9873820930747425,0.922260693243776,0.7107530842910759,0.33728988155136436,1.3820683858882656
30,0.09458114381344787,0.005073536586362548,0.005104969453311078,0.13910364762312138,0.6019547120267387,0.8763694016068578,96.50360302117029,4.851725276098675,0.8977635948908275,0.8849632119475026,1.0020188996970236,0.5966992839267125,0.17656898109382932,0.8702051838768069,1.0044002635860503,0.915226647528995,0.650325733231279,0.35028793659549223,1.4038256358975676
31,0.1694024336456446,0.008414015946268866,0.008391115572165065,0.06814392605588339,0.492721805072318,1.1254828056404864,96.51077138378976,9.472497322301107,0.9022120847641851,0.8760843979988506,0.9883595088503655,0.560552558054395,0.41732380205414,0.8898055442915597,0.9733396227364287,0.9040375274274284,0.665694471321136,0.3612180309555908,1.3689794396217119
32,0.24761905989575483,0.0015067918968330548,0.004665347491386471,0.2177959465128895,0.18601447676920052,1.2041784670403384,96.51446799903522,7.3997569150085925,0.9088488064171383,0.8822366388268226,0.9970540820089708,0.5772573916210207,0.45894529513479965,0.9438243255589629,0.7489342446032723,0.9386543889444361,0.6438183445387512,0.47149185620936307,1.274671720344696
33,0.2455103775734661,0.0035079566305789064,0.011978421862661232,0.1748411189544302,0.1728675249499321,0.8125780974444253,96.44616438307304,8.403611345835303,0.9078338714940741,0.8800766654102823,1.0040915594289173,0.565848341204791,0.40226223912194037,0.9126473680816504,0.7693814252832271,0.9188118062576279,0.6424899685092762,0.3658526741444068,1.2801418999014675
34,0.13897366664540925,-0.00016415062978292812,0.009134054026716932,0.04803682702701595,-0.022333152138518997,0.8869263880117905,96.5027043887436,7.223529035907056,0.9150851232845902,0.8275077164089206,1.0009954497423394,0.6318495620256536,0.16852230692368328,0.891240142156607,0.8142552569564667,0.8807337619540088,0.6766096894253554,0.39753953668080977,1.3481447671608975
35,0.3006572642481786,0.0012784796763093435,0.011393910191204984,-0.06252290260584095,0.19368776984640773,1.2045830034549572,96.50009715205462,5.98899889746552,0.8953248995840694,0.8666488618794269,0.9951647461554654,0.5636483022432093,0.31491506704902167,0.9294340396017319,0.9672043054268789,0.8990342686278378,0.6277897041583874,0.4121080619692452,1.2079388196117637
36,0.2835844566278815,0.005028687227843137,0.00456259101171147,0.10072492556219773,0.16655574694371136,1.2415290831126136,96.48011020201514,6.0799951162200525,0.9287690616377264,0.9144238591821375,1.0043038989607798,0.6221874881879726,0.5604324963559788,0.9035449647192213,1.060805985746174,0.9686477281411954,0.6301159518032967,0.25517688111581827,1.2979956484864017
37,0.1515700411903837,-0.00017165840630475881,0.006065081350173947,-0.01859348612217465,0.3785035388775453,1.0389048508692051,96.50525401003267,5.008531921950244,0.9122495160719689,0.9038284201231063,1.0003428447164247,0.542868632443738,0.5695457449993555,0.879596798989601,0.9081372102210222,0.8581979748885856,0.6830851413594087,0.29644724627921853,1.2936517423526206
38,0.39306307237413535,0.002811319010354396,0.010957523558768452,0.06805661831027116,0.10953564856380305,0.7616615552357668,96.4593974657487,5.914835794781812,0.8993164133514028,0.9295430283828009,1.0043671187657923,0.6072231458222224,0.4987644247727308,0.8599303094611935,0.9632973893804436,0.9231850601820197,0.7240674564764421,0.25950536672532065,1.347323283861742
39,-0.03131827361470274,0.003777009956756421,0.008174386430798474,0.16043591069883079,0.528384773714482,0.6133264841645392,96.48898688921048,8.644969773233457,0.9213897132819632,0.8846859397077322,0.9983026182006108,0.5840667749214049,0.40790464775539,0.9512331625875652,0.7777871863214778,0.9475217689779085,0.7047729979683937,0.1771630856412077,1.2514987918700984
40,0.2526320027219262,0.004056301046369056,0.003852216045565132,0.08426810914784552,0.3268259932695954,0.6554211854945167,96.53117646500816,4.262954957999867,0.9113568936509561,0.9145440795894646,0.9873195586029898,0.5281722514212837,0.1744437253427394,0.8520520140888528,0.8831766573822778,0.9200785509924155,0.6509501937559221,0.31875349496623845,1.3995744802351633
41,0.0664334293213039,0.0025385935044876648,0.00685620050807452,0.12501896900958828,0.290490506636424,0.8686333080332183,96.51437402440237,8.023784834571613,0.9170415289987516,0.868203080407211,0.9840498982883105,0.5967220539295436,0.44510887832687673,0.8782017303061019,0.8982732719126818,0.8920640236044307,0.7105301015873656,0.24932586473841806,1.2884530588154157
42,0.22128694730462983,0.0052658139737812104,0.016069286711350307,0.2481718624282459,0.26273204847643195,0.6749818280518753,96.4997103457533,4.780985788250698,0.931885140923458,0.92548080878848,0.9934725484648462,0.5488629969760856,0.3827194531645218,0.8844949180296178,0.8398104896430064,0.964367924066679,0.6573200292214996,0.27478719916929983,1.353352850751013
43,0.19917407024664954,0.004934383182754507,0.015411132907433778,0.16795776304826618,0.6888539788670298,0.8288849438731398,96.51322675075956,4.824140168660298,0.9424029375430598,0.8797044384257313,0.9881880973720253,0.5399699669059349,0.7050978848433047,0.9328882412279695,0.8107135072954182,0.9377850262567291,0.6084385274122379,0.3617187279865373,1.4597917719378082
44,0.2232037350047309,0.0011568839094148057,-0.00019059555574662754,0.007235355562378615,0.2371369778567943,0.9105648646263977,96.50271389808145,9.434615696271873,0.9029974103220778,0.8976280727625633,0.9852827572391307,0.6282983386902448,0.485291791410301,0.9049370322806094,0.906992063954084,0.9148625813468165,0.7509402861652287,0.39498611496215036,1.4704784408096028
45,0.22809149374962687,0.0035034100838755838,0.008719841510863002,-0.026315501297394572,0.25363627600782696,0.8398953081465798,96.47512702929603,5.70944082449237,0.8855258524508005,0.91081683690455,0.9997736450716663,0.6667026618159232,0.5058106493269476,0.9223397976785535,1.0174669371182006,0.8850810772805958,0.6242932002376145,0.2771407089896253,1.300650547140887
46,0.2261087438640404,-0.0013498555382866532,0.005645256927264675,0.10681388187544377,0.35363994704445867,0.5702070481287458,96.51876426193797,4.320424941031222,0.9203237516909786,0.9283544154730878,0.9894544986307641,0.6544394995885391,0.48430570302483894,0.95841590309402,0.8365218696144331,0.9006434520679135,0.6520320850051186,0.2047943384808018,1.357014792417593
47,0.05174147121943809,-0.00028872837717895975,0.009681450541917231,0.08902410220203277,0.4590790010232205,1.212444870939812,96.48425347645309,5.599567069651118,0.9116552930794664,0.8586982777072802,0.9886750860422227,0.5590541171922542,0.2960319384505991,0.9312936190996126,0.9682427607805939,0.9087438177265381,0.6050638200327174,0.28434576633032577,1.2381566255232799
48,-0.007168548719136275,-0.0011876737296655968,0.007866732251625617,0.09096383942952044,0.27803955509450856,0.8179719163060095,96.51440451022076,7.475172416448004,0.9241540193768684,0.8575788768617223,1.0024919956703484,0.5254607398729096,0.3736707720200461,0.8698748109795932,0.8009474290464089,0.9264428995829371,0.5925390730608243,0.3522487952574156,1.2582110840622152
49,0.20380117985086801,0.002787072506425487,0.015775620012361113,0.05312031420952894,0.6582413862567189,0.6218856663174468,96.5336978379701,6.935751865244786,0.8957782656685457,0.8626432018150675,0.9906933618038718,0.6086699013879056,0.6054385290595514,0.9283996741197108,0.8832662719051743,0.949378954551741,0.6546861219533173,0.1889831059514823,1.1962411002365778
50,0.149292142724397,0.006889688598268667,0.0036931166205765747,0.16658704405367322,0.6983061583023222,0.6187961860602519,96.46565237256186,6.9628669976823225,0.884961989526708,0.8354721003289273,0.9812837667151794,0.515435661143173,0.3092839428152864,0.9139243200131957,0.8528002239572632,0.9214758048933992,0.7406647023543027,0.28655640469719323,1.4211622306759972
51,0.21504017001362935,0.007777901832813764,0.011285903961472974,-0.019627991023754232,0.3195641378996191,1.1355791006709137,96.49650793638955,6.110838501028492,0.8901625966289779,0.8909363345607448,0.9827428427160357,0.6902873365490845,0.48048867884786456,0.9247268019065702,0.9304425183684856,0.877683802878869,0.721661901348337,0.3460497152788333,1.3191976982410978
52,0.23794530856231488,0.0004992213220099042,0.01566586529813887,0.18250169576274836,0.44879340841922755,1.2460992886833306,96.52431463869112,7.168899308933092,0.9323984124716173,0.9342202374618349,1.000406311044446,0.5573346469759801,0.5415811339997122,0.9216355475066172,0.9644227979897787,0.9415925877830191,0.7362871484061075,0.31581722625747327,1.2925726423279729
53,0.13276289695940516,0.003532909113626681,0.009457033959639568,0.1494983511175887,0.21402937115643322,0.8792579010934501,96.52304654052035,7.300767336734513,0.904155022350796,0.9059009682734034,0.9936964005492596,0.5685450968241731,0.46986432180174553,0.915072087648517,0.7553098701350176,0.9014429850122019,0.6891900312267981,0.4251245408489187,1.4406130844655816
54,0.13313794520876016,0.0030423033776523583,0.014069916405834645,-0.051532233890495965,0.08541225641732708,0.8402466269043867,96.50718300718391,7.680519550590996,0.9096925663452599,0.8387338041821804,0.9956375461441583,0.6484832112282456,0.24552393585716026,0.9154836921551888,0.7221070211719232,0.9108803828782454,0.7082608480706434,0.4375090649800466,1.309412019099844
55,0.1916410583383772,0.002506751868220529,0.003952399774587598,0.11731150550064655,0.26565881887350584,1.108502088874337,96.52071619337462,7.12005908782531,0.9220470869850115,0.9250289417097652,0.9946461651167762,0.6559970071012038,0.4644622614510025,0.9074557324243937,0.8575576376417868,0.8866042283376647,0.5697723730810003,0.4489305553813404,1.3271120010538022
56,0.26187430933377165,0.0015324023868325096,0.01301112130618249,0.08528927736789613,0.1454101522086314,0.8839959548724632,96.45220672821665,5.062719860918522,0.9135316697813712,0.9155277015349176,0.997917196486704,0.6516024609566271,0.39577704648279916,0.947447968462642,0.7944524166803554,0.9077065447059877,0.5966310946638089,0.36518342480221117,1.2747811313694657
57,-0.03918484331838967,0.0062842011399144825,0.00645325887091153,-0.016049580556202203,-0.09196961001577897,0.6876024943567955,96.47900907662955,7.865033013570008,0.9003630077378248,0.9050605904128517,0.9897514507737624,0.5680106587693341,0.5102930750326705,0.9155445842440425,0.7889991654119424,0.9383531976407198,0.6874539442328632,0.38033918133000505,1.2779842907307934
58,0.1465296255746799,0.0037748142227215856,0.004985266106566409,0.05088669705643449,0.02569963332024766,0.9495648615731317,96.46976516118141,5.069095389854747,0.9217895922347435,0.8687795612001333,0.9890450814872478,0.6422690398467547,0.5574455151873474,0.9216285218756944,0.9605360749474524,0.9011298811762951,0.647038353003244,0.1720177131038707,1.3537946945357788
59,0.241975828711123,0.004898074928885414,0.005279634958212374,0.08738286161699323,0.43559765855552013,1.0460055403340731,96.48026347016635,5.9739444988655075,0.9196776398622258,0.9089392581908674,0.9910057777699468,0.6607748820008307,0.26554145334264034,0.9517132260950747,0.9591971195830151,0.9422505727648565,0.6453785560687412,0.36496733930778746,1.2628909126343033
60,0.28024566125448513,0.0018379806798943365,0.010810566060543238,0.32660399018152,0.42121119563906606,1.048305259312632,96.49752907146265,7.39476348739224,0.911831219141353,0.9076753890127665,0.9889078589817466,0.6738686561490855,0.4205447964745933,0.9425256060646566,0.9912419542586197,0.9090363602931218,0.6699071263604065,0.3900940568809029,1.3964451870550716
61,0.20937881793687468,0.009465793623178157,0.01902480531286197,0.1246232094035781,0.2230207653524503,0.9909864620525296,96.52753690578979,8.281393503678922,0.9143285065875025,0.9035527451531897,0.9913928773843547,0.647646882232283,0.3411156585109017,0.9158365493919599,0.9706833104906425,0.8801096739064932,0.6217769079895439,0.36229602066829864,1.2918929667212387
62,0.30413294248360556,0.006854645562513402,0.012081176307111141,0.2389593728756256,0.4690736488028685,0.9179295719282685,96.50059023919071,8.845135344434759,0.9074970297857281,0.9151096298538304,0.9931453197609205,0.5514765002316206,0.4682121741212541,0.9379820127762362,1.0274946567524823,0.911701605730887,0.5731518321214254,0.37035779417520426,1.2533751682310161
63,0.15713042510203243,0.00870712065230594,0.007725754103385915,0.2540435875757364,0.316719057254653,0.8061883976055713,96.51382723747606,6.358522032614827,0.8897810935758077,0.8503706608156484,0.9896371308315378,0.5696510367542685,0.699570300760616,0.893397558512609,0.8999441623310811,0.9211069171750299,0.6430532407933849,0.41619970362534264,1.42367238471717
64,0.1881479312034557,0.0006373903402768261,0.007866466711285129,0.26415997173240924,0.1078283728484834,1.3338952451295856,96.52921306642882,4.731375102424666,0.8979105866106598,0.8870472903432628,0.9983801127869897,0.5607068445113297,0.6748605236771047,0.9261101387726853,0.9664182124288494,0.8887750805442004,0.6724416670505649,0.24431443770469705,1.4065139874946602
65,0.05695264168923292,0.0013625829150616083,0.01342417657043544,0.12080570254889854,0.4603540249725796,0.7606724576434982,96.44602370081016,6.485449903495892,0.9165290761864546,0.8426135859899957,0.9922717076384839,0.6006338992891488,0.41038213664459705,0.902313357984914,0.7216217580419274,0.8936264206017371,0.6368489947682805,0.4747033854595786,1.434612362618699
66,0.26868458807952167,0.004755203167597673,0.004517018477585304,0.03261643426680373,0.2053226558535191,0.9909722569735717,96.498919112907,8.559712196594454,0.9125539228684644,0.9182090171949825,1.000063600096097,0.6898774697189834,0.5478535803573624,0.9041205794179602,0.8882860330757776,0.8785428744251561,0.5758688770806694,0.24052249669080766,1.3380116086030542
67,0.3073853053506215,0.0017771422068758131,0.011827537510688874,0.11625897288281577,0.25310361867603837,0.9133575907226817,96.4942192625185,8.253081165710352,0.9244869399749926,0.9356339033533083,1.004332675680595,0.6345693960987561,0.40333223462470075,0.8621652189323791,0.9718156891283845,0.9136619378266714,0.6996901339927042,0.1861765322940274,1.312298410338182
68,0.16062417141197977,0.001541925759107185,0.004806564976443601,0.25749174807488073,0.3272074440201682,1.206976294198868,96.52468326537596,6.198707022982351,0.9494776480590139,0.8818217693888406,0.9990106181504681,0.6188956189472336,0.5826928936804343,0.9102220645926101,0.8706833502545765,0.9430425033842377,0.6779522956272851,0.2182680472659309,1.320076331177582
69,-0.015403085295315505,0.004563844457475069,0.009299957096120314,0.08538283231961466,0.5903472649490831,0.5540975148988391,96.47139069858072,8.320321954138297,0.8966576762038911,0.8306116783830804,0.9881799495510475,0.5908763579239673,0.5242546286511974,0.891838171286685,0.9208131068158766,0.9072337900674944,0.6919987629963318,0.18428736876143698,1.4097179982294856
70,0.16705310022750428,0.0017730807790808131,-0.00033482110348988063,0.1361584750457556,0.37226060635065655,0.9297816236434011,96.17337336444496,8.46827867068846,0.924603811037008,0.8645985895845726,1.0025078725895713,0.6218036374391096,0.4149848947868367,0.8549761849458045,0.9268041814670795,0.9454354300902993,0.7201109068297616,0.3517478825785212,1.2933919050671472
71,0.11236875813776603,0.0016070810800922837,0.014154323069943159,0.0694963853723546,0.45901999314456543,0.787172589607482,96.14838674018834,4.038010989562981,0.9263014691338304,0.897769395738629,0.9974270250003336,0.5852762114234418,0.5045137470276752,0.9434175769177596,0.7516249050343151,0.9399988739457952,0.5664556264373779,0.3605942020717472,1.3554149218374583
72,0.169178792601829,0.007792821853301313,0.010323876804730379,0.16856348981019204,0.14162681483045286,0.9324427046031943,96.48448533648475,6.951250685866144,0.8958219589239902,0.940596062292911,0.9855535902431589,0.5893962568963899,0.6788149371738378,0.899300755842224,0.9405716547844131,0.9396706927593492,0.7286811326417933,0.2428424248125855,1.307248654421951
73,0.31264796471012835,0.004500061358125699,0.011816446438481417,0.034199783474709866,0.06440929802935957,1.0481192409366973,96.46519061030338,5.664381536068669,0.8879890262573676,0.8779468057599091,0.9872315969950965,0.6210435850714967,0.4451407606454352,0.9224603890654123,1.0050395915929222,0.8982662635722656,0.6323465628445994,0.4220994439376295,1.2956125476443274
74,0.1124150798114352,0.004648218705147289,0.01791854197997842,-0.0016219395608678966,-0.1642230469271737,1.1254124834674273,96.43889253648287,4.430740423326076,0.9074536483928096,0.9219206160571771,0.9850679372984794,0.60664692566523,0.5672147244787343,0.9492671555140022,1.0540067947432945,0.9003820679785124,0.670772180717306,0.277422020174946,1.282344571508957
75,0.18307703792209207,-0.0003506555919145517,0.013045116349304189,-0.050230635029217346,0.14645422297236835,0.8978922843295664,96.52470536060214,5.947020135768968,0.9124094355527153,0.8947140167225506,0.9945412621179627,0.6497267451118356,0.22260013609755525,0.8954251196275347,0.7306722825618777,0.8635570088198224,0.6766064680612582,0.29148072246130796,1.3230392077420945
76,0.06765018397349866,-0.0003159631559341799,0.008197329297125588,0.35960415604823015,0.17088274913119267,1.239441271888471,96.52775002683215,7.517046423039042,0.9014361816333815,0.884335723700262,0.9902928490609714,0.526764341460093,0.5433223832165147,0.955105397955973,0.8057773288751217,0.9153314830504236,0.7250861300058747,0.26414847956542226,1.3979591705684637
77,0.20837278897301797,0.0037208917714538292,0.003993933517586553,0.006026901778445282,0.45164758884481987,1.0361136772701265,96.52509552314034,4.402752765632517,0.8794711382396758,0.8722291485493916,0.9838292847952467,0.5967261248033688,0.20290150628454973,0.9057795008631154,0.9448377675159794,0.8829825761349448,0.6693126129975006,0.42045790675583716,1.325013586961169
78,0.19113356899644718,3.595336818104297e-05,0.015955011083790143,0.023317654898333304,0.11502127195533624,1.0322164224391965,96.49536178149238,9.360394584691583,0.8880738110764143,0.9061866114397515,0.9959134258039242,0.6205424868292683,0.4216753459734203,0.8729717090903321,1.0646399316186699,0.86925688077455,0.6693820856938195,0.2661514239558372,1.3382652051301827
79,0.023217440855481303,0.002282459191760321,0.01213389632562464,0.1381429775361768,0.31645497749972423,0.8136940995120758,96.51991153558077,7.755404191908992,0.8815841887087802,0.9420137197294541,0.989305102023507,0.5179783630561083,0.4417261346638584,0.9237033072975657,0.9540167822149525,0.9013816115342842,0.6197884768383635,0.2803136528838362,1.3458656005976595
80,0.08279369057642039,0.002539726482954854,0.004597397431236551,0.07960236952982097,0.33716616683193873,0.957472226151606,96.36147505925194,4.35672518883177,0.9063573467568463,0.8750848335758803,0.9926769861003385,0.528849338408661,0.26206282412245263,0.9425314725534998,0.9148939804980288,0.8864216190498554,0.6885773051485781,0.36983675435450936,1.179605211260985
81,0.08031496431351572,-0.0005347952997258871,0.008282494252182998,0.02730699370179057,0.04471193991717953,0.7513956972179006,96.51612737848981,5.598938054601356,0.9351270934964285,0.8905535106640081,0.9907274345811524,0.6117532465288824,0.511879645994428,0.9142473174483184,0.7744175002732123,0.9191280810027578,0.6782534941627718,0.3344978977277154,1.4250253379223374
82,0.1796531985725377,0.002709572661487132,0.005856784768238256,0.342095421827607,0.271869798031439,1.244682048063887,96.4943834384396,7.711195841923327,0.9167939616142778,0.9138002229299572,1.002974109884532,0.5752065976956108,0.360275077966419,0.9424204292949421,0.9306760143201188,0.9354760074366766,0.6160912261608794,0.3466820231899603,1.3052147032808763
83,0.06371827365203113,0.000547630680055658,0.004305088905792155,-0.061340644748882484,0.5072731054076826,1.0113833488449164,96.52590185905262,6.672860068428203,0.9023569290435468,0.8855653043151498,0.9951078770658016,0.5481167537175186,0.48255280747565044,0.8618462982196753,0.9457289702633805,0.9474965917394063,0.5647700848889736,0.4266103864630193,1.3453413419522449
84,0.09894370977425702,0.007269657339808895,0.003232668426420637,0.13715178869885394,0.1744177181117398,1.1851348330993094,96.52651800820794,9.60229410551337,0.9266356325389442,0.901153636944165,0.9887706275783874,0.6772275665692018,0.19806898770014195,0.9108381863177298,0.9633437558451343,0.8987554491058659,0.7509763384495535,0.20650478299526775,1.2846801304477418
85,0.011949855370047169,0.004840622684967893,0.006267137818909202,0.06834362495792681,0.47223088050553075,1.2714191657510798,96.51089304737694,7.338215288737333,0.9019976355548847,0.9315717145725777,1.0017673834194687,0.5360350329238986,0.39698713330602137,0.9375547917598056,1.0248966575427099,0.9275871409968662,0.6906451668418416,0.20497044472089126,1.1854146536263357
86,0.259498204490564,0.009104844801774972,0.00984679765566629,0.15927874976503326,0.5788423061725338,0.6657982931901623,96.5220539334608,8.409004356654716,0.9059477776240391,0.9302123422270474,0.9988839079408768,0.5828356818903516,0.7392849132711128,0.943688632836603,0.9514270437795882,0.869131126144926,0.6711655860861222,0.37001228865873714,1.401806908617108
87,0.08489354535918364,0.009195788971571183,0.014045772756703193,0.14638784152382103,0.11184948769383476,1.0211405287192614,96.50763693822299,5.4060486034832875,0.9305578958007479,0.8607500385355691,0.9859583710792157,0.622308136550118,0.1969784498984803,0.8884556473400925,0.8976462543957973,0.8503548387339201,0.6349204416898545,0.28886960710326376,1.205696937171873
88,0.09493617991869983,0.004482439895782036,0.00651225524093891,0.08034857059891534,0.2436604902765039,1.0944682173608273,96.50146789513686,7.491626355368114,0.9112302353871665,0.8640448243333226,0.9944211737466897,0.6513125803926233,0.16553679605615043,0.9250990617197724,0.8352150323129945,0.8540146989918764,0.6534542034989366,0.1914149147288774,1.3143955553124855
89,0.14277387150259555,0.0038244325323233334,0.00017046468239785388,0.22014749037851075,0.6583725188149316,0.47531166801673785,96.51204983035758,9.845210416931575,0.9231056606069243,0.8575248796003004,1.0058724175691283,0.49866343501172467,0.5029586198736221,0.9020971072086286,0.9088970419160338,0.9530294884627855,0.604030879611646,0.446336641853804,1.3741365964635308
90,0.2868609094124491,0.0019024572726575018,0.010817908021994924,0.16559594079451623,0.3705477028187334,1.1314626137607733,96.52382350935987,5.919268510099281,0.908344708115588,0.9111795104909991,0.987139833384789,0.6596229659403722,0.6160481701973066,0.880035367763327,1.014046990854807,0.9009709060039537,0.5839495031856441,0.3212553040637096,1.4030777424009377
91,0.31798038912249404,0.008185947733776407,0.011496616242524925,-0.057444405981630586,0.34911863894955264,0.8287975063650379,96.46172361759832,5.649248359207226,0.9176343278126032,0.8988535019868821,0.9945276676301864,0.632650659828827,0.498976683372114,0.8910115010913359,0.8115473220414399,0.9561697922600213,0.5975232319000089,0.34527649080977574,1.2814372074965925
92,0.2881154076505965,0.002732737600405773,-0.00300459138843735,0.24252043349608218,0.4081743185949397,0.8173782889774329,96.50648099430155,5.091048790158139,0.8984100820380047,0.8904289967976842,1.0046909296167876,0.6786765942767842,0.5535954156843443,0.8920646402658969,1.0446899606400337,0.8879725993121491,0.6351400730237077,0.38120404836357286,1.262834715629914
93,0.3134603223440152,0.004901139853293385,0.008460983718896227,0.10389218474020195,0.4955166940127492,0.8416601566768519,96.5210174156353,6.918841908579224,0.9143318501136228,0.845236841735284,0.9871967524594789,0.6801116027219675,0.5343416680300581,0.9052413581298018,0.8263297268666149,0.8989135456695722,0.7283362184290189,0.23128549499870354,1.3732646851684633
94,0.23230809985707096,0.0014836904305917807,0.0025615909431692804,0.2946453736506723,0.27569556781740223,0.6695895887344862,96.52758892746155,6.019990301843573,0.8861866140797519,0.9263310552938643,0.985804704023487,0.5819798425282455,0.5754998582717876,0.8936254163737722,0.76390641060307,0.8704498102022423,0.6464842967381395,0.32929400099386114,1.2652380667718457
95,0.19160028824017086,0.003888545054279986,0.014738087587654485,0.1050929500015517,0.5728108997856062,1.086810359909415,96.53212516130176,5.155799676887371,0.9083475926504906,0.8441753656987612,0.991961130454035,0.508466008794429,0.1661898161019636,0.8724669845159966,0.8978227800457985,0.8729870492141104,0.6411091257277728,0.46135667768907773,1.407187430284966
96,0.219541034093671,0.00290715139986442,0.014773662869992137,0.1711721037298241,0.440512949263483,0.9282208290979291,96.44288086465117,5.741818871596603,0.894905524193372,0.9165652520037835,0.9968722427643725,0.5628527452574766,0.488420830749548,0.9114727026065862,0.7795084606514969,0.9319033197734186,0.5779493106286406,0.36504979183185293,1.2814579358998508
97,0.12839914992064336,0.0039840057550857046,0.010872947744841172,-0.023601250140261654,0.21825676542138459,0.7269920423335392,96.52804369755984,7.392776107439577,0.8995524182199149,0.9309216710735908,0.9917891186319767,0.650809608847924,0.21265388449757144,0.9194148737853558,0.8631826764467547,0.862840936386817,0.6251502319489931,0.17311738012333763,1.1853373819511086
98,0.09784771016101519,0.001247473949908188,0.008416366496814681,0.21656991767616113,-0.10921834500594979,0.7036250877432096,96.51169686611155,8.166841070954534,0.9021728349693471,0.9131099629551991,1.000176069545544,0.7143329928311519,0.5647590379018084,0.8893239955970013,0.7388227412118846,0.9380339018218776,0.6401688486488061,0.22395205837170795,1.3048764395654502
99,0.20427675972466325,0.0014822917963220042,0.014175551824470483,0.13791711001334958,0.49695445492033374,0.5431115470100527,96.48034066361477,4.969323841966435,0.9088804016507452,0.8711759649240485,0.9954752073406322,0.624736074394797,0.2632140182931192,0.9269031439547243,0.8477751167228833,0.9122093148317731,0.6450903620788885,0.38490943641705483,1.3647818569543344
100,0.22814268736985074,0.005788009514204494,0.014925913536409659,0.062457594744399145,-0.09191941166421658,0.5481032528672896,96.4944676240482,8.561784652225294,0.8923394852797732,0.8885216805991766,1.0001610211739287,0.6142673031839515,0.35451668563035565,0.9194930909292257,1.0284070420759268,0.9180404152849657,0.5927615436807778,0.2110142003583596,1.2505981085982782
101,0.3104963563132843,0.003902619046921476,0.01272151194148246,0.26703262357039703,0.3905563899728773,1.263165636218674,96.4738371155855,7.198519632470581,0.913188877583193,0.9339829017089633,0.9895568792176648,0.638840480537911,0.18434568734647333,0.8896197705977898,0.9295814186861588,0.8688549366625288,0.6597905286773547,0.2584605492925927,1.3914828359059133
102,0.23764230606807213,0.007048203227365081,-0.0033008007619749367,-0.1052427122523921,0.4321492870490401,0.6475525021682733,96.52175494869138,6.894561703615675,0.8802576508871837,0.9238821546933427,0.996843887646009,0.579937337231862,0.5689111553067867,0.9371046315652839,1.0447776022935213,0.9249614515248465,0.6317179800333101,0.40517912463645384,1.409131948293377
103,0.27781814897521734,0.0014716234451851596,0.004639067082044436,0.07385264731801963,0.31166768860002897,0.7348998464255951,96.51511491369534,5.903270346716288,0.8784379585849872,0.9493287001250398,1.0043040329520543,0.6409528245389537,0.5340187434782516,0.9629238217254049,0.8275687569781189,0.8534687471177697,0.703461249774854,0.35567360657873254,1.2594193228333546
104,0.08381146413871152,-0.0024246824444237778,-0.004523710533514824,0.29193789668098263,0.4109333047242517,0.9932285763525575,96.53485965530608,4.245407932857356,0.9318066258567335,0.8939470830542551,1.0024493665557237,0.503855849828919,0.668883930274718,0.8696791677537625,0.8230623969762516,0.9256666639287613,0.7157926593259414,0.43153936722333996,1.4614772500292084
105,0.09762150827881473,0.004254586160937103,0.008883423519116907,-0.04037462469416811,0.3177288891798177,0.9731106008220175,96.52502364373366,7.692960339584453,0.8999962976475513,0.8928029685242138,1.0014388211122625,0.5530004464797542,0.804554648612529,0.9037032804372734,0.8128344969787922,0.896912689768097,0.6656795047801786,0.4139077597314657,1.4162970949439293
106,0.13591282931372076,0.006131623647408748,0.0028567478791981316,-0.02801859687988012,0.14929766180154583,1.4092657279857406,96.52476801035738,8.52586224942961,0.9151600236866522,0.884676018916824,0.9867333787046075,0.6634680898700569,0.5369677160737472,0.9283495420949961,0.9417937581962725,0.8810950287703038,0.6021088426997824,0.3622269633196613,1.372302842782539
107,0.06633694747061944,0.005178012025054751,0.00294151048156164,0.19691703151865775,0.6031499716462847,0.874397075619072,96.52860614692494,8.789190547298034,0.9248317949251673,0.857500735967236,0.9958106110538898,0.5701713177041865,0.1057744217086285,0.8602983805827968,0.9052626032468221,0.8819712205464104,0.7100344600859086,0.33837949125059613,1.4567229389831284
108,0.35269309486937495,0.004270728574599533,0.008581332345063152,0.03140242240620483,0.35907541196659437,0.7143954586681929,96.52351613399824,9.158093462587797,0.9259959661270134,0.8918101943499006,0.9876354974666075,0.5902276362724496,0.516038424895173,0.8902618436459843,0.9234652223444559,0.9229090680439536,0.5844944198473438,0.4391901688722729,1.3703576258854357
109,0.07293596598844079,0.007049165847283934,0.012389251042935668,0.10157370332333569,0.20387600565451214,0.9509556921595432,96.52582270779936,5.354636856467408,0.8968672509167862,0.8902445662014892,0.9906767196688547,0.5450218230255554,0.5587250124749312,0.871966339564836,0.942917886815823,0.9295577021071515,0.6715947916670264,0.3466969075863617,1.4469882327525634
110,0.4182940334085354,0.004150409026180888,0.006285941037398985,0.09452332811419398,0.24051112865438323,0.9319570819898153,96.4909762986257,5.486193283243985,0.8980935980653212,0.9415491550812983,0.9984450231850361,0.7013876818582065,0.33141519869325087,0.9138106022576475,0.9393344532297441,0.8805784300382016,0.6649177007993294,0.29417740629999756,1.3673397673305543
111,0.23497334989199065,0.007862683446835168,-0.0016547830710438574,0.047563507704099756,0.27387377046555345,0.79121871106938,96.48372570820248,7.528568394708173,0.8940167933794574,0.846860912301789,0.9911617289581833,0.623428821110638,0.5441900285305846,0.883606739044699,0.7931851120606119,0.9137249582770322,0.6290124887157231,0.27327301616471705,1.323479191331361
112,0.12098336763545231,0.007146980125555021,0.010453199982077038,0.04894855878941383,0.06856918508317911,1.2256970736339852,96.35397331043498,6.260522405225884,0.9283122936980036,0.8266787597240927,1.0064177306521878,0.6412901410082255,0.36975734639078006,0.953882754847642,0.7211984507199936,0.9242994319477934,0.6835145096956153,0.2563267159738228,1.327079104045382
113,0.19755714143891293,0.0033193981449755015,0.009114557927151348,0.26063190825105476,0.2367674695989351,1.1804964474771127,96.48496807522378,5.498902923490902,0.9251641235261888,0.9452946749657575,0.9838738860939431,0.5874232103903376,0.2954504472634935,0.9296764592577886,0.8219819493526281,0.9300315940641708,0.6370297841522276,0.44274395954373985,1.2175137154125484
114,0.2315920815299778,0.0043012131662010615,0.002348521419188435,0.22940049894059905,0.43295854048851057,0.9282327493824374,96.45674240268406,5.296020016962959,0.9124130570369524,0.8522551559951942,0.9851058704376552,0.6005931374476294,0.5681303609365567,0.8864668031950478,1.0288522203717716,0.8779605405399642,0.6692589255807034,0.4348088276382161,1.3083686092558102
115,0.08311019910432009,0.003506982495575166,0.004659778437126123,0.2391891007056507,0.4261128998228507,1.091624031662058,96.50705882641907,7.6388416722004,0.8994867150538871,0.8845079823357567,0.9829441562315356,0.599088431529879,0.2467453820461067,0.9028506702317979,0.9834670596701212,0.8855044965976467,0.7335655383591105,0.2913249558856343,1.2895371781315805
116,0.16480413992133852,0.007972686596877571,0.009236146909943847,0.1984760224780976,0.43347644141928376,1.2925775497179308,96.50735305651956,6.001314888613621,0.8967494458148978,0.8717181608573141,0.9930116080451689,0.6750500976258087,0.11362582957498224,0.9151836449210299,0.707114274944216,0.8841573157752695,0.6915388959042928,0.35789933092595266,1.3118734637759346
117,0.22980935635921002,0.008185384421117953,0.0027000482107292813,0.07276085459058149,0.2896022397042867,0.906798528044112,96.48590362625625,5.388397792068607,0.9477875481787961,0.8722689668187663,0.9940816653729925,0.5775595130529189,0.2457003461942323,0.87500136107015,0.9389138815722519,0.9024406142061435,0.6077373299333629,0.17805921850188305,1.2576181723098556
118,0.41435579006563206,0.007910135361603041,0.01343119945381991,0.1811568754236068,0.062235064201907386,0.6914160549829894,96.4392796224706,7.25581183458298,0.917847999687146,0.8141586196759871,0.9931405400654595,0.6623271017839637,0.6654156447517325,0.9201335117068283,1.0003683889850679,0.9217204923732966,0.7152502872044588,0.4133731653433812,1.4268662425053573
119,0.1382456466317928,0.004535395109331891,0.0033836608714589984,0.31837544234681014,0.18700333289130017,1.2147514165785553,96.52005585376695,5.326775147108805,0.9082599213619102,0.8800471637679362,0.9923716663723531,0.5509892653315616,0.4243963485448002,0.9492304528290563,0.9268210723126686,0.9288495356291431,0.7111801661137644,0.422089049081476,1.257121980398968
120,0.3370849664542662,0.007587375561854669,0.01060792367311758,-0.03506130158289422,0.38849530627861667,0.4398085777126606,96.41834677300159,5.395483475847305,0.9450036295681106,0.9085366454509589,0.9896974203625256,0.5977997248440664,0.42375920033485914,0.926260464068384,0.8865445874781707,0.8804651519557396,0.6072547326739552,0.31454564875690244,1.3012329310881279
121,0.48245375139425684,-0.0008087101976813047,0.006461807494706711,0.2903362067209029,0.6306004226162982,0.8654774436446555,96.38881776180378,9.071865841561307,0.9071910582112698,0.8810763074597973,0.9961863479726876,0.602130022815121,0.5462568075695613,0.9457938576311624,0.7611636327168196,0.8692507655366323,0.6821956240866148,0.19999082732214632,1.3902151852424003
122,0.3812207295574287,0.00612926945227599,0.00537295907412998,0.032689986448285774,0.1612043403311437,0.9632480350572467,96.53115576821402,5.883264906958801,0.9341737738639736,0.9250149665614688,0.9934981624540944,0.5676252149224712,0.44700141056395054,0.9113648023171056,1.0502735987670104,0.9242093101517012,0.7140259544869286,0.18505227515783895,1.3750867991759625
123,-0.025123010667680523,0.006976409570239515,0.01800248551731042,0.06072637547415037,0.17970211382456114,1.048053127275226,96.48918546655966,5.285524524223707,0.9039983775958531,0.9202731390134964,0.9956201908719868,0.641454160051097,0.5315525842303428,0.8809885422464733,0.8484611948328407,0.9099436210105571,0.7096439188134523,0.3677656308339114,1.4291694428976915
124,0.04772296548428635,0.0043725359254746105,0.007031773638565847,0.020606592653906394,0.13241969800445627,0.7287158010771533,96.51710292467853,8.303105422270873,0.9338773202873782,0.8770003248568972,1.0013264558200952,0.6455048591544591,0.6331627329322007,0.8790781299012391,0.9297588711634972,0.9423543344651248,0.6171290413017428,0.35961785442513206,1.353379452996053
125,0.35308242296208003,0.0019517781901179788,0.016651229928740324,0.14181203797786476,0.5154210848743108,0.8287137797039142,96.48734540968594,6.371174693350594,0.8886815080970921,0.9174233441232894,1.0036748046929111,0.5495952887636579,0.6389571895616577,0.8977685811880639,0.8642725411380794,0.9303699762470953,0.6506548845402844,0.32377304444632904,1.4625778853558775
126,0.24349007246349702,0.003822622605104545,0.0070262831100736355,0.04440483561942042,0.6497576521377972,1.1931798411604013,96.53097872671819,5.51431827306431,0.9093427324286029,0.890938439662268,0.9999848106096667,0.6304102962802833,0.480837533578256,0.8482180222869541,0.9383677956223508,0.9182962734285492,0.5647739354412523,0.42880440118590585,1.2814722535877414
127,0.37185482211966675,0.007096249044033513,0.0022002009985598783,0.038827733576345294,0.049310530784971135,1.1568106629729293,96.51438912746836,6.589252895609269,0.9182329533482655,0.8141828059740227,0.9946841517739513,0.5979572189642789,0.30882533784631366,0.8737568509031286,1.0059210563788248,0.8653219785549371,0.6726411395523466,0.42809440063222925,1.4606794368193519
128,0.13673876934406315,0.0038499097385241367,0.007830869098005493,-0.0049236172647789955,0.41977830921830345,1.1739824288550862,96.51680310084988,6.8360794108421254,0.9010493722741543,0.8943451780477841,0.9987845350917065,0.6200973888063781,0.24933223495787865,0.9125878622640675,0.9561524146946299,0.9060112603224999,0.7146735260784501,0.3040444797277693,1.3410733780167923
129,0.32392617989713646,0.004061888524392292,0.006180087849678294,0.33883977616868954,0.4681237088110143,0.8212886453701436,96.4613289800776,8.914350494117283,0.8953206186324715,0.9265647763755772,0.9975866248337835,0.6153535723082468,0.5849308596183698,0.9499555721996342,0.850415907748004,0.9345702140108891,0.5580183042235841,0.45705343226547307,1.3710404941427865
130,0.034706661727755855,0.007704628362275912,-0.00022077839613470276,0.18094947899075184,0.49522853207724443,0.5473118363128877,96.50550516842644,7.167620085604128,0.9098441858960382,0.8523218697882664,0.9936977388917945,0.6158037117518999,0.47765872325708464,0.9350145255107614,0.846382810523726,0.8952576018438679,0.6473077482594526,0.4431817686325574,1.390477649714003
131,0.0703217721207074,0.004127674954384932,0.003491716851137705,0.02646540901069712,0.32013682584659475,1.315978540240021,96.49178878763894,7.84727151294557,0.9141888208083853,0.8816805311501478,1.0022212369896053,0.5412072233054913,0.39369992777705093,0.9221185338158268,0.894147603774536,0.9303921104847372,0.6394439891292144,0.25714405920021377,1.2339804923852207
132,-0.019348231835218027,0.004297006145378736,0.014183453925094739,0.1548418506665775,-0.05232592272996228,0.7561658990487974,96.52446790684233,8.646008362580158,0.8903259955678591,0.8746176272549333,1.0080455958802699,0.6016961566980584,0.2601300359441165,0.8875404263478599,0.8037313673884783,0.9058822536988873,0.7175253602156559,0.4108317949071415,1.2476830883376926
133,0.13362089409262642,0.001840485115266202,0.01061744264700945,0.01913067557292676,0.5367273958712608,0.9779097862070105,96.46919208373282,6.168211600725265,0.9448117544078088,0.8686298664086362,0.9959302092578636,0.5916901338495925,0.21335111675536614,0.9200922153847522,0.7659425480784814,0.9652612896723001,0.6142017641273652,0.3584041096412457,1.3499553558585085
134,0.19293946264032938,0.0052656602040141685,0.011039588809476565,0.21793222298581788,0.4650197596806672,1.356208795205083,96.53327858804553,7.397798660608388,0.9012391294003773,0.8582603691849288,0.9913985754156437,0.5861755242832373,0.22659709804450046,0.9059102972544614,0.8823978418611819,0.844054706232408,0.7208122313371654,0.4533621269605863,1.4177116710711513
135,0.13325798243740564,0.007191814542406172,0.003243274210511688,0.09756495629268884,0.4180105101020623,0.6542481467351173,96.52368786145233,7.73888836875892,0.8775234940826351,0.9011285760142228,1.0013819784544713,0.5999230860781567,0.6174425573286277,0.8637338270813325,0.8634803404016799,0.8571477765757004,0.6015467216117157,0.2415528625856962,1.3400108051213326
136,0.32980317288103644,0.0041957084583374975,0.011450091449191778,0.1477837250032848,0.5252148683460828,0.6457343602496182,96.398722296546,6.534137707438952,0.9219406683476586,0.9024476003336545,0.9947108365811632,0.5361114790307588,0.41764828396434706,0.9522059090512903,0.7598022542260154,0.8707637095063484,0.5920353850959973,0.33487216333589587,1.3384417539441422
137,-0.046628994383284134,0.0013921749478737972,0.010595237436710161,-0.030491013148578633,0.1099310492093899,1.3160228973030272,96.40338746581999,7.281731517499922,0.9235664154343248,0.9385747998080977,0.9917407600818581,0.6095580941976904,0.5010285594907451,0.8699414332217602,0.9651649554280866,0.9524683483842252,0.6454890564988307,0.1857775273344948,1.4198050904922102
138,0.3083596132079135,0.0027362071263660453,0.004648053279234418,0.05509344043403598,0.5056287194350688,0.47670175345858484,96.50382257500004,7.452069677036069,0.9032150036937685,0.8834882338260632,0.9883777269530684,0.612760368058858,0.245488958167868,0.9165414922644182,1.055318909761716,0.8575961477689001,0.5819266929540413,0.26674577470280775,1.2288156414142535
139,0.04944451896247157,0.00718407781717228,0.009541108882058068,-0.05396501395606884,0.03221994187270982,0.7678518538482131,96.5091978680622,4.61816353505087,0.9319520157020524,0.8802419341013525,0.9802406896557961,0.601019403583347,0.714372440994048,0.8990771905197228,0.991549732642627,0.868096698324089,0.6151345663713415,0.2819373412912772,1.4307942066223371
140,0.18914980857649175,0.005665792079789642,0.001486242227162475,0.04869111264188472,0.6141177087988393,1.2555114247014647,96.4784645271945,7.410015225234376,0.9323116388518464,0.8831190470169843,0.9975662715068447,0.5813169939954744,0.7429700037192467,0.9363689812902872,0.8919563395819834,0.8949596581943924,0.5824118307840247,0.3999292659803784,1.4717050031715457
141,0.02884088898440612,0.00315382848955314,0.011764555434988768,-0.053360453759666804,0.16756705229330177,0.9453034589210347,96.48782702967934,7.5412977749345105,0.8974062050791232,0.847026234324073,0.9976598500184976,0.6014721388728546,0.6449689670113854,0.9390202397445844,0.9617460632739275,0.9043575925237097,0.623612406716175,0.3320435959317584,1.1899834287852276
142,0.13256536421724952,0.0029670830783309326,0.006063752687392988,0.03893721057102395,0.4650509032201076,0.5029549896823564,96.51544298585112,5.188506279599999,0.8948605463429071,0.8421899560112905,0.9894342471057898,0.6182815192132592,0.5461130791884873,0.9580579637328159,0.7174817332676593,0.9211137048454835,0.6186796725981187,0.3103730359843814,1.4188145047204341
143,0.11422541777019962,0.0065472483860556496,0.01135897216045728,0.08461335398941194,0.2051125566087914,0.7057287160468925,96.50557760720594,8.88462087406797,0.9235507828415503,0.8700145153792401,0.9850772465516375,0.5878843749760353,0.07462232690107018,0.8894408519704926,0.7346518389249411,0.9125710134910646,0.7207323859675431,0.19607084768321284,1.3169398520517532
144,0.28933118485896836,0.0002822346507245664,0.007944184495060395,0.22274816579723272,0.5958595119013672,0.6125755731818192,96.50895342214221,5.731637220309307,0.9168979832437539,0.91812467328776,0.992472705541724,0.5913943881992642,0.6068081145328676,0.9248626373461232,0.9251285457644227,0.8832637576980167,0.6521378754555394,0.3753455811933074,1.4261763504166496
145,0.2936310518712217,0.0032769646012640514,0.011111657034532285,0.29930830270156605,0.2652549897970687,1.074121437821444,96.52076206194542,5.510205212198872,0.88233868243848,0.9103683213963392,0.9894231522618778,0.6535836195515905,0.27026219035142274,0.9599833880702678,0.8655279870289361,0.8789554239677173,0.7547696802545987,0.17935506889791875,1.1460311321827388
146,0.2321990283263135,0.004742250388330255,0.006123072488607921,0.10987485522353235,-0.039970747099231985,0.9738315518543152,96.46847468809807,8.283506892518623,0.8899325303039514,0.9035318499836158,0.9892137587061425,0.6741997855228625,0.36047269159301776,0.9497660252025183,0.9680148150367662,0.8814161664695706,0.596555127633956,0.4613619407491386,1.2810738775028658
147,0.1348310077267641,-0.0007589269120613202,0.001376101272444974,0.16777508519299683,-0.00924465871030028,1.0216737168447927,96.52430820590375,4.655090739130322,0.9115748021740456,0.8757884097621598,0.9932891828532139,0.5655132550727192,0.3960627548441344,0.9243163843892351,0.9000475394332164,0.8960954527836759,0.6892614014117658,0.24406865530011984,1.3820855213682925
148,0.13506252445975153,0.00720095272553219,0.009299444671669349,0.10583900018282735,0.4582432126500322,1.1219866684846849,96.48594585890375,6.927115624248214,0.8973754011096176,0.8786838449125833,0.9915505938814627,0.5981336749051887,0.549925905268904,0.9373729445292963,0.8937033563396096,0.885836371290341,0.6695519843662443,0.3548681114881437,1.370874015679529
149,0.42843878030242416,0.00420241656148015,0.009380443012156958,0.02348319009575081,0.7036204124626035,0.9087983067263805,96.43693053633557,8.40143667828648,0.8897988008669252,0.8822830660187274,0.991253678900107,0.6350105057273628,0.5110550714743815,0.871968639284157,1.0607066413289414,0.9411205133429268,0.6568410607106503,0.4275538431095865,1.2674315066950639
150,0.4080981336212487,0.0038477815508301603,0.014508471683674872,0.3889887795316419,0.5962810929725393,1.2551950398354743,96.45005398193955,8.207810247752676,0.9280096585882621,0.9307048903556627,0.9948257872245041,0.5893038433716508,0.3887862153612537,0.9105197610541431,0.903952894931882,0.867425552180805,0.615405808007064,0.3103177855737393,1.2338034511724099
151,0.0879275768031147,0.0075270455761606726,0.0138047455717683,0.18411641162049167,0.3457631662991949,1.2650148929942087,96.53296477989653,4.8256743162633775,0.946536652883734,0.8914203096967388,0.9992760443972083,0.6712675903565171,0.33462389868807074,0.8797403446384819,0.8793889928210907,0.9510873181363464,0.6608894048441468,0.43645359016322866,1.2898657606502357
152,0.21703522958236032,0.003045890731020199,0.01397963336847688,-0.04884270131094867,0.40629910351455023,0.7292941955411656,96.53193721203606,6.403334177707222,0.9170186717197664,0.8637022601698973,0.9848753358328399,0.5861712878854,0.26388915734230123,0.8922752920030382,0.964720444017676,0.9254550608605381,0.6633060025225624,0.30343399913936514,1.291467467401571
153,0.30272384521413764,0.009646894172135448,0.01365913923686812,0.06991612825934129,0.6919812014562756,1.4552237564028458,96.53506466544265,9.88899780882849,0.9430701933415356,0.875885279393801,0.9946677926693314,0.6293935946950302,0.5527213603733797,0.9513398686358192,0.9844906642740102,0.9650619670250824,0.7358947096450026,0.24697296435794525,1.2758605522475586
154,0.20360084204857481,0.0030236971181893165,0.012495828996925269,0.1947254242367625,0.3447378135648541,0.7282559806157142,96.45592739649314,6.265357216657904,0.9217675683948167,0.8877444742280328,0.9864289892607688,0.6082597374054827,0.6080681883690966,0.9227279733595288,0.8841710991937002,0.939782063179943,0.6379151382634727,0.37986091793630145,1.2863767526370162
155,0.27848498965997137,0.0049598319027236,0.0006804902813889666,-0.054502769133748186,0.6138129027065136,0.7422763394532007,96.50917521346321,4.269880178755667,0.9278201003421116,0.9408051964999157,0.9940902870049126,0.5064163582840375,0.5552690955375029,0.873193879149219,1.0339929318375947,0.9131727888383175,0.605605699918651,0.4100655196150705,1.3799537329580298
156,0.24971162966752564,0.00936819417550739,0.005931710675459406,0.11885417805509499,0.2510663246931445,0.8378134039849742,96.47528756929383,8.238993723341533,0.8880480433384703,0.8808531086265707,0.9893300927047121,0.5531341672843526,0.6036607544680898,0.8800002941429252,1.0402347070090063,0.9016082621077619,0.6686758209675386,0.43979797105065793,1.4284288369040616
157,0.14401587933230825,0.00491908703224,0.005035585237879593,0.24567436725284242,0.11134326780602757,0.9561918189574404,96.51250068484617,7.012022422663954,0.8942167862516647,0.8428617918293817,1.0031782874635244,0.5127547099598353,0.402968685347228,0.9373696283850887,0.738477179824095,0.9605100080633844,0.6800530874818145,0.3380788530086148,1.3192168980238899
158,0.2921911549396262,0.006174476587277095,-0.00023978197122799874,0.2987919690900306,0.4215955179055122,0.7792668410866386,96.48908114352975,6.636023387822247,0.9481003176598545,0.8431685340090544,0.9993983852350823,0.5283147760695808,0.3879488917829972,0.9515149721888846,0.8206196243147563,0.8916709417146905,0.6723405324934469,0.2116227651178936,1.2157176286553013
159,0.27908510962210664,0.002252605856229998,0.007853870872792216,0.08788728635113509,-0.004087540279750668,0.6965134604757319,96.48793862455587,8.28009902122476,0.903672290114614,0.8682170330378839,0.9964173730065036,0.6018231650237792,0.5337741962929011,0.8999333358764806,0.9226463049585325,0.9084649759728747,0.5995150273223813,0.3721914611772121,1.3064309760952095
160,0.17457598563322804,0.0018644320210988803,0.008697927111615763,0.26530474635273005,0.25049080954381214,0.980746341950003,96.52919404775312,5.592746906761254,0.8972324117545112,0.8628837066271781,0.9985796273649485,0.6089114692778133,0.45310272483649877,0.9577465107262424,0.925566001096693,0.8818274271831045,0.6342259022922264,0.3435145345637638,1.3150730155214845
161,0.3413873279846092,-0.0005353854367966472,0.006051520532317229,0.2503803646417234,0.27570325953603964,0.929873214216762,96.49319980556385,5.108841414553812,0.899579551033531,0.8874116596678746,0.991360151062362,0.6708670425847871,0.47965852621180816,0.9608381457053767,0.8790717444846502,0.8491861997134145,0.6841058592542264,0.3111566990642486,1.4586552391464924
162,0.16992722912443078,0.006419041813338539,0.012319043465886368,0.13785916683890526,0.10471297310545649,1.2729098443567886,96.52015682055999,7.401010100941389,0.9195715857093637,0.9220985147648175,1.003743024047354,0.6346925233665835,0.35222938722134983,0.9240131730104807,0.917754196550666,0.9546250880347299,0.6726990347891596,0.431468072136577,1.390842583974955
163,0.13799805298426013,3.7408239595919986e-05,0.0060785903828588774,0.22583518643653444,0.19444488400229037,0.7507425015993451,96.52402600231878,7.619641211849107,0.9144766408037043,0.8426852109952916,0.9860569839466259,0.6554611250894542,0.40376686699525194,0.8752094172108629,0.7154742216702321,0.8911188892207648,0.6900534600154934,0.33314281290333414,1.4584811269126554
164,0.21681966249258705,0.0030893159250177686,0.014029152204056625,0.009027569544300978,0.6190937622007131,1.3377336240734712,96.51631980273805,8.361321406978496,0.8812594368968213,0.8930238948551628,0.9829883796329656,0.5244946852457725,0.17445940855445743,0.9601444333996734,0.9929254384140455,0.908069819531307,0.6757032277377145,0.43473151941157356,1.3836158144023483
165,0.08286769121917838,0.006587204054092947,0.007597030243294849,0.27520995962902295,0.10720445626068531,0.4357485432792928,96.53403709758217,7.320477645634035,0.8944955712297635,0.8852827853209355,0.9947101888694359,0.610470685133865,0.4534537269803368,0.8973082219356048,1.0824701964891221,0.8942384146090043,0.6261858518780935,0.356367177259048,1.2050412525078833
166,0.23361578223906074,0.0030072808131591166,0.01220997123047834,0.0635612197792931,0.44231931000183716,0.7271265632412032,96.33232334501761,5.2778167283328346,0.9031074389809788,0.8557323345442058,0.9927653822966308,0.6080774677867299,0.4434954389022807,0.9121322045568601,0.6997514581874402,0.8953418885822659,0.6485314622091102,0.4007678739696282,1.385697352715639
167,0.08077025968255937,0.003982261785920204,0.0033673116821580436,0.1734659971884105,0.25212297163288194,0.7148054044807393,96.52940716879549,6.027408900980723,0.9263828103095996,0.8657267533411299,0.9930425199237944,0.5892061423998444,0.525443870087134,0.8729649723747024,0.920187846147716,0.9426033415931608,0.5777100206375482,0.41815720568007747,1.319347796997001
168,0.389078156088689,0.003446018165473021,0.0008326581819860764,0.20855069403509469,0.3309965244300933,0.7493275329270311,96.52056376428263,4.69044576889787,0.9186094302299557,0.8729485226263421,0.9919297208841863,0.6100199525154248,0.418349861832461,0.93792688216886,0.8187292550877573,0.8403770606211456,0.585096261168504,0.36722386068222845,1.4021019222411686
169,0.32544961773046954,0.008052024737615494,0.005191676147909784,0.17956203622090824,0.4344790435942212,0.5168831940167481,96.52583753117895,4.852939829801808,0.9146296939160942,0.9173483485852802,0.9943530370899866,0.6003270833025063,0.4024928111920793,0.8819432715348113,0.9577841901310817,0.8583895060892452,0.6036635885295983,0.3187023446012717,1.2394333363256578
170,0.14005325589321835,-0.0007197886826938089,0.009827776894227773,0.1338874788136595,0.3898446971714715,0.6858515155228098,96.46893113631481,5.791395708807616,0.9277174116734321,0.9067202483057686,0.9881671842651332,0.511401503142448,0.34997143679611414,0.9336123905857563,1.0197148716708013,0.9543063452672851,0.6177503338663726,0.46596264282616057,1.3969327127461753
171,0.2516025507422928,0.0051280823816763875,0.006785907932110609,0.039498738462350705,0.49701512898721156,1.3360196238837188,96.5305471705917,8.742022895857614,0.921297761041785,0.8718168200474635,0.992778982378281,0.5549207238742733,0.209852470804433,0.9213009893987119,0.8736128309645079,0.8861731735004409,0.6083864020493807,0.37131794009773655,1.277466557164351
172,0.13562689899583247,0.006630530891912056,0.00874907446647337,0.3073831701668842,0.4045090146994779,1.0685360505416515,96.53289345986266,8.237650678115914,0.9351780779893921,0.8934681177932302,0.9883870074190386,0.6359740249559811,0.15421877932595868,0.9045397833250827,0.887579001183469,0.9448724383859153,0.6867839322578042,0.2900226766804862,1.3705943966672984
173,-0.0049298765501095965,0.005711232163634469,0.0033326079284320513,0.11279127804129008,0.1084495419982546,0.9619587429269849,96.51813189097103,6.5019334069710695,0.9272885705199103,0.8708206794884202,0.9964765029372231,0.6787460307524449,0.34948410291751814,0.9009420476529879,0.8057722304284165,0.8714858630683746,0.7073849546075613,0.40649924011462296,1.1823348290585871
174,0.27660662772015765,0.0031267173325138487,0.013520149644878474,0.15755815569969056,0.6339959369602222,0.938485898991874,96.5220916911258,5.864171926556808,0.9270910214736513,0.9108953475621189,0.9904501393768478,0.49790178502668486,0.40813913337368324,0.9403058779898366,0.9459809131266156,0.9050968224993278,0.6330358236114105,0.2927378937413617,1.3741027257760916
175,0.10553707235412405,0.0011177616805739332,0.015581170988884008,0.31487882658934474,0.1508469952811322,0.9045356470654401,96.53458024858517,7.426710282553422,0.9413484212293949,0.8563934401220767,1.000426389846293,0.5161923036031522,0.17033464648833935,0.9512976568351638,0.8492389338359174,0.9371481960999271,0.6120332402643253,0.40142349998711757,1.3132433634435052
176,0.1023395532491081,0.008136488694122732,0.007242020379544865,0.15513241556428647,0.5523453757265127,0.6224222569542746,96.49616336273574,6.824458542481618,0.9292252460927233,0.8603443610285733,0.9863861120529249,0.5917268496741347,0.5180971237267966,0.913832445530139,0.7971487133689372,0.8823250004598685,0.6200715380817251,0.41342192053159366,1.3381286756357709
177,-0.01945634119471229,0.007041478064837408,0.013347789597734284,0.09560599550668522,0.16318207916345295,0.7792729320687051,96.52655772367778,4.649693974081694,0.908242627307986,0.8737777530780677,0.9882481432587229,0.6722837383119687,0.42515756953165545,0.8936022915473,0.9446503010009144,0.8877429063468987,0.6545675775408837,0.4234283603523375,1.2466978840088467
178,0.2916587840524651,0.009130208930724552,0.009679155260285587,0.23059469269963512,0.5338140657637604,0.6047713266036896,96.43471206375276,6.67932271289094,0.9323311136218956,0.8829473960610427,0.996207340636899,0.6629374684712772,0.14061109106919856,0.8657226456997248,0.955059403809927,0.8824146410768816,0.6130495320088432,0.24604304665210475,1.3699444651279526
179,0.22404951918101929,0.0083977194098866,0.015205796786530668,0.005409153536275996,0.06190010719291225,0.8708827520674379,96.46272629336855,8.302192296842453,0.8910900216116917,0.885980022648026,0.9981064151960655,0.6251865505357578,0.5328068284516897,0.9202705318151132,0.7904191222587716,0.8779782601118267,0.6673897285671714,0.3552663476158622,1.3399194015990716
180,0.18241330393053035,0.003851490025831643,0.0011415302737744623,0.1479691987873144,0.5291905884250672,1.240524211715988,96.53165109284137,9.370106896774923,0.9203472148964101,0.9032235872717801,0.9978036310305037,0.6419294094308845,0.13662151931988037,0.9122958637574566,0.9671711834503236,0.874754350535953,0.6000929872801304,0.24240169666314032,1.2318139120251517
181,0.1794650234550016,0.00792973977156615,0.0036419700571953917,0.08555310134083728,0.5051435927811456,0.6471740174140739,96.50546265609253,9.30273616357447,0.8953935217214325,0.8647644781028612,0.9863705900012182,0.6675068305697092,0.3854347301061302,0.9523158685874232,0.8886728355910112,0.9036186835752417,0.677947079518322,0.28916362589084554,1.3933337663649001
182,0.36007690914161894,0.003953475985526606,0.00658141999126463,-0.05490595940181592,0.617726814292596,0.8360724974499296,96.51369970047433,5.592566219342261,0.9329518949393226,0.8966837648102299,0.9996340978698927,0.6651215990499948,0.199901472969324,0.9079691873314076,0.8779894154194595,0.8700298468473372,0.7062358585058437,0.2524677740801322,1.3821609822864533
183,0.16314223469790254,0.0009266062124349298,0.017405249166306126,-0.006135809463325315,0.3087394514255568,0.5191009173415202,96.48189851690351,5.4283856617916175,0.8931528490586157,0.9147419976496343,0.9972635281667495,0.6021643252656719,0.49151024934340204,0.8737196005554584,0.8708204418215357,0.8804432808438725,0.6795062554680792,0.31615274711768776,1.2776288835934235
184,0.2705745062561998,0.006153809789405502,0.004832240019388798,0.04096346732417534,-0.07208695050273978,0.8952727671549248,96.52786805449604,4.559478271691374,0.8892082988470618,0.8910760821920114,0.9892179346802975,0.6657483983736987,0.6973297166549348,0.8742262141020717,0.8490805485453427,0.9201836612122805,0.5707691897641993,0.4406197710013048,1.2464163271688788
185,0.2069190958291307,0.008772159969472903,0.00921886897959253,0.07026738158897246,0.5717742293791352,0.6986839056626166,96.46949330599351,6.238368607800121,0.8985010576764264,0.8962416976383387,0.994491939982155,0.5946935465695132,0.6604083666946441,0.8820475200626203,0.9218581395960898,0.9141984524999518,0.6456106555504174,0.38353584024781573,1.3182370224235005
186,0.09229332963805473,0.00038310973562103367,0.009637211080226391,0.11597739144046293,-0.07077977266576269,0.53080823926275,96.52806970839572,8.523700661130954,0.8869986499278383,0.922123258077753,0.9944444129892137,0.6407198616379589,0.32492260698953523,0.9208904593320457,0.8337434097720581,0.9543635069055414,0.6859722993517197,0.23659462246178287,1.2487621470643724
187,0.23350702634120446,0.0013314823620099274,0.008232380904740237,0.023750671409253105,0.20697823542041655,0.7493591238109284,96.52623664368218,8.784614505197471,0.9359554204857006,0.8562660875537551,0.9901578724795285,0.5698666043809326,0.687134958374537,0.8949606784312959,0.9590680091288306,0.9202412687025443,0.6058092869538728,0.32953246855754015,1.3503785075475236
188,-0.0843476758818672,-0.0006709800173876558,-0.0003200996419903618,0.23541681515544632,0.2972230719479515,0.8475464308975723,96.4775768025377,5.521216124278092,0.912940050874817,0.8882526759567573,0.9910633227042716,0.5427065657933088,0.5576578189275538,0.8740418513359983,0.8243614396060046,0.9059319293479378,0.6873672909280265,0.4058893814674018,1.411711222426212
189,0.3543441400301277,0.0031382628301680486,0.016062553282201155,-0.02804198223972426,0.15260555946052168,0.5701150883639764,96.52453643001212,6.132410120441553,0.9180860308882249,0.9183702338989406,1.0052519458491358,0.5740922075669755,0.49412771418199375,0.8760441596298831,0.9144748196976241,0.884385526221686,0.6634848576986767,0.3435888596604609,1.1991958618496172
190,0.07223884490859016,0.005985360245077171,0.012493500699419905,-0.024219556892565913,-0.08747079546188025,0.9939839771355572,96.46774330814294,10.064995105593724,0.9076685766167594,0.8516535562005635,0.9888928828398028,0.6441219461437292,0.3391213304931637,0.8835951685093462,0.7311913919203517,0.873606537433264,0.6475867904888734,0.4504935467047894,1.2993050879285604
191,0.33498146662058004,0.00301894407939542,0.012865160842116283,0.27524408279662294,0.10325128289892807,0.8596437541811894,96.50801871016897,7.401753922742629,0.8959824280576021,0.9379778741980735,0.9949645901466202,0.6605853869482415,0.6122149920543152,0.8739000345376664,0.8654984558360482,0.8935118183631762,0.5772008902941912,0.40881909947908407,1.254384338088472
192,-0.013013418419065226,-0.0002962992145998989,0.00862521281566136,-0.06532611902253499,0.5742647553624063,0.4953245795160287,96.47689324895822,5.85600556973295,0.9067086575708505,0.8656750979125637,0.9920491386448324,0.5664983432664565,0.4557207958518592,0.8786786888444373,0.8145383820918495,0.8923997014391127,0.5697369321214701,0.2807869376227435,1.3281247463622723
193,-0.021972342685071145,-0.0007342941012999072,0.013019015718178623,0.20976391317163107,0.20625867253846925,0.6350547157466768,96.53156662754637,6.988396725177579,0.905624597506349,0.8723708033641212,1.002072450147328,0.5636529617723948,0.22374489447657112,0.8727532798463246,0.7142787614070826,0.8690353800353944,0.737963774139648,0.5040669726430129,1.3605428968996096
194,0.10064912524765805,0.0021347213879592914,0.01145134831375421,0.06102732235460989,0.20219948351968708,0.973210847784412,96.48668646851031,5.6394713774980545,0.9242358921892515,0.842168884256142,0.9905780345717731,0.5789493746825845,0.44396623189351786,0.9333246680834985,0.7964853416323858,0.883509894806026,0.6996782727038292,0.22074680478930855,1.4359977887339213
195,0.06187203499618846,0.0019743654041390985,0.0031081316462183532,0.12573845054845628,0.6724447545854386,1.1863154233782156,96.51752944644969,5.870044146569889,0.9178615018642031,0.9174136212504413,0.9916555756524904,0.6850459672991671,0.3474573186478981,0.9088223148141888,0.9766615440118354,0.9059153967732958,0.5982044303248838,0.40271097449184495,1.206381721019594
196,0.13047233117783352,0.0062394622556194435,0.011219177523875648,0.06843609892228737,0.513542883062905,1.3136251492152242,96.52157063534897,5.909077412686863,0.9170014651111658,0.8384041935780223,0.9973467527120257,0.6085105509130734,0.18237868242415034,0.8846735001692243,0.8882212651893181,0.8752392133759774,0.6960548434649542,0.3446754643524192,1.2570575619221445
197,-0.05867576550286574,0.005025403002099462,0.008124198232299547,0.06924612328664202,0.13685691677033265,0.6902105381984327,96.51668395444037,8.585998946245287,0.892465422022911,0.8809743547709101,0.9956075826070973,0.6189352656201529,0.7092418124132165,0.87416912258367,0.7467312997196276,0.9532623157920124,0.752291075783161,0.2930010342430756,1.268340853009901
198,0.2512714823741147,7.522360189333045e-05,0.0024420006644852834,0.10556484602444657,0.06723378839885477,1.0580095785504284,96.51632707458464,7.03338622732434,0.8937432520253692,0.9418359063517558,1.0002138927700024,0.6454626883815882,0.3646264276189423,0.9330131733060393,0.8914351385315193,0.8634059600069075,0.7030365656156461,0.3461262312336674,1.3325346434724346
199,0.21616819109377733,0.004819019268033237,0.0035054152728242615,-0.023593268850268634,0.12295388773146915,0.5434802082976156,96.52782526247573,8.678828076585908,0.9441148724432136,0.884738595392842,0.9895884700159464,0.47208417894259924,0.3271995552526498,0.9035255508298421,1.0642923767453893,0.8861747924548617,0.6502584422871571,0.2825423525476703,1.2559051516504476
200,0.13793676674747957,0.008681389452451102,0.00233297636993498,-0.09752091327464374,0.5150697141387808,0.9003981175973612,96.51755321979431,7.6217421269594805,0.8995234869732703,0.8761947272437215,0.9884821427941525,0.5327346942770551,0.5494495406103459,0.9129687770628122,0.8864740786851475,0.9072357479790767,0.6111053246490656,0.4365551134666834,1.4106408489799167
201,0.4011525603596802,0.008808568697237217,0.014790191611373439,0.251634544190899,0.04764565424229883,0.9130452115158567,96.36078675100354,6.948777133230141,0.940485786266851,0.8622822158652512,1.0015365274449561,0.5528327441039182,0.4597175030755878,0.8868904806480039,0.7133824960670319,0.8766951930517685,0.5700997017818215,0.35729421965891706,1.3919627627708724
202,0.2844631684429535,0.006369935961780245,0.007358893954268208,0.05039360467309538,-0.14083306120521932,0.938053644864535,96.53166535684815,6.159493553863057,0.9279209673621899,0.8285485520805578,0.9964979907410662,0.5537581193690779,0.2637909825005266,0.9559843548575601,0.9226405503826101,0.8698745198042296,0.6569436694933893,0.17409704687315034,1.1753996803231166
203,0.18097123702273954,0.004084422177826996,0.00751322541220628,0.03866654034481565,0.6767672722450437,1.0829467623523905,96.51446911778085,9.72235144930861,0.9099280579561533,0.8592009563962448,0.9843871982921444,0.6083591783566649,0.07600533854494435,0.8805602653548751,1.0359776115724213,0.8515902824650637,0.6621568379445285,0.3293771278084302,1.284132741763381
204,0.007040002322071304,0.006699027028738725,0.00813747875443386,0.10346012535350536,0.48961668606513364,0.8441978242514507,96.39259912203066,5.557893369354326,0.9338217979238128,0.8653512660417074,0.9896347014545821,0.5511417507968567,0.32062600670686653,0.9479118434313184,0.822176199455011,0.9002965195154783,0.6434874049527584,0.26558083823778766,1.270538702285414
205,0.203500778782633,0.003299983064773383,0.000748228451993186,0.03076345077890734,0.27064096870742077,0.9183116904455257,96.46225586083143,6.320262697822917,0.8884689370276194,0.8559012878295817,0.9896183249467987,0.5703756974894356,0.5715685697739118,0.881680579075537,0.9803372587661954,0.9543664889976573,0.5628286602479047,0.44697974778898697,1.2501969909636692
206,0.3790323142916289,0.000970492833384557,0.005415111638624995,-0.04508598197869909,0.13040469150471767,0.9726685908032551,96.50553089957592,8.77805308136302,0.8927397310386016,0.8875800308189786,1.004430351132487,0.576842117296574,0.6630991724735604,0.8783575287481364,0.868520319898319,0.8506986710312756,0.6498123050066639,0.23357566995434145,1.3874018596400688
207,0.32669970728970743,0.00792057523463155,0.012224199715233327,0.14240351326567224,0.03386025100179968,0.9791645690831929,96.52513719641503,5.3931062010250415,0.8974864086918322,0.8414366727634564,0.9967556159215917,0.6149825770693433,0.422074215929833,0.9018315859321471,0.9195071820001529,0.94888460456572,0.6222696119562728,0.3592676296564725,1.3916230838058445
208,0.23922510325023283,0.0017907783027514797,-0.000813664340436576,0.16489881655147381,0.20929008044220296,0.9319418072024171,96.46363247732823,5.521541288969777,0.9122580246760791,0.8645180073056314,0.9916642837768251,0.5286532269150169,0.3280903900524673,0.88272917914718,0.8117115192744261,0.9316010004397597,0.6093856600621174,0.1872250938751834,1.3223187106822003
209,0.1731410946012633,0.0016814402334229934,0.007144741944941501,0.15682001474258409,0.07875436325864066,0.602275408762296,96.36328686779854,7.625506831685019,0.9031276690309917,0.8568287863758887,1.0001793298254227,0.598590737828465,0.38288732704949197,0.9378016692976139,0.8930179879158651,0.922320704193086,0.6335152630209856,0.27774352626254883,1.2837838374676156
210,0.35112820730892746,0.005702517053256946,0.0025704523132202813,0.14991577100778425,0.23308213599398694,1.1095318326826338,96.48387701854885,9.667004180137909,0.9109382077627666,0.867159047233021,0.9957657122003514,0.6780351972040316,0.4245189010432759,0.919282364932732,0.8894320637054057,0.8716839992132553,0.6585632971291012,0.1895099370134437,1.304302235792675
211,0.2534848733659305,0.004899043313699895,0.0021037453496338954,0.26565849045739853,0.37995003841059594,0.9402804280856174,96.51162274921361,6.6543751936844275,0.9009501736798976,0.8759702431282419,0.9864082897024703,0.6457318609313067,0.4065567687708663,0.9557231522265442,0.7973725072131274,0.9070414609622857,0.6429803690915106,0.3266348668540931,1.3280854902609445
212,0.11596843937651571,0.005424939328861341,0.0075007786822183795,0.1339160731813349,0.03644482799262372,0.7405178307372997,96.52427660133972,7.267531993223412,0.912986927565662,0.9071770716319542,0.9950610649110757,0.577297632598584,0.36923088186715725,0.9033539696647327,0.8427135351577503,0.8552480815711162,0.6431928158704098,0.22060582103672752,1.327229477095242
213,0.14405024004628011,0.005416186687836775,0.003928245949330686,0.12411311061183539,0.4796315391034367,1.4912294014119905,96.53175961116742,7.126987699497821,0.8708412196068678,0.8723108839676893,1.0006380369154364,0.6462649137817855,0.45771652968380555,0.9255357484830349,0.8811097849140621,0.904540518460853,0.6695533102265134,0.20636575570088037,1.3286830631243662
214,0.41278990469794863,0.00010678111116168426,0.015405104118438737,0.1286949070573994,0.24343830673580952,0.6287674590857761,96.5341640752111,8.292443047987806,0.9344207070763877,0.9150300241286711,1.005916660859888,0.5669855646082348,0.6205814696107778,0.8936830068221981,0.8508963915323895,0.9028864223593873,0.7428591201890065,0.38202814230833176,1.3112672215159622
215,0.2940326285568323,0.005369769630659494,0.010720886128221096,0.26283841964614807,0.16716413607530584,1.3644064564756921,96.53185806078278,9.613331054988757,0.9330397705249422,0.9227432346235274,0.9957930061182888,0.6306815342081181,0.40463828640457594,0.9084534239389528,0.9577600818641021,0.9410339157267739,0.7058312527934664,0.3672571329728509,1.3368249766111888
216,0.35199774540645334,0.0035739644134453637,0.0021464651765893024,-0.015955678787706346,0.714265299058888,0.737325420456338,96.50743668275535,8.796609388643521,0.9185397293423164,0.8615205845047472,0.9844999043199355,0.6030625246516526,0.5311455687736005,0.9040241243511753,0.8746927766313531,0.9036004372950137,0.6077796026459567,0.2875530482535681,1.3236322344537022
217,0.17138812339954887,0.00492507640584412,-0.0031668874736372294,0.06241494078489916,0.6841805336070603,0.5149460237060939,96.52444972722586,7.9569703328158194,0.933436574188198,0.8487408612916413,0.9897979470545266,0.6440603508738268,0.500317778537301,0.8948623706516825,0.963674710290676,0.9044162400307808,0.6069500745958799,0.4461246692970526,1.2131926708809204
218,0.17529028770642127,0.0059326189797456515,0.00987689546887274,0.31451237187499204,0.1570987993740368,0.7980792773602412,96.49153790893159,5.259541503826783,0.8907486103047945,0.90952722415697,0.9880797115160304,0.6586527941152835,0.35496285107819175,0.8935739616043422,0.9013485020476462,0.9570162094056134,0.5973382227871213,0.33146565708748665,1.2231078428788882
219,0.12303288406133671,0.005907630157266511,0.010961771525807906,0.21111506179093073,0.2410211550732632,1.3705293323523686,96.48067880448122,5.17658163657152,0.9252967850468727,0.9105385617416752,0.9879771637017383,0.6193496767340522,0.5619747132345962,0.8963450711725784,0.9952649298830043,0.9420517714964892,0.640725036115204,0.3795665366101406,1.3888882878783861
220,-0.04000986699514811,0.003835358259578484,0.006146321769379457,0.11890829723676047,0.5700154436321629,1.2203367281267772,96.41345841397455,7.646655797550975,0.8847180712433296,0.8746297121079845,0.9835957767356248,0.5625769562667031,0.4313503681311109,0.8710736446830467,0.773832706284895,0.9622413512990013,0.7468055234319505,0.3301266716325464,1.2268244567018018
221,0.316351601172125,0.0026078286068130256,0.003990005533158802,0.09733203054172973,0.48593155630236173,0.8565291418612228,96.52884388037117,8.352782957597764,0.903607628553946,0.9212423852339802,0.9921732504181646,0.6390531376536192,0.5132856020738666,0.8922696436510429,0.8332702330442021,0.8933690360850239,0.7050027250930538,0.3976970909467179,1.2295593606393307
222,0.25540772427224545,0.003364016790018883,0.012463705908616058,0.12692081425209353,0.2298502626040263,0.9765991188408378,96.42438464316268,6.640091812340431,0.9027434938654086,0.8701105115641128,0.9906214893552866,0.5800705145753697,0.5222283602766997,0.9031662823422595,0.9395480788637686,0.9527840116055633,0.5660501672520728,0.34625531684512506,1.3298154605595225
223,0.20310727619026772,0.005981749302697629,0.010757941245336826,0.17115050425117762,0.5401027209770388,0.7311287171167455,96.41849892240717,6.323162749063369,0.9155543018825292,0.8751103223406711,0.9903354357799193,0.5272036839927623,0.47311399676665444,0.8909306570228733,0.8835326648491639,0.9165884421863681,0.6054244699044948,0.3166495851442339,1.2829270666430355
224,0.03638612403131783,0.0047026695561596735,0.00974104374170287,-0.037176577644974645,0.07985390568241096,1.0167551406381392,96.45622973749946,8.156433378737246,0.9002086334658876,0.9195908597586016,0.9980036208587644,0.5424031495455894,0.6207027307592755,0.9262199068589252,0.990566320435056,0.9182356619190215,0.7478592568353268,0.3096298779960546,1.219581237830793
225,0.4081857166604622,0.003912945033848609,-0.0012643273984858207,0.04495221158458572,0.4365819326600072,0.8493602074320998,96.52623496556373,5.435408492507008,0.9156126033436047,0.863407343298035,0.9880201058116057,0.6223371806474125,0.5888129059268216,0.948633467971122,0.8529280364946352,0.8991266586655641,0.6102287126808678,0.34490197908165476,1.2149610435247535
226,0.33510906376629324,0.004024673564209387,0.005856280484687658,0.24473371907861874,0.4508401788476384,0.7072035342978776,96.50818624232696,7.119297403159257,0.921498010059144,0.9136335261474948,0.9973660270428222,0.6294167816149976,0.39223342495632074,0.9281686602360686,0.9158777386972363,0.8732918779880303,0.6267365701708812,0.33209233861864057,1.285835339450974
227,0.43275608857789216,0.008763134731240812,0.005320778164129768,-0.03152360830582582,0.47650995319349765,0.5994550135956124,96.52600590239615,9.191934084731686,0.9068277592624719,0.9405856899643924,0.9889209210373979,0.6639582895141952,0.5034176569047597,0.9605397948333003,0.9563986101527535,0.8559527811234048,0.5799819893890732,0.4320580474179387,1.2136475330559626
228,0.08896275090179458,0.005747236878101136,0.00010250354157798937,0.12394673314510146,0.7787389841008849,1.4115502681937144,96.48300887194054,8.598544005927586,0.9024959423449095,0.8825466582095844,0.9948895878764578,0.5621619508481599,0.6239339108840498,0.8884918975071094,0.9136730477210844,0.8878679714895382,0.6387082001940956,0.44802603412802644,1.4815527514713134
229,-0.07251586094966958,-0.0031652254068023377,0.016851654373087836,0.02185635817137023,0.4502457927872778,1.343381035509902,96.33579061740909,6.714589843739389,0.8932041678558255,0.9041163600870629,0.9814725342507962,0.511751008506204,0.29098928288549863,0.8848217357603331,0.8659091299814945,0.8843004561968376,0.5948392897814372,0.2444212615722036,1.1277096253380074
230,0.20549766342225206,0.003301354492265326,0.0019691911915282988,-0.004376961957852338,0.6138026219706709,0.7350268374513439,96.52492799098236,7.8052891786760545,0.9129007683847141,0.8528422520699425,0.9905844645827394,0.5208815615791422,0.4743553629560109,0.923486447942681,0.974393559871348,0.9271253284619966,0.5943540408014911,0.3795168063181639,1.3530322736846507
231,0.2259621680174328,0.004937532462880128,0.008874587928583741,0.09088882791510514,0.20989857592623717,1.0653973123069276,96.24506454217253,5.846280541711947,0.9202208378312443,0.8499763227098484,0.9913294702009191,0.6225139422145698,0.38982495890480817,0.9246596006735146,0.8265353140213757,0.8808842845153738,0.662333704330239,0.37888056986398677,1.2765138956344293
232,0.13026871232062442,-0.0015609641337487588,0.00955929610575331,0.3218767063499149,0.02046018037592434,1.290542815506254,96.50741290941073,7.878672733828896,0.8879766755727143,0.8581465390421553,0.9883027536009447,0.6087632219051407,0.2814466418344498,0.8786596761296066,0.826635490252698,0.9342597353418572,0.6339772598257023,0.36292732534766814,1.37530793391172
233,0.052772002459959236,0.0054301435001508185,0.010334314117411028,0.11462055637724892,0.18555299580771517,1.3105549480522432,96.51499213136253,8.863581446922176,0.9072776720305156,0.8353476039433901,0.9935079925917896,0.5565229059223393,0.10639904172795878,0.9096003615229575,0.9492347260380208,0.8873344547446472,0.5829344261514326,0.39510082716908307,1.4034956651318282
234,0.4559998248667041,0.0006679266394626041,0.004754173307578295,0.07864241221891555,0.25136060189393494,1.1556824140283708,96.53240792425956,7.393243690633096,0.9393401287103461,0.8515798690549999,0.987423350547202,0.6116249264394893,0.374090252792681,0.9073446887307226,0.8129786374530805,0.9108165273690016,0.58901925940502,0.3933136807424946,1.2543959205801625
235,0.2138050271995165,0.008471058294342183,0.015416664196961864,0.2004447752079188,0.31098209867555454,1.000990169828028,96.05585556887898,9.222569563959325,0.9394505450693104,0.9076071937970882,0.9815608051901084,0.6688720952181991,0.408431438491993,0.9624680967206594,0.8705793752860644,0.8719684942120117,0.6532544389804001,0.37448645227035227,1.3251562531748138
236,0.2898204056740315,0.0045381892601217685,0.004905190853726126,0.3251808162753814,0.4523541235528977,1.2006456108914043,96.47673466676527,7.107523110955628,0.9144469409281416,0.890686188650314,0.9940321824869107,0.5845656823714193,0.25217755132592523,0.8839704659941843,0.9377861747179533,0.8645092122723402,0.6903883469137772,0.23443441133605697,1.3477526874277859
237,0.38522454309011755,0.00039047938994966804,0.0030167020987253703,0.051152809119283354,0.6502358481577302,0.9169131325341747,96.50365476315565,5.246264490551731,0.888030145679657,0.9345582815086048,1.0041210249476278,0.630177292704446,0.482809239594881,0.8914168898581476,0.9701062466367105,0.8949106790368319,0.634207592320695,0.3379942018130809,1.2006080236340844
238,0.15023533783208692,0.007923109435689002,0.009583988361115145,0.09096451504661918,0.3690718234242016,0.9426751923833325,96.46579808918007,4.906451765303052,0.9215382271695094,0.8929819243750259,0.9984987369372063,0.5964203296422887,0.10697748913384286,0.9606053519178807,0.9250308649753696,0.9001103763023305,0.6875078003594252,0.28946110442159084,1.2723336517601527
239,0.28580778496523007,0.010460224942007981,-0.00047973908003668894,0.11698867313030209,0.08197411247046973,1.2553710832816307,96.4958864731925,7.850307473338812,0.9222563072734974,0.8468571388221269,0.9973230187224226,0.5110191867390347,0.4511734125015492,0.9551697065551905,0.7606102899060669,0.8449561117922634,0.6286711948160189,0.35454731797636857,1.3649771550458465
240,0.002329069273760115,0.003202424647864862,0.008574133188572095,0.044699810044727145,0.562242037458337,1.0004872581026973,96.44145698115153,9.557310446642724,0.9073390981142075,0.8852387996616277,0.9803810465626543,0.6353021533873042,0.5517675089843728,0.8783673889977782,0.9600141259477756,0.8712179571751885,0.6724210368235624,0.23701949267372868,1.243180771139899
241,0.19728056047300765,0.0022476254570116113,-0.0047164309724803755,-0.023415572545073926,-0.02978654382113477,1.137260904124201,96.37184051719342,5.475773601714041,0.8890499237581034,0.9173154775953588,0.9986666510339203,0.5957950601446074,0.2517271232946411,0.8966440416461269,0.8851602251932054,0.9207221956195186,0.6095145384438494,0.21585276524720678,1.221365545136809
242,0.09433888538011513,-0.0015387728151110345,0.011774195617841678,0.009288456834919634,0.5851171001178312,1.2526543538168318,96.51656480803085,6.525190584473535,0.9387516944241538,0.9141667292529727,0.9878876475856992,0.6671796692527943,0.34236627212032544,0.9037271150787279,0.8392186324057376,0.8906078295298602,0.6209014670655957,0.24320270690148013,1.3471269533210253
243,0.1271952191277708,0.00013258713700874765,0.0006999330128299123,-0.015077971102400639,0.5983373464934947,1.1799996700090323,96.43876136355784,5.008480815991252,0.9166932118328415,0.8793771880240693,0.9951789797188126,0.5703270910525877,0.2866625091868641,0.9340912845084647,0.7252894414878349,0.9310279319927354,0.6282828308919387,0.2207815897408986,1.2182488637208453
244,0.14198832993817265,-0.0016943901723763997,0.01643060791057882,0.1173814318703654,0.20105950944340484,0.9754521155136642,96.4351117356288,8.288744526690202,0.905102758638027,0.8461356599399376,0.9919454004803212,0.5945489571786444,0.2355906590195024,0.9356894153912246,0.7994434446348957,0.8310318953437246,0.7130078525858755,0.19789390418111927,1.2062473819058788
245,0.1301344054303354,0.0027774969559628366,0.002479890223888775,0.279251681278202,0.3566650402720822,0.640861509683647,96.50274997762799,6.647225566904905,0.9141354347611619,0.9142742520908587,0.9819034344875247,0.49683573355885063,0.46719642176625953,0.9116925941216706,0.9478004132273328,0.8860524791692851,0.6446741223396134,0.3801162076025801,1.3015393111837374
246,0.1621719810688629,0.007827298752775777,0.010693134025001352,0.13153703226280947,0.3129918518079046,1.4138109637756235,96.52148337318988,6.329410513102116,0.9053782129553022,0.9182006335281703,0.9883370496097822,0.4750058076887355,0.4746870577248966,0.9071299971832818,0.9887324500288578,0.9292442510914027,0.6513303291403402,0.20219389925884312,1.3454259201910728
247,-0.017490884937596457,0.006339036121217145,0.012218870591397726,0.17651445135165955,0.4100091463363338,0.6584362107986359,96.5229296316021,8.161812825889816,0.9049623338298468,0.8600109271689536,0.9927019509057873,0.5457410355915341,0.23701192428669546,0.8771532184174401,0.9709054191942198,0.9244878178209027,0.7377065016724498,0.25618488838144576,1.3567710994609103
248,0.27098672282509084,0.0018683775627266754,0.009373169117677797,0.10056491691264785,-0.027999858284134538,0.5602597279172452,96.49148672631905,6.10227707213184,0.8789090644623828,0.8671531452453584,1.001171401745314,0.5746993247863119,0.37676964116767186,0.9476649589316959,0.8095397745899571,0.9273519698991626,0.6892404893402151,0.3820724095189626,1.4601994527725908
249,0.2386714933233368,0.0015647465102266818,-0.005114259587138723,0.1890559923609746,0.4876499990238552,1.1466121086840786,96.50855486901179,6.932518656437547,0.9175286412396415,0.8768433497621447,0.9977155359547393,0.6030267370044201,0.3505594476078279,0.8998686536598962,0.7471931142972666,0.9257201101336213,0.6732340094836614,0.26390057818535734,1.3755280139609054
