,AS%,SrAc%,HAc%,MAc%,SlAc%,N%,MAl%,SlAl%,Zn %,Fe %,Cu %,Mn %,B %,S %,N,OC,P,K,moong
0,1.2999999999999998,0.0,0.02,0.17,1.07,1.63,83.05,12.76,0.86,0.8,0.98,0.35,0.010000000000000009,0.96,1.0,0.91,0.82,0.57,0.666666667
1,0.9,0.01,0.04,1.29,1.7,0.4,83.11,12.55,0.94,0.87,0.99,0.67,0.44,0.95,0.56,0.61,0.84,0.75,0.733333333
2,0.03,0.0,0.0,0.010000000000000009,0.030000000000000027,1.7800000000000002,89.27,8.88,0.97,0.83,1.0,0.87,0.0,0.96,0.94,0.9,0.64,0.13,0.644444444
3,0.0,0.0,0.0,0.010000000000000009,0.0,0.020000000000000018,99.65,0.3200000000000003,0.99,0.92,1.0,0.58,0.0,1.0,1.0,0.93,0.55,0.12,0.7
4,0.53,0.02,0.01,0.010000000000000009,0.0,0.63,96.78,2.04,0.79,0.72,0.99,0.65,0.10999999999999999,0.93,1.0,0.81,0.55,0.32,0.7021942321400002
5,0.0,0.0,0.0,0.0,0.0,0.4,95.96,3.63,0.84,0.81,1.0,0.53,0.0,0.99,1.0,0.92,0.62,0.24,0.788235294
6,0.03,0.0,0.0,0.0,0.0,0.99,93.21,5.77,0.97,0.97,1.0,0.61,1.0,0.95,1.0,0.91,0.58,0.11000000000000001,0.833333333
7,0.01999999999999999,0.01,0.01,0.28,0.15,2.72,90.04,6.78,0.94,0.97,1.0,0.55,0.7,0.95,0.48,0.98,0.59,0.38,0.7440279018800001
8,0.0,0.0,0.0,0.0,0.0,0.51,98.65,0.8399999999999999,0.84,0.93,1.0,0.51,0.0,0.86,1.0,0.91,0.56,0.49,0.7137624990900002
9,0.0,0.0,0.0,0.0,0.010000000000000009,0.22999999999999998,90.49,9.27,0.97,0.97,1.0,0.78,0.0,0.85,1.0,0.96,0.82,0.47,0.74649084135
10,0.2,0.0,0.01,0.11,0.17,0.20999999999999996,86.67,12.64,0.88,0.93,0.98,0.47,0.0,0.78,1.0,0.79,0.64,0.13,0.7041519726100005
11,0.0,0.0,0.0,0.030000000000000013,2.21,0.59,90.74,6.42,0.89,0.87,1.0,0.31,1.0,0.83,1.0,0.9,0.81,0.79,0.775
12,0.010000000000000009,0.0,0.0,0.13,0.3,0.74,95.03,3.79,0.94,0.89,1.0,0.72,0.33,0.95,0.6,0.93,0.69,0.09000000000000002,0.475
13,0.5,0.0,0.0,0.24,0.37,0.57,87.17,11.15,0.91,0.89,0.99,0.35,0.02999999999999997,0.9,1.0,0.98,0.78,0.39,0.9
14,0.04000000000000001,0.03,0.06,0.7,0.16,0.31000000000000005,92.87,5.84,0.89,0.88,1.0,0.47,1.0,0.96,1.0,0.87,0.61,0.08000000000000002,0.65
15,0.03,0.0,0.0,0.010000000000000009,0.010000000000000009,1.36,86.55,12.05,0.94,0.9,1.0,0.7,1.0,0.91,0.94,0.97,0.91,0.24,0.73082321764
16,0.03,0.0,0.0,0.0,0.0,1.0,94.25,4.71,0.91,0.99,1.0,0.65,0.67,0.99,1.0,0.98,0.61,0.22,0.7607202979099995
17,0.08,0.01,0.01,0.030000000000000013,0.0,0.17000000000000015,93.88,5.82,0.92,0.91,1.0,0.61,0.59,0.95,1.0,0.93,0.59,0.34,0.7
18,0.010000000000000009,0.0,0.0,0.0,0.0,1.5,96.66,1.83,0.96,0.68,0.92,0.87,1.0,0.7,1.0,0.92,0.65,0.51,0.7004752595400001
19,0.0,0.0,0.0,0.09,0.12,2.32,95.76,1.71,0.86,0.91,1.0,0.63,0.10999999999999999,0.83,0.07999999999999996,0.93,0.32,0.36,0.69940729795
20,0.01999999999999999,0.0,0.0,0.0,0.010000000000000009,1.44,91.96,6.57,0.96,0.91,1.0,0.67,0.010000000000000009,0.96,1.0,0.95,0.55,0.06,0.766666667
21,0.0,0.0,0.0,0.0,0.0,1.12,88.83,10.05,0.91,0.97,1.0,0.52,1.0,0.82,1.0,0.93,0.59,0.3,0.45
0,0.18831849515055007,0.0030706138976967527,0.015250020870965258,0.17541832791861853,0.5930930013369428,1.1579216667568948,96.39417067995336,7.775114621912682,0.9332236069062855,0.9404688922358545,0.9891086095768725,0.5293479441869264,0.19951795653540275,0.8992028628707122,0.8621665994018372,0.8782720619666967,0.6456408084512317,0.3492544891226821,0.7145820962669014
1,0.07831353608737622,0.004701494929262849,0.011266587413987738,0.10349743292969739,0.5288568721945358,0.9869357317835974,96.43440412901829,8.832400272312514,0.9283376141492476,0.9164442897000153,0.9825608825652483,0.6236210232999702,0.3774415075071717,0.9549489056531142,0.9134345985316713,0.8908963968872536,0.7280035862871209,0.31552230346744337,0.7538178227278374
2,-0.07202746485283201,0.004488228027468386,0.01749329300379034,0.06566139805127383,0.5692267693897842,1.0962506247967727,96.51848765208113,6.8946733919348215,0.9139892395289347,0.873477813591002,0.9873564119609183,0.5384265419276466,0.4318752946424003,0.9011234586098016,0.8424705665646298,0.8636997642981273,0.5822372141926482,0.3038095781685614,0.7298275604163227
3,0.30039150134541726,0.00279989181071149,0.0068729562618546364,0.13169516382285334,0.04177310294954559,0.5575468932189542,96.46022449845512,8.648898876867362,0.9033835789314997,0.899099738126771,0.9995218979732049,0.5448397217554566,0.4400098934631096,0.9175571542521934,0.9002099448597743,0.9436205809663849,0.6211816225313614,0.4582958394744297,0.7583626084398036
4,0.09711722362900194,0.003516818679616279,0.00768983701630085,0.0534034338068099,0.4104098646039082,1.0889226973437613,96.48263129529067,5.772391739969269,0.8872059727301856,0.8317876529802566,1.0022250138686557,0.6647858011081783,0.4234228012473269,0.8900776676885944,0.8536491117482554,0.8804661752226421,0.6523199328918509,0.4767243630189669,0.7315305851339657
5,0.07534134323780273,0.004534696145149796,0.006141554367669275,0.21611813702635255,0.27499715577691036,0.7450034116868371,96.52192695583187,8.707364820578201,0.925472328825663,0.857926430456485,0.9917100612938483,0.5246346609372697,0.07232868298206002,0.9257461913657474,0.9564517386923288,0.9201270489708969,0.7109632450526621,0.2480653931071622,0.7429429440063083
6,0.18066504256351262,0.005760442959823368,0.014651419110060286,0.215641790938834,0.4392440760302228,1.1212673483858624,96.34408052252186,5.828788437309726,0.9068928317387759,0.9189041314953362,0.9989900845110525,0.5360503673395401,0.6515218410601423,0.9041646433512929,0.942702827019575,0.8921357022327795,0.7246407997410983,0.32230151510176724,0.7359585789255121
7,0.2793438878742168,0.003691005920147404,0.006370678086380782,0.37461130535794546,0.10165147632397661,1.245458945794251,96.44889496146764,9.72107113604213,0.9089852644578039,0.8816889930360736,0.9930107494018648,0.5161118126091715,0.697676501356148,0.8915059256614268,0.9808268100412398,0.9449193088827517,0.5815488783523124,0.4378262987380157,0.7195193036538635
8,-0.012895432804277185,0.0006086124519083494,0.007246000555482748,0.24814241453096914,0.44858212157225597,0.7541252577745837,96.51532943316975,9.899018936540804,0.891677870865453,0.8822838387287587,0.9929593076948547,0.544375874889864,0.43539334953513786,0.9280374671663459,0.8476757507932173,0.9024335192510754,0.6431486412033207,0.2822785588514477,0.6930934769757247
9,0.10285198835496488,0.004426756651265621,0.015494045264052448,0.23627574969363524,0.4619699439421533,1.2374640071203773,96.50827853884137,4.90784809636269,0.9085702377307913,0.9173893354008066,0.9979980827272189,0.683310037329941,0.4262763058382678,0.8896871191892479,0.7684344623085702,0.9098569920264009,0.6988312226560637,0.4230065342143224,0.7005214021420189
10,0.10290248961914755,0.007019030267169728,-0.0008768612454519579,0.1621054799088202,0.30830819228236733,1.1726717317372248,96.51402078046993,6.674056914431238,0.9249770431554931,0.9077303889010081,0.9991349542021641,0.49278528754339773,0.5978389940892848,0.9317301364587274,0.7897346755083436,0.9196798374801867,0.7289374603343087,0.27628152068535117,0.7033976629312656
11,0.044692563818718445,0.0036089044402955,0.005687090979032776,0.02807344076327696,-0.09042260742716379,0.8631029505585431,96.52924215381518,7.790524037381847,0.9296774467554522,0.862730563083854,1.0029841382939837,0.6050813622740269,0.40187753693532396,0.8522059583676809,0.9110936424245416,0.9149744457373258,0.5577231375583938,0.3909704313890219,0.7235468252063715
12,0.340804323471081,0.0015200466860407916,0.006151361099775555,0.11428815051261541,0.14094638964633385,1.0993188893952954,96.41969653960328,4.407904536948825,0.9213281130814762,0.9041420159563237,0.9877958352988739,0.4700869989790979,0.14846335016250412,0.8677761813437729,0.9308613224210371,0.9347988020915197,0.723943286089558,0.27712377906305175,0.6591259165601699
13,0.07185839526394304,0.005992392711837066,0.01561382775843959,0.11134006602555409,0.08521949262027875,0.6310908604084622,96.51786898574817,6.130301121627951,0.9107715667691639,0.8710591529738534,0.9925163844727504,0.5143733156054378,0.7496701916201778,0.9044987518420252,0.9853259490363111,0.8837813017338289,0.6965079780449677,0.2782429419071385,0.7164220128812595
14,0.11669077036163172,0.00623479433727425,0.005809130424978994,0.27419895719425125,0.3139031725700743,1.1815980605462757,96.34318664476409,7.9319057664307175,0.9027957536671635,0.9138330180710411,1.0028158923595039,0.5467074517728273,0.5859730322523153,0.92273420418332,0.8391719540107632,0.9360004317242335,0.7347706500723794,0.3470871991186676,0.7308566360274155
15,0.11692675177291434,0.0041050092966054535,0.0026211506748089596,0.2197263917532126,0.34790581788339275,0.8625037461407032,96.51068552006271,5.791251292087007,0.9408917554381917,0.8687299110252067,0.9940487429709949,0.5462161267913783,0.48513658436275564,0.8834573315481844,0.9987754506616325,0.8690903172863125,0.6871069459582884,0.24036583001935163,0.7363290634743372
16,-0.024382474791363185,0.009161649024363595,0.003708844840088318,0.20841210244757463,0.45392367285874,0.8710731682838879,96.50606090531777,6.838197946608976,0.9306822786482224,0.8839017261335906,0.985459405892052,0.6201214389368928,0.4847460582038601,0.8933364546685706,0.7549006893109867,0.951464971841181,0.6331433691395904,0.2383934513815468,0.6872713228644618
17,0.38041195588422577,0.0033127057188194276,0.009020190871442102,0.058243311479975815,0.3948962342174585,1.2952064738355684,96.52616672208035,3.8697527335640203,0.9292668809007255,0.9144325249118139,1.0003041536891024,0.6458344112482306,0.5642383965443786,0.8826811472697765,0.8381747093085449,0.8690603818567133,0.609780421063514,0.5052484983733556,0.6904898023814082
18,0.29675530850720006,0.005903990743361626,0.004532083439853144,0.17554724016517073,0.2747502519410014,0.8791069843006676,96.52162125858868,7.170691045101987,0.9148641143217725,0.9163650774407003,0.9939861443804118,0.5422244559234111,0.4891335140662557,0.891763851598516,0.8957578347330709,0.9316976382533064,0.5631801084906284,0.31668644023799014,0.6465254827026212
19,0.3358511574437033,0.0013880484591138587,0.0053597714939415415,0.10037182554583005,0.25092489810503416,0.7407498073580275,96.51790031062578,4.72954594506779,0.9198698044433334,0.8688258005476518,0.9934124143028913,0.5783690859114804,0.36554004241275406,0.8969019965907757,1.0720622947909717,0.9405879540834946,0.640086037956965,0.29088983145750097,0.6972015695189138
20,0.1368427882029757,0.007347111418535024,0.005319425417851886,0.24809390522328012,0.2146990237246758,0.698221510327764,96.50429132941869,7.904572918974754,0.9052624926118382,0.8590808331702408,1.0017892491205782,0.6535301682890521,0.43706740180008796,0.9105070299263327,0.8601915088341785,0.9026734942214341,0.6842531786056602,0.332955310138,0.698811404038138
21,0.05176657930763859,0.006439138004193947,0.006301868369765572,0.12936509332068682,0.32960782301669556,0.8468658907724929,96.52518753996834,7.876909941556208,0.9085768549428508,0.8851063939607968,0.9875800617171986,0.6460687525744452,0.25917443051169364,0.9297202397872646,0.8003005286629962,0.8731228903317737,0.6538279075368669,0.23678440515723245,0.7213756797213025
22,0.01350763609936581,0.0005332869138289899,0.010702445632069948,0.04880331912964225,-0.013404403960866784,0.5551970074840145,96.52860418912009,9.416075859158248,0.9260948505371869,0.861684297109512,1.0080712300859749,0.5164773619386003,0.3458489382198452,0.9525725878100353,0.8040221509501353,0.892371997705901,0.6738473111599025,0.2610119707984024,0.7156233373053069
23,-0.023597241223561577,0.005183343259349894,0.009369860520086407,0.08552813053286812,0.6056909086859976,0.8240682753140447,96.51386079984495,6.6130202234742566,0.8908332852367973,0.9103258104932356,0.9877490775781034,0.6194702912004955,0.148839850422762,0.8946643940577617,0.7565300983797696,0.9184009268328327,0.6895567149536925,0.30170487138674956,0.7444163440806051
24,0.2533986495845332,-0.0014489472703684103,0.0053649943338001105,0.031723754906590115,0.513020338075596,1.1639404009046688,96.51808714114587,8.177965942056055,0.8866579056817288,0.8782061264168238,0.9997534322785447,0.5108988163216467,0.5618355634227327,0.8889129248294252,0.8540827593798218,0.894727854132068,0.6941176782492409,0.218323221887258,0.6992958888032158
25,0.3261331564138646,0.0027443791012198094,0.013346558060417443,0.22635349284999826,0.17720667790365494,0.984601073503824,96.51022431717705,6.6887448442491895,0.9089865006870479,0.8833638515100667,0.9994920299572673,0.6503877836141132,0.30857063397574286,0.893211668788601,0.9259854505222452,0.935845660168873,0.5549756136915253,0.37024862943359704,0.761367451363519
26,0.19444070435351768,0.004528633769142883,0.0039010042353368147,0.21060571406019613,0.07147767615467082,0.5064289483066546,96.48511686839247,6.790716589958788,0.9408651596781563,0.8659625934497386,1.0022705845104787,0.6342325044556177,0.4931113492015414,0.9414677351769819,0.9307736807675496,0.8821236605150429,0.6885966571510097,0.3872216824713566,0.6844841124450975
27,0.023667808278584557,0.0003245141599543793,0.013965494885898187,0.09291023373748764,0.2299787718020585,1.3076015898844986,96.43144532651532,5.041413156873453,0.9455719715500209,0.9192369964886753,0.9883138680724848,0.543739128307443,0.4970978449261929,0.9290427902797467,0.7744365961432202,0.9285134460513503,0.6113908371460686,0.29644562735694324,0.7366693283028289
28,0.30414610743009507,0.005488107878571733,9.158885554518166e-05,0.06942590049250082,0.6855147249637341,0.819153750746439,96.45183194843085,6.830801706328884,0.8874647458846546,0.9263728882979833,0.9957415906305187,0.5600909098900136,0.3880558191079561,0.9203520593016787,0.7839991380894487,0.9650447858865187,0.5548822556621538,0.343135917711302,0.7056771701538128
29,-0.008231193061921965,0.003942256675079081,0.007416643720659662,-0.0008789949661894281,0.7069387149352684,0.5089121648817142,96.49967454589316,8.413647490464477,0.8987212419060255,0.8949933709536515,0.9824209297258272,0.5639384697908244,0.5377135327546849,0.9112017165959613,0.7827118053942518,0.9205324295542658,0.616435989527276,0.21719903350838626,0.7111313630438073
30,-0.020676903805133706,0.005293434294637883,0.011254620742718437,0.28696027419372705,0.6134636767451851,1.1123853441834304,96.51576434553313,4.5497095250656425,0.9152527275309951,0.8819208309333697,0.9874247333790271,0.5141785825370135,0.34017173165431003,0.9267377045601982,0.721958284207708,0.899117895724536,0.7111565785038263,0.41921543704022896,0.6804147153300807
31,0.135189836517683,0.006271611784373457,0.011916578608468217,0.07898933709500083,0.3207456935641681,0.8601931975474931,96.50134427374483,6.819191162098718,0.9121496500299984,0.870737666491267,0.9877849673503428,0.5729632321177156,0.437684254373483,0.9586978658552539,0.9012322605103649,0.916838027947474,0.6093554074240597,0.26172080872836007,0.7681114861074502
32,0.010664017839328355,0.0004555589437350918,0.006989497490680517,0.1840149789734019,0.10089334295721303,1.188237728663365,96.49037749002764,9.22602442367046,0.9282553675661448,0.865097061033336,1.0012251448080753,0.5399350543327457,0.3762504249705174,0.9192375099632504,0.8927913705647971,0.932829788063337,0.5600119931649636,0.3267665332089268,0.6967097295458814
33,0.13076840756623753,0.0069681591810401245,0.009063280883228149,0.2657754532895311,0.5274463375115275,1.271312946813373,96.48530090204848,7.00867770719382,0.9130314537765072,0.8849219755122671,0.9910481245084285,0.6270449343781958,0.3893565519285117,0.8879598362086552,0.8611221349084052,0.9244034896645587,0.6891172915155045,0.369135929777281,0.6907080766399525
34,0.17185743722844632,0.00658180317044655,0.006293768173899017,0.13820440464279357,0.14894613153735617,0.6880805553080465,96.5267039996688,7.586981294793329,0.9237237040344828,0.8962342259352828,0.989200418984979,0.5994200795078987,0.17676633677286693,0.8691585006246989,0.902329883122968,0.8848517266224878,0.6874871145574414,0.30372699125519514,0.7018923014421892
35,-0.06231489067255164,0.0033917783214056944,0.014099927835042741,0.17732861499677244,0.4117690044704069,0.7926826131553473,96.49402460077901,6.777735979135467,0.8969439613596629,0.9056188082278865,0.9914269067191517,0.5408085510959456,0.45862330564290227,0.9463585071823163,0.8453875126967264,0.9000308593276908,0.7665135074368817,0.3362035878299975,0.7014493295089894
36,0.1952780097137278,0.006248906095864646,0.002480503957322103,0.13137817103629892,0.2356758947454428,0.8746582467604151,96.50506969669026,3.899448444446229,0.9449086066815224,0.9381831353738169,1.0018551168234726,0.6850517521656633,0.3634850612503556,0.9160494387722448,0.7140698756792072,0.9547614310404453,0.6075238267336132,0.25831783410576364,0.7241338246967538
37,0.09789408783407005,0.0073751546944892605,0.006348517255295307,0.26804107667664956,0.39966552961375346,0.9543400860300044,96.53082266170291,7.256758869178503,0.8965763102648444,0.8856521275312458,0.9933242448384163,0.652995777688196,0.4056684753590907,0.8846429122778312,0.7819512333129921,0.9301202089779316,0.6874553137591892,0.3635051680879632,0.6468534558089246
38,0.21646182641805076,0.004005775912802565,0.005566425536159847,-0.01673449414621353,0.5667889410404097,1.4501690418785482,96.52769716610118,6.468067670850293,0.923214167871964,0.8800303620653073,0.9897090961842294,0.5966037373092403,0.5051961730954597,0.9225621081340286,0.8558540501173909,0.9310623527422573,0.5832976165937857,0.3128300169716906,0.6748182956862887
39,0.06713664924334112,0.008923047288701415,0.012648963855577245,0.09745388033754318,0.3923071992868683,0.9460657404581985,96.47916737913609,7.428477555680335,0.9086478295915765,0.85811249476553,0.9983431783015319,0.6368543144178869,0.5251155286365432,0.8807383183965954,0.788579837890179,0.9046008462117687,0.6990288552289988,0.31684406599588094,0.6765352657078624
40,0.21185378715008513,0.00387236809536289,0.009243869006215514,0.03198492145227626,0.4261981767541243,0.9767064872756042,96.45994900734391,7.314455377556523,0.9063130847198717,0.9082940168714003,1.0055784051214163,0.6154842650967887,0.5103481403882875,0.8796025355245773,0.7705574239650016,0.917080861365198,0.6118170853440371,0.21917262477523125,0.6653072371434473
41,0.03272172786612762,0.005833689135345188,0.015313240389592774,0.20421187652291894,0.5891771399561314,0.9869317721043144,96.38874392459225,3.888474469138318,0.9386774293549303,0.8950636425312546,0.9895076703986968,0.4860309678111164,0.5090681078595143,0.9756728854900151,0.7340498636731844,0.8930587133423773,0.557107144465199,0.29940163254093677,0.6435689490373415
42,0.13624203442961155,-0.00023536167949732853,0.01614721955057697,0.03771853244832982,0.6331665651842322,0.8540344411343629,96.52935682524217,7.973422939590079,0.8861318624731986,0.881127397577497,0.9881715227560489,0.499995906698265,0.5596947663310833,0.9402595331920965,1.074999200875816,0.8528250391455727,0.6328991428992622,0.287724407113472,0.7831454401168936
43,0.04874482191087935,0.005815449711485541,0.015581114002581428,0.1578250796290864,0.353935553650746,0.9700094822451812,96.47682220861076,8.816142279936592,0.9313368339807502,0.8785832972048958,1.003014228756373,0.567647534112464,0.4679812336697544,0.9343677427951985,0.9478496049916041,0.9086119119228376,0.6354276368329684,0.3629891788047139,0.7641172138837433
44,-0.09638139405373064,0.004151800307267466,0.01801001765924016,0.32862808495995544,0.4582322228979246,1.1550640332948774,96.52265274205887,9.264278808329491,0.9414536775404101,0.9475325759519289,0.9933728732193523,0.5595100889563862,0.35850829194106243,0.9606138499725261,1.027817916917694,0.9346383270413524,0.6904663225822415,0.27286454144747396,0.7317052582895504
45,0.29142514443367484,0.0019943784157861674,0.0019661229766338986,0.1178347011298482,0.14265572150882203,0.851290064236756,96.51639224151754,4.0780485119949645,0.9249553211180108,0.8792850607224746,0.9947766671224152,0.5995561673623621,0.5756285096179123,0.926032731519878,1.0422664702896356,0.8828014700749423,0.7166008545224658,0.4528887265843736,0.7390774514363814
46,0.218319020590075,0.0047684940756412796,0.0021680905738734636,0.249192773913799,0.49840106080582414,1.1273749264851995,96.52982613903364,7.75639179640087,0.922672766788269,0.9130552475000978,0.996875651952523,0.5917463309464671,0.2038819391697335,0.9184213451456676,0.9013756247443497,0.8831138320423447,0.581432123255796,0.3779691291243457,0.7006690078092507
47,0.19472899173645805,-0.0013810038576163894,0.013139780095604639,0.33922028371869584,0.3285429470569323,1.1635261059361885,96.5076646271773,4.153885395387716,0.9412897755974546,0.8733976484806667,0.9907430456114399,0.6493721327956261,0.5977037005934605,0.9150892723069449,1.076089006407949,0.8942626124348999,0.6557452759021953,0.3433674861033157,0.7181617034977957
48,0.16648080448286448,0.004883295854213409,0.007756468504994225,0.21207388856922427,0.5973346911423373,1.4863257172778317,96.47386508422623,6.250118043373221,0.9128395463320497,0.8853336844832613,1.0049163071277443,0.6530177195060386,0.4033426202383817,0.920707161723559,0.8721289535073704,0.9350531107166509,0.6598749262333952,0.2953707270354885,0.7111185435632364
49,0.14135344453923263,0.0031375613364909337,0.002592201180826697,0.053200703636050145,0.3943351276080366,1.117358755456876,96.52435882914348,5.993334850552578,0.9216681848498312,0.9291885251383087,0.9974167259913157,0.5948438341809896,0.414844158597472,0.8632126981519209,0.9417653510280275,0.8687734919261351,0.6203629157240804,0.26087773776418927,0.6854750734375911
50,0.1856723714512689,0.0004169160247878153,0.011965165763228026,0.2359275276327204,0.15653241059344059,1.090548416159335,96.50774126125292,9.339507748797752,0.9160915961314211,0.8758947569430656,0.9901420615091361,0.5547789223342882,0.484136482976034,0.9350535232738189,0.9852639860574381,0.9427145463419704,0.6701965033034335,0.29785996067366666,0.7251262057723246
51,0.07000986572414047,0.0033336940272731827,0.013549524274768864,0.16225788336189537,0.43261363952639875,0.4593824624761461,96.42822250004384,6.37041169167671,0.9153571409232597,0.9390598389018073,0.9905747685344568,0.6622766107460777,0.4182543809305282,0.920680814737372,0.9293804100942971,0.8889001164506427,0.5847164538067298,0.24187835972300076,0.7245910929161546
52,0.007292793730766328,0.0029770868193575847,0.01490231397078616,0.28029788786793164,0.3885425001737561,0.9657113423432336,96.49084372726863,5.309611779971231,0.9243587861446663,0.9187071805078438,0.99903758180085,0.5417004961599557,0.4086680471900078,0.8530798749157207,0.8144049404677495,0.9104533394909146,0.6631119297256644,0.3245454617005818,0.7747565232915057
53,0.25793962958813926,0.007212641816147885,0.005287453162335613,0.13335074156574225,0.2024797487865404,1.288103717980692,96.51444898035953,7.494525710259597,0.8661482565979451,0.9076776549967848,0.9826466024363106,0.5490682603093036,0.31368158760634746,0.8698930022003375,0.8818020173726618,0.910652548847868,0.7280672990335879,0.32016397767789284,0.6312390388031802
54,-0.036849872569395314,0.0031302993327643218,0.01728234237526649,0.2534458375996896,0.05144699177090517,1.0351387414816322,96.48309193880351,8.309997218276242,0.9441816651934514,0.9305732309955408,0.9866166325258479,0.6530695256971671,0.6627335576003832,0.9189159924938158,0.8618876189952808,0.8923819416674791,0.648681458587547,0.3991162607156053,0.6871580613263766
55,0.16682001407991515,0.0023928875322679812,0.007453711303529081,0.06337946076327802,0.20809038947100064,1.1290289472707307,96.47166227408222,8.306395338104883,0.9039738720112093,0.8604749442833142,0.9925420334646019,0.6560209555446121,0.6337110520629421,0.884710627524842,1.0114030984538778,0.8841281672866453,0.6150470516542939,0.2338096511031052,0.7704945881701968
56,0.13896829324980997,0.004355821728286682,0.012242769561245884,0.30444063249620346,0.21848182934065558,0.6333237300474316,96.46785686082431,7.3777811104340785,0.9097517207851674,0.9215992350518803,0.9911890811047508,0.5985703340281063,0.5129802501996636,0.8975989438195199,1.0314682470006953,0.9350667615844008,0.6603531082590174,0.33392052613130646,0.749007383087917
57,0.217496257252157,0.005845797063275857,0.009902869916042598,0.14421466113527948,0.02516285483141878,0.8381070477420768,96.50557732751953,7.637758879832297,0.9365275945848041,0.8748662087830922,0.9863461402574436,0.586959658982282,0.28422800010470867,0.9185229087337647,0.9941726575918467,0.8923133754759589,0.6713673192987522,0.37617558201663814,0.7263487871609069
58,0.11227351845527314,0.008701388228335499,0.008458977213091539,0.3418809359193293,0.11691610019815643,1.0949653843055587,96.53031670899207,6.222007525500998,0.9059092111408896,0.8868961041665926,0.9919299507891367,0.5685710564125742,0.6200565076316987,0.9206977586330557,0.9263349450999332,0.9463621249607462,0.675266795424415,0.4676970648921628,0.6672399246866083
59,0.19965549187454254,0.004092543356891226,0.011038670922960028,0.31429853455912915,0.39653015333746006,0.5747931789669618,96.52611777695907,9.354932060079609,0.9375847822370293,0.8748860302175613,0.9932863792591722,0.5402908055445467,0.6183318186483222,0.9051885034555478,1.0192666529510426,0.9581728420944625,0.654411491980451,0.3271251807488833,0.7466073310780381
60,0.21869090741956532,0.0070065536212207645,0.008375862012372023,0.12429861479863444,0.557618879176963,1.0187325081847938,96.53166200061126,5.925468316887411,0.8977662507523394,0.8967054712068229,0.9857035704452249,0.5408140467191169,0.33718834240546763,0.9420527898058249,0.9492848392515209,0.8682596974326159,0.5854149122329528,0.46895448619882285,0.7103689161074551
61,0.16804954947826867,0.0022926587039364434,0.009108930982043937,0.14662787983378706,0.0031015833154909855,0.7861172809845793,96.33031016225776,6.562842108798637,0.9318989170442724,0.8360674283728129,0.9874078211678473,0.6106567827072444,0.342632338580965,0.9300334866213206,0.9421321917978106,0.9089648522092568,0.7222873580669259,0.31780003959942194,0.7135929819698262
62,-0.02374994645747522,0.005684932474480205,0.009588400729114816,0.0791859146460481,-0.006923109028386609,1.0096160119915976,96.53189134346526,7.491633984930711,0.931996996647927,0.9222127786681301,0.9972286166354947,0.5423971070717573,0.4184313297331342,0.8935001141592428,1.0054113694661602,0.9161938570688212,0.6916618873076442,0.3340220228694343,0.7047417833121881
63,0.2033271705052986,0.005409291049109834,0.013591696400038374,-0.007288457274903293,0.20964601546993894,1.00566654565187,96.43689110055213,8.46240911496708,0.8816049341445061,0.8886059659902061,1.0023290696081895,0.5861638895834826,0.7209423653765971,0.9071027280467767,0.9313061027368648,0.9329850079070549,0.6670302507320541,0.27167083629607597,0.739254634335481
64,0.03298412062404127,-0.00038917309496919834,0.007743022536020135,0.06560059251238788,0.4996284388621749,1.0841714067680193,96.51803931477022,7.577334318408748,0.9243326330282162,0.8880138144126725,0.9991070798298383,0.5626345789603163,0.522843126699194,0.8950987196056769,0.7076260987585938,0.8688967882788431,0.636649403177253,0.25665488214514875,0.7238575664048903
65,0.022126857910091335,0.003071944765030174,0.007322370359505567,0.3283551536685234,0.3416070326002283,1.3250381998891916,96.40420750636623,4.303203443892899,0.9550986117968522,0.9188020816251261,0.9975698756627678,0.66404437555874,0.7532386123864026,0.9542381229787676,0.8549165490280046,0.9653733179073312,0.6099950953075136,0.3378827321386976,0.7342895216552068
66,0.4056192749961597,0.003998117278374238,0.01743755678169035,0.18128994496737322,0.4171304436631244,1.4131675483485213,96.26557730265776,4.845798922522398,0.9399078887552352,0.8814606270007971,0.9950220878437867,0.6865305719357004,0.419039060635898,0.9229285235041329,0.8725416605777686,0.863321657432236,0.6260344418110688,0.3207575523657177,0.7120070502243412
67,0.13136923261154712,0.0029677000986394657,0.005096891192648292,0.29591360603550143,0.6023275127788785,1.0416195464003832,96.49481499456608,6.3950986855413285,0.9205535448461002,0.853532293979293,1.001985867707436,0.6386446718458726,0.5374952317336817,0.8892114532277661,0.7473696740086208,0.905507946472731,0.5751820973398111,0.3837848354942828,0.6648657043844106
68,0.07567455994604996,0.008528698309145856,0.002794851709152722,0.08188766688685448,0.2743901536583843,0.8745338414268758,96.50251392230021,8.020041141419261,0.9052187513775435,0.8828323443371883,0.9974046696553285,0.6263206419763251,0.2841496356356306,0.8985822821035386,1.0016365397605234,0.8964085621013697,0.5716055535369811,0.39549430654061823,0.7565019412836869
69,0.3037941767453221,0.007605015201267199,0.017642258816909215,0.23361299857588172,0.23747309144857173,1.1046940891092127,96.50489433331286,5.135205913080645,0.9349236105497986,0.9309711956238804,1.0020897046643418,0.587380844152251,0.6106026779259546,0.9244166890492479,0.9106219787378317,0.8876107794444567,0.7111800351155941,0.3262816937248131,0.7144520668812718
70,0.2240979331953718,0.0015731409041658275,0.016193818968830164,0.13043196928952372,-0.07019072195279624,1.0692310499873916,96.49811837072286,9.06206875656021,0.8741987454913421,0.9024445758612619,0.9949856545170996,0.5927085264066853,0.4018515043838008,0.8692587020177996,1.0202967973346713,0.8918527470070764,0.6811092185486717,0.24912696857317185,0.7099925755516179
71,0.045196324110647085,0.0019606941306350113,0.008557383286064117,-0.0031154677275544995,0.5135794505767727,0.7949415777299195,96.43361569303607,6.547213585613109,0.9271674115416253,0.8950793373149122,0.9964178914375872,0.6125571576753323,0.45733141397500515,0.9062423802923482,0.8503186966470792,0.893147108984659,0.6063279801636623,0.2971316534844161,0.716525987340358
72,0.038067032137201195,0.0008027237820421268,0.015098339615301281,0.3284335612848883,0.24475212273756775,0.6415798777284343,96.43752403089188,8.93635269940047,0.9145380363202256,0.9187041228515849,0.9953686584997768,0.601413337738664,0.39468615319715483,0.8996313056855509,0.9129099443435,0.8787186010248709,0.6107258944032362,0.3714011051976297,0.7152042387749453
73,-0.07159119909321526,0.005017880636862166,0.004819109877775179,0.2988113547966502,0.37938396868731894,1.337830430658784,96.4339725728918,7.635440946052463,0.9351616846996869,0.9094431054259836,0.9910637214068237,0.6640058384051368,0.2588468371090302,0.8863266595527507,0.8930648316876709,0.8866158984530533,0.659889042278656,0.2817945104671427,0.6681068039009828
74,0.2034359722208341,0.006831937991589692,0.004841716705825975,0.07954904082016101,0.18931355603838038,0.7473684437359741,96.45738400330244,5.226948133511446,0.9100209898934974,0.908185204603278,0.9919861008533577,0.5250429369290843,0.37758520686914515,0.9129941488148472,0.9414264692507947,0.9140049594286415,0.7241109002332855,0.28632530197973355,0.6882660521435904
75,-0.018270233479047743,0.007064524705744756,0.00022896247881170045,0.16390596569608806,0.5925534399592737,1.4436660800658858,96.49939765634993,6.157891769582024,0.9135313402653369,0.8814722597236689,0.9982196184571018,0.5647354571751868,0.3816324847122376,0.9075796304917438,0.8384836278515201,0.9243560186075045,0.6559190152027949,0.3084663659013569,0.688601313639048
76,0.2645098949668373,0.00452908160741239,-0.0014574738779039855,0.18675338118975754,-0.07950311883144284,0.5567411958540234,96.42955632452032,8.466958998567307,0.9331830198944624,0.888575583790263,0.9869233327957686,0.5898661439761012,0.5611681885951414,0.896872937977922,0.7338384107949287,0.9145203826219805,0.6537169240510244,0.2516536311943008,0.6985654330196809
77,0.10904966945727808,-0.0009833700640624987,0.006551669410072505,0.06750802623432814,0.024597680241176367,0.6152125681211651,96.5237404424969,5.623054012036748,0.9356442931194814,0.8805312470477805,0.9966015764643323,0.6518699296823857,0.3769317450881335,0.8931497538931976,0.9131160495893642,0.9235432316159345,0.6615049821173917,0.43560528739232274,0.7270799140695361
78,0.10336277402437054,0.003101493325823295,0.00476523746958731,-0.021168614206336506,0.28927306200872976,0.7831459203405318,96.47388801851163,8.245491446383499,0.9167452940354655,0.8587247536920958,0.9888475595060939,0.533026382611839,0.43509709031246546,0.9427675337525034,0.8287513599769334,0.8965353710613556,0.6708676982316668,0.29532556285440786,0.6697819115769531
79,-0.0710543380734927,0.009186867266158522,0.008369352571051066,0.2093641505343109,0.11548964809999876,1.09639012235053,96.48247355215695,5.216501687960324,0.8876538073175503,0.9401765660758458,0.9896319446887898,0.6991014122304177,0.3812023216862265,0.9716351213837977,0.918310203317749,0.9062821315959654,0.6501362918275525,0.31784889167294433,0.7873469064266343
80,0.20811156711135054,0.0030628738782367874,0.0011725534359894535,0.1600740231560656,0.6208327309430786,1.0145752776894625,96.48652984412222,7.546042636245581,0.933254748275447,0.8804872784248325,0.990314840117199,0.5960091093850483,0.5497820866061834,0.9350975869170759,0.8738244362224998,0.914487658790072,0.6288601537222231,0.3170855999014853,0.729218700164113
81,0.11954255944112616,0.0017671516427534525,0.0150830962316337,0.18732547573250846,0.22810948587018515,0.6918004035245423,96.45179894543479,4.791999849038292,0.9261630532465374,0.8827971217370221,0.9900010749479682,0.5476806470945456,0.6638945795731297,0.92188496030513,0.8989138924582577,0.887735656988164,0.5958167584318462,0.3394152389681835,0.7048932016895431
82,0.022381624569845132,0.0016361592136371118,0.005438217096823355,0.04448585562190045,0.06279181922400284,1.2098304872838035,96.09099425034829,7.55815026767225,0.9075876192717913,0.8554469532933743,1.0048172582652886,0.6585543067631878,0.26403838000642776,0.9294095734657061,0.7509587510230498,0.8934501677504724,0.5970675011744384,0.4554079696659631,0.6619917940015394
83,0.03491855322148682,0.00865096915708346,0.012486666865832878,0.05495162390089797,0.3679817286421625,1.2557530300505038,96.51616317834996,8.438897709539468,0.900770249122547,0.9078764287266516,0.987309013070963,0.5925877444389807,0.3321745576211491,0.8553041142462018,0.7800745675060401,0.8651421345241144,0.7297062211119294,0.2695997284021409,0.6891426795601018
84,0.21457458093932588,0.00604971883395637,0.011637484121138457,0.22953292890017862,0.6650130942513452,0.8544542807357189,96.47042102580656,7.413012311189617,0.9482188285151517,0.8656375148136171,0.9977319525028842,0.6512116615888284,0.5898112790648835,0.8836114220251126,0.9412629138054035,0.86382752647996,0.6164584299108136,0.2922530952772381,0.6663422119000635
85,0.31137503758323687,0.0025797438000800853,0.009667961748415162,0.2624849277718631,0.00433234692450718,1.3810697389526532,96.51997586345446,8.939581578733694,0.900236933248956,0.8776996013622048,0.9924281482743399,0.5352202073613643,0.5619291210031625,0.8641019028441453,0.9015865191956894,0.9414003208047296,0.7228531907698179,0.34842200991061717,0.7049748917115631
86,0.17633350280780039,0.005226907516748108,0.015788685252907907,0.01685298116031099,0.2513136162723234,1.370222165100447,96.49796034790273,7.06731577020375,0.9097426781261546,0.9054401178480055,0.9878485545845535,0.5484629960550167,0.40200341937559697,0.9013219643016085,0.7486296859134569,0.9355492270562535,0.5867661266025284,0.321650578987644,0.7011276021248446
87,0.040653511399873055,0.009286916206216297,0.005659326325258297,0.15421494556066337,0.09793899625878208,0.7502406176596209,96.52467263729248,5.677902998107285,0.8945812583607341,0.8628838275112627,0.9996265802266278,0.6076709442027153,0.3051539960031891,0.920456074608709,0.7921158437315218,0.9295634080383081,0.6347076976840462,0.4026184771488747,0.7134559571697828
88,0.1861070501373868,0.0011040779360711422,0.011556683423620902,0.24840172538169075,0.32724348420318883,0.5926206720659042,96.4543306667938,8.118893750879078,0.8760039977073462,0.9074723795993843,0.9944542820223253,0.6164775063367439,0.4831079170759392,0.9541844427493689,0.9620571617434827,0.8711996455703324,0.7268180210887183,0.26305341928617487,0.6658131479810134
89,0.2090422539926194,0.00833827415919502,0.013329120251828336,-0.0029402757097391208,0.2361002808622134,1.2200373287702795,96.49101042036739,7.490385824820897,0.9134787703905898,0.8803566643565015,1.004012997622973,0.556829225901874,0.5239599235625809,0.9251728070582622,0.7662177351259563,0.9193115503220352,0.6267659395636997,0.35160434542922414,0.6555120973691848
90,0.1322781280955041,0.0019251735497501177,0.005145643879048925,0.1271280485368448,0.4657016737989428,0.7300966689049315,96.48662493750071,5.893596969623033,0.898367797193968,0.9020610284377244,0.9868896282327912,0.5490465760987971,0.3218537081241709,0.9320505052288038,1.003250954663258,0.923441079124688,0.7579906870839348,0.35671999605374705,0.7108847939603726
91,0.2596735232945885,0.0017110915623044932,0.010598725586381898,0.10377610246235469,0.40703832387244476,0.9824694380423709,96.4997332800387,7.703259885779517,0.9042138266224827,0.87190077167398,0.9884797497937342,0.6372548124759204,0.5365188615225861,0.9080737205684136,0.9284863175100152,0.8735442765149434,0.6681608949475559,0.2585686795491168,0.7279691239801586
92,0.11152390558762135,0.0019462002418201675,0.007213321454985182,0.005946971771551207,0.0018925865058104785,0.9423406610158193,96.49355081200503,6.450534345616812,0.8852937307737413,0.8849966851357134,0.9917667453604045,0.6337953086507497,0.36577260148519997,0.8587378342147931,0.8909957017584801,0.9215271741100821,0.5640117642685621,0.40949315245745166,0.7738628255071668
93,0.08547644805564694,0.007426432617538858,0.004289613280327953,0.11860848314096983,0.5041972864976495,0.8263986655788532,96.45571623325563,5.713510530065585,0.8795780815489708,0.8538294934271066,1.002190048426849,0.6413654798554829,0.4606472266945935,0.9553462767304667,0.9048137257087918,0.9477290195072712,0.6127657066094881,0.31276112214034735,0.6409022650484957
94,0.3455578567793398,0.006091723275309102,0.009647163104790635,0.16582510786234936,0.13426353025241594,0.8058840540593678,96.51555458072764,8.315821602142874,0.9036734439285751,0.837472011366004,0.9918089069449277,0.6702321715645504,0.6324067402199756,0.8982290425471327,1.0008691195546457,0.9177550492911672,0.6157610631360096,0.40338642136854225,0.6514248075011043
95,0.19480333092095678,0.007995043568026387,0.0038933943025813342,0.2531957241497387,0.11416364588118574,0.7765400934168778,96.52824367334107,8.009863062704927,0.9507902751094746,0.887902540612748,0.9933496009533439,0.6441162109909295,0.23450313920430624,0.8849754549404991,0.7938179289709884,0.9029092914610282,0.7049297630818349,0.27246308622720045,0.6907252219035783
96,0.22820344670332052,-0.001609113953840347,0.008195496916134333,0.20949875147683442,0.25818019507455914,1.3741216918785066,96.49457977829753,5.620134735509592,0.9501177973548559,0.8807229389850214,0.9933760247621712,0.6091885350067002,0.350203318756212,0.8826588578610193,0.8688342687652937,0.929620857165837,0.6044848994217195,0.3133301537867726,0.6886550535771315
97,0.30754998427136554,-0.00039340523426532924,0.011251313728079897,0.18037191194950117,0.3852906413878256,0.6701821990962522,96.37809878024348,4.810010339832601,0.8993650561669376,0.9274768823484381,0.9954788758751754,0.6162788526654406,0.21749820418290194,0.893057360174825,0.8253351425353215,0.9400007816076635,0.6797852855404728,0.2662148119511786,0.7056809839653448
98,0.1171003193234228,0.005815542420419305,0.011899427540480977,0.10284018360782218,0.4680123932574085,1.0254182265064407,96.4395207121537,7.001679278968328,0.9371699122151322,0.8989977724013649,0.9943332431504488,0.5722714095387677,0.4298085010938733,0.8850796013616985,0.8830854993422881,0.8792881245829828,0.5866449334467875,0.2872682148184323,0.6955873822321188
99,0.08852213755350725,0.005037658699599683,0.008535696718959132,0.17591802783718324,0.1893298102362556,1.3264416140875321,96.4201485128375,5.30855405616595,0.9121222344216877,0.8605587856919886,0.9937062275138215,0.5962548166463459,0.3775955570150364,0.8504230748572472,0.9199540812906659,0.9189267495851564,0.5811400529109946,0.30077011254074615,0.6818498451200014
100,0.11664125163212519,-0.00027359140837432796,-0.0011565011731064006,0.20718296577219208,-0.044225447353089364,0.959035314957974,96.51907191698602,6.262496766480463,0.9031741814308092,0.8472492299061181,0.9935106701601026,0.6709327640914948,0.5079432307887743,0.8954443237922585,0.8244698766117351,0.971886601777344,0.6997884540739812,0.39350591369868515,0.7046496460605804
101,0.2638120000772935,0.008614283714329029,0.011056691258197717,0.1173451760047904,-0.026188747136804857,0.8039671906285337,96.5277402378079,8.97215472465294,0.9152698492092924,0.9098189316748984,1.0019940453624085,0.5852397215702471,0.5638646434256469,0.9051965858318649,0.9592639085177708,0.9326952966834453,0.6659880481448959,0.31385669419280426,0.6766708505994703
102,0.030783650217759223,0.005790101112458876,0.00891217932751124,0.17962231027434317,0.6074326425917966,0.3637765038523665,96.50944427178705,6.5649042138075995,0.8955674032652206,0.8877490181215212,0.98812734855454,0.6367734302337617,0.6935553763506421,0.9206927681725109,0.9215567826734388,0.9272981655508865,0.6683722505712411,0.2976212508967129,0.7088497139023917
103,0.2635493324133047,0.003841134508520786,0.00480424527211085,0.20863330398981372,0.2732159307729886,1.2850867885685022,96.51570728950603,6.662427568778954,0.8849079932001185,0.8770735095039127,0.9893620723917318,0.536988306611621,0.36439929511831415,0.8781621152621772,0.7596706841836174,0.8985535926548895,0.5907270071281119,0.3106772183535059,0.6815623744865718
104,0.1931631470956006,0.007368898959176966,0.016911580445244094,0.17049118754098028,0.17051481400317145,0.7171947571829589,96.46152476056272,5.995727687260459,0.9037242264460564,0.8759187405824886,0.993820237470373,0.5760075181112765,0.34103403745386407,0.896385572687523,0.7885222275936549,0.9448818768049165,0.632010455281547,0.27686347636331843,0.7346017725180516
105,0.13224098523023425,0.006481336804884975,0.0038836333630396258,-0.008988165763667177,0.27499692534662423,0.7168612786195172,96.43352647307215,4.95629267015288,0.9242048777318871,0.9223137548032354,0.9911944733375939,0.6443873223748098,0.20241362426738627,0.9002520326508247,0.9834125686764335,0.8733078896787054,0.6883249074011719,0.3323040752127824,0.7051717487088894
106,0.24794162653901516,0.004042362469949346,0.007312373870926463,0.0222757992827195,0.024935650569297807,1.1934455507866057,96.51289196613001,6.099425674490973,0.9376821142992444,0.9141944330408441,0.9870122679340158,0.5329909186685619,0.1763769133397953,0.8725754147735901,1.0086697286718145,0.9088205280262452,0.6766868890289017,0.38099743887752485,0.7058529568336925
107,0.12236593646866457,0.0005692723335429459,0.011644980985833265,0.10253994387325933,0.4454499890453749,0.9339966058852696,96.47471896682777,6.593617609044027,0.9108479978513163,0.9313317715159194,1.0029195702017712,0.6343148438952209,0.5799741779754013,0.9123631644864415,0.7545161187107138,0.9040937151348649,0.6849131315090963,0.3469962238126627,0.7548783883507443
108,0.06756580817182894,0.006108930665200504,0.003634779154672762,0.0685248479843769,0.16516564079183854,0.7693513714101357,96.47563689761657,7.799601158102845,0.9328193711643699,0.894433076184123,0.9936376382767271,0.6935573769576547,0.24425083566909306,0.8790268839862377,0.9561418090649859,0.879654629551279,0.7187356562807558,0.3583787850713684,0.738226332647637
109,0.2313288996898113,0.004444603709269808,0.0027870255902652363,0.21258577662025013,0.05741518935780762,1.2004970039115368,96.48820516570203,7.435477134395425,0.8906118210552922,0.8762296319305964,0.9961850166960988,0.5562733702827187,0.24484492759456097,0.9336443824430315,0.9468108986595001,0.946683830329509,0.7031200193894142,0.3249654300237127,0.6980625995182971
110,0.12311716822764804,0.002871150214925687,0.016989592884385472,0.13289788443268968,0.47128682534867605,1.0773604338373584,96.52229194659343,4.6568549846530285,0.9296914441980593,0.8803682976719424,0.9891161036669837,0.528137750115947,0.47294190705123174,0.9396898061577192,0.9763115797460191,0.9365067636784133,0.6959072045573776,0.3123324749639813,0.6805810251215241
111,0.1534494047555732,-0.0017417079650827358,0.019142732586509604,0.26633297251940535,0.6903826888360078,1.176454112593764,96.4876301304486,7.820114266533532,0.9230750539697864,0.8962339391318662,0.9920150497728968,0.6472944844352789,0.5571468377062891,0.9461765207155212,0.8144453910132676,0.8476441072550744,0.6859703978934294,0.36967379638857434,0.7288445486582623
112,0.13431263923145115,0.006537886430858543,0.015909955722973494,-0.02769817421052112,0.32295448307183594,0.9681676201166136,96.5319581885166,6.048937467861981,0.9358585914275597,0.8469343102736598,0.9876752677517736,0.6290700308419677,0.5499091386774291,0.9661143191086913,0.9019240035611057,0.9114938137227884,0.6077470198283241,0.2333937943503135,0.7890148916590427
113,0.1609185907276528,-0.0008769557380245755,0.0061002790982570155,0.09835460404534571,0.14563629294635486,1.1327477568828244,96.51662913590454,9.323581824051105,0.9211613006795621,0.8761318319655587,0.9968807841847191,0.5409689862332459,0.32470553121944756,0.9063312696074517,0.942108693049776,0.9010193409418847,0.6039836845435621,0.3727478797626868,0.7495394722097996
114,0.16169511384555355,0.006330737495135973,0.005832740053659892,0.04272795398036572,-0.026172652467589264,1.0034270170440518,96.45699523919627,9.401882208433898,0.8873126142370361,0.8341260489354707,0.9935621098552807,0.6007230992188621,0.24790721655367082,0.8754080308107914,0.8201408220855781,0.88471057669868,0.7105341069556639,0.31797157308728363,0.6397989882609383
115,0.14246701014159363,0.004907486062171751,0.014870331086872184,0.2510282363982682,0.5206510192752765,0.4053269115628674,96.39342923128757,6.528710969108689,0.9395739033361784,0.8967879354850429,0.9969429906807183,0.6137347904049932,0.6830560077952794,0.9133746076147559,0.8606667256577976,0.90926735031008,0.6133150454518461,0.31075995137617024,0.7338378030676039
116,0.12390444322760058,0.002954252361904606,0.004235752178946152,0.2869433117004349,-0.03837599226516869,1.0281583678454702,96.40226060928492,7.0499131315058055,0.8828245100843496,0.884654873090545,0.9831536254190646,0.661740914030833,0.4524232425952559,0.9034543633779533,0.9995604106715055,0.9618367028387378,0.5737500412205906,0.24306084180511217,0.718523754926589
117,0.3530522851108743,-0.00031263128156337966,0.009954053339611559,0.15801585813336955,0.6814081382076362,1.3027922023750143,96.38930609427095,8.36917174247537,0.877834991350312,0.8996002409022118,0.9878080049517008,0.5884060428250986,0.22207521281061032,0.8583157022846098,0.8762250364474571,0.9123458959906785,0.731881259156711,0.2139864541464247,0.7750627266857757
118,-0.007616177263194135,0.002105919028197131,0.01142371131382023,0.2421013256891683,0.33915901214204425,0.7378725918755122,96.48433906049372,6.272564791781921,0.9146313068180044,0.9111821936436232,0.9932416203179094,0.5874487118218318,0.1893358634802574,0.8847167075093234,0.9382917563412527,0.8958832729096452,0.6909314176921681,0.1976049484323134,0.7516894515548567
119,-0.049419046685485885,0.006103406718680102,0.013961637908212535,0.047069496481506365,0.675079246321319,0.669102872746551,96.48593942611637,5.85527192068184,0.8880129491311378,0.8968780593107051,0.9936044192685564,0.49974797997463855,0.2016266520530667,0.8856095137801414,0.7669425033473023,0.8688935381882525,0.6812946305801739,0.2109218155273621,0.7335027574482709
120,0.17397655579988572,0.004347578809921421,0.017002236607202077,0.10882233161392957,0.30413924089873484,1.2456860106816607,96.39129969898228,7.67645481028868,0.9013062742534671,0.9118807922499463,0.9884629255143283,0.5899947329713977,0.2948745148463307,0.9403745841350816,0.9656372322191471,0.8673267679431126,0.6596982861172516,0.3371508714463061,0.6751525952847292
121,0.2077901280920838,-0.0006438624189598831,0.007544694938857789,0.23418723707689262,0.23268580919590393,1.1014158533207317,96.42578055802159,4.486925733340895,0.9244240830381726,0.8566984259271078,0.9949237310514978,0.5718215638578664,0.5065794813790292,0.9489363857933739,0.9337539236493873,0.9255330508529608,0.5874460150457002,0.23894651023450048,0.7592053947038531
122,0.04964537348636906,0.0008937307774355835,0.01093061991827599,0.13682102655432024,0.14319982945329043,1.1109637976832365,96.50559690556804,3.5402936880736022,0.9011433086719421,0.8557590973324378,0.989876727381397,0.6567880830751154,0.6232506722814476,0.8690005602644675,0.947243273472093,0.8725380567517199,0.6053896402697595,0.38790658660443406,0.704088833665785
123,0.2782518998533315,0.01070869241415455,0.0019086138473425694,-0.01649563197301354,0.1614850398704593,0.7363032389863441,96.5263862759101,5.137366048129282,0.8874677081917256,0.893625181773339,0.9895410012516351,0.5621990914988354,0.5747948875871585,0.8776980082330245,0.8985686582387254,0.9475617835864978,0.69826064623155,0.27793757191163443,0.6847698913146131
124,0.26184262386317964,0.0027097560792888296,0.01006170476176918,-0.007202635886908282,0.4713318833323172,1.0255996577129327,96.45313584646175,7.042531408587879,0.911577436948079,0.8531971227072409,0.999167140895235,0.5982559121283711,0.22989393872096606,0.8833334924749585,0.8830133529152758,0.8969323529379869,0.6356705858411361,0.3349068967194984,0.7307100385163703
125,0.12195579696789716,0.0032116897763456143,0.01642507390741728,0.09041331058456106,-0.02733788524831232,0.8017866190487285,96.32496060034507,7.187751292040317,0.9193983665832488,0.8730965191149638,0.9905045424513168,0.6425606423124265,0.22517983096450525,0.9303334758403604,0.921588319900737,0.87623546846865,0.5922686571105388,0.37355111211248937,0.6882651372400154
126,0.036753714180670055,0.0012037115683418789,-0.003140299293034045,0.19326978918108684,0.3230475481036454,0.980953943823669,96.50980618599812,9.439878399006275,0.8937355800524586,0.8373183321402656,1.002381016350427,0.6020950147690374,0.6945712512307283,0.8816535370682232,0.8828112167133656,0.9090897979707577,0.6583655410010736,0.4375226289234339,0.6806990462141628
127,0.005029257834494871,0.008394886846067694,0.005785730763686764,0.02714028743473526,0.226729195162231,0.8401959733021924,96.47314069643129,7.72736288506891,0.9241993145068262,0.9173266984827462,0.9897876776178017,0.6732919591925499,0.5719303799205621,0.8995420517454239,0.7094421353575409,0.9355385022445749,0.676714440325902,0.229927844276276,0.6448668844102639
128,0.20596434703000302,0.0024441873383907768,0.008679506967715536,0.13620985234802874,0.35690831261530886,0.5962488634439146,96.52014283623963,7.115527975371157,0.9284765438745488,0.9078933216849131,0.9861169895312605,0.5276192227036857,0.610520611909374,0.8947904040567441,0.9867819678922541,0.8868969983984081,0.5837667726469916,0.18739114904570292,0.7062002119366904
129,-0.014649761195648675,0.005368126753056604,0.01274610107877296,0.10736867161223917,0.3909789282160072,0.46049350953529494,96.50227926540448,5.501546385274926,0.9266781882313285,0.8967814030039192,0.9879669060415902,0.6859568035678285,0.24008989645752335,0.8899473309220296,0.8088503871506686,0.9106453110617948,0.6081659718251707,0.4467688503466423,0.6435780305200193
130,0.12072704317460578,0.004936105004132214,0.014042225133231542,-0.0038992646361363514,0.7116563319085478,1.0188863190054676,96.41394450895046,6.927433522689806,0.9169078560529523,0.8689841610688254,0.9951579510706163,0.6418194065789201,0.2945904242998556,0.8896376798650553,0.7296942843167009,0.9365153055207,0.6752412924624414,0.2710165135422715,0.7274894442945312
131,0.09118362544787946,0.007761928130586635,0.010716219357084913,0.2568942863621294,0.1410074891229707,0.9524457879026254,96.4780970192553,7.0939460318277545,0.8947346421015712,0.9081485838364562,0.9901250325789944,0.5966066130771014,0.6032600845213518,0.9235992038075544,0.8194594874671755,0.8951550376095105,0.6589609291737305,0.27939300491442115,0.726087182011695
132,0.21226812915020565,0.005806368236108349,0.010419466804583855,0.03579714047712973,0.45745553103042447,0.8259189926270198,96.46491903480188,4.7462961047833785,0.9085528345636755,0.8870068250625649,0.9934314642081168,0.6595259338437545,0.35080676772946073,0.879402534203,1.0497881348543032,0.9169021514551923,0.6845901495657443,0.21852495585448478,0.7606959620699516
133,0.28639971883534865,0.0014038965101464962,0.00607816852592451,0.09617427956899931,0.13558198144800665,1.2000044024986565,96.47027055451943,7.9613794933725694,0.9343496503993053,0.9075376261915076,0.9931197238863374,0.613393094611007,0.3426859916736847,0.8731093209528318,0.7225232724157167,0.9213967258526302,0.6753835445664693,0.24179688855336473,0.6617008252937666
134,0.016286020165931808,0.0004783429877640629,0.007616030398079309,0.1306260312929067,0.10515128696048281,1.1796590294027345,96.51410664419697,8.753803424925906,0.8936946958813056,0.8780637901476954,0.9880756692714482,0.5450130101430027,0.28866197680975814,0.929715526638989,0.8276506906659564,0.9398045458156019,0.6965295887734266,0.3809600161452392,0.7274085333356678
135,0.24622386065564367,0.004165653351460214,0.0007352084386706625,0.016543629603143234,0.12007616796587867,1.0141524412816545,96.5252507490964,6.198390850275156,0.9209291867410272,0.8280011794641374,0.9920099195034634,0.5396792592867992,0.6064691585401354,0.9230664149995066,0.8150683695707899,0.9677794861743817,0.6792552093836122,0.46566118574704385,0.706115356282216
136,0.2438407660709317,0.005084768367808776,0.007717853868384659,0.23944172745120884,-0.09419818993994383,0.7565880484630685,96.43883184453249,5.906090983898425,0.9127352405113174,0.9103799570820562,1.0001421043276653,0.5677545066886586,0.517247902317282,0.8573225855522673,0.8996670597806863,0.9613440729156529,0.5745539015685703,0.3148169549713088,0.7206185257884984
137,-0.025935164667437588,0.006772903342647903,0.012042355971432196,0.05879184950655093,0.44700922216456146,1.1857576928142868,96.52757130721788,8.645959678704532,0.9285020871952904,0.8410818661236145,0.9972759655404236,0.4722949830932579,0.3682006683270156,0.9028776762697378,0.7186855690381949,0.9156356954278522,0.6781028224490707,0.341974747272038,0.6455374984509731
138,0.11069922808888352,0.004599851348483964,0.015068760106084954,0.27141238798287004,0.40085389405012234,0.645325669417391,96.3447699495159,7.600801096950368,0.9168164176507824,0.9148862858411884,1.002231522913538,0.5404610342800477,0.47313490341648584,0.8912686240991768,0.8058138139620914,0.938255563360118,0.6750222277949158,0.26075103053082327,0.7545028255730867
139,0.21324106756797492,0.0017058792731007655,0.019613920663476548,0.22940518321915027,0.6208508108578361,0.8566250829428669,96.48532859100281,6.375914907289209,0.9123278832119665,0.861369017195076,1.0064733276098488,0.6094603864467436,0.33703613399832066,0.8545682597579859,1.0052250933057407,0.9186032790809868,0.5749624729528305,0.2200268281740439,0.6385704152084937
140,0.2879326154740095,0.009644918577699203,0.011325513059943167,0.08612794789723704,0.14112997168275038,0.9763295928843955,96.46312932148147,6.463640450634457,0.9341193983496974,0.8927998522036197,0.9953370273994322,0.624701453324646,0.488010952074877,0.8863939153200182,0.767069928660874,0.9705690238228224,0.6183907878906407,0.28814933358140427,0.6554137283465968
141,0.181796449061068,0.0034213752220251608,0.010838625256615768,0.07383888724977544,0.3332461931567904,1.168697273979072,96.52551169651443,3.929549612083657,0.9014172183797832,0.9105374903768465,0.9932629366744209,0.6538182275239951,0.4512805832645189,0.8728375085168353,0.6940811249540437,0.9153041295424911,0.6125349076816163,0.3630224448446711,0.6369036224346774
142,0.02243267564617818,0.004444008101430748,0.014709916001929646,0.3535724988211276,0.5403101082345528,0.8315370959454788,96.49469277160608,6.126841538854256,0.9217849916820955,0.8935511473823166,0.9941415626131198,0.5790625964963941,0.2108888267208746,0.9312747525828821,0.9384555699358441,0.884705526145611,0.632597505718387,0.3684709402633888,0.6638376376637771
143,0.11015048501768895,0.010305721503758957,-0.00030502088541911956,0.19587586052837067,-0.07300725361471677,0.7224446860596684,96.39080940871027,6.770106204604973,0.9420174506976217,0.8736460083880037,0.977980233825026,0.6524060828597522,0.27242451316705024,0.8925805838039637,1.0707656974078101,0.8983755411684086,0.6480895681652783,0.23608762476035966,0.7336787067695164
144,0.055215235294045206,-0.00011724226231707088,0.00917319807625358,0.18660010168651103,0.1573428161843417,0.9985738080019557,96.47020147197682,5.347163639350388,0.9119209426381903,0.9028471091969187,0.9837946752677629,0.6308727330846674,0.2615977704644511,0.9403426920638112,0.9707596437749965,0.947752384101546,0.6456938656874368,0.3878274719355616,0.7340389819930545
145,0.10661468380544775,0.0035617788873724032,0.002860109166505794,0.35438936493463546,0.5173823302157554,1.238615256824924,96.41122511801215,9.335131286366423,0.928864863019851,0.8921492913918587,0.9945870317839345,0.5200486402311,0.608333526127876,0.9161607442591408,0.9197782942342098,0.9449913858542874,0.6130036191349717,0.3224158428683762,0.7445923638920138
146,0.3389157594613659,0.0018775711594412748,0.004276463464871778,0.007029625651700511,0.020160727356399344,0.994128451335408,96.1004437353058,6.655453403016664,0.908772911227788,0.8992269911434936,0.9901950137093357,0.5514655993738171,0.23242818322764103,0.9078643171353381,0.8266039315129665,0.8892663339296664,0.5931327448597271,0.2744474223874476,0.7261249647391097
147,-0.016702209953001756,0.0032479681174654566,0.009191721112089019,0.17187245291848446,0.2540016298735084,0.8213084437665586,96.51716249788329,7.988382453074287,0.9219259349713983,0.8297150740163692,0.9940288885783626,0.48353348728424334,0.5616854766342761,0.9104052016442548,0.835807495483803,0.8976674124538216,0.6118128695847381,0.28683217466785366,0.7111631777876487
148,0.3355453702527359,0.0029156262082150218,0.01595598618274538,0.11078764094860426,0.2444319044041814,0.7673359271114688,96.49573404410052,4.63248834158941,0.9203497941465323,0.8985481878986016,0.9960978697656225,0.6615034904554385,0.4999371898081988,0.9293704016572912,0.7680999726531472,0.9015006177795946,0.6673713471420926,0.3683377917195801,0.6836401366595461
149,0.027806834873439962,0.008993072652331461,0.00503597487041667,0.11760797979591246,0.5108542047589716,0.870469409152993,96.52472242147299,4.644777144851743,0.9093432439450537,0.8813176614233457,1.0041456395634785,0.5569434657166041,0.717783539542726,0.9319983333925017,0.6952023099556301,0.9117268779870301,0.6700583101578643,0.3402447272369715,0.6844025788231268
150,0.3071678342817349,0.003284129278257851,0.015653980488145494,0.05333939431407801,0.26261093741998986,0.9825037552628236,96.32337953308452,5.2341643675834915,0.9525884574097524,0.8837695459052803,1.000558399515472,0.5383505477634813,0.32447366215672774,0.9223760478455705,0.8993441509852194,0.9239979446275803,0.6830810347652516,0.2707347179304012,0.728932796468267
151,0.24492418618580702,0.004041025249465641,0.011204556014541765,0.0980040083163573,0.17923635217737582,0.5974389742631734,96.48640622273018,8.070396860088216,0.95178950740612,0.9145693988795093,0.99103273396183,0.6869380886637874,0.3427055054066859,0.8793672145984933,0.9734684248457351,0.8974899865001437,0.6386121715883885,0.4199274378067553,0.7423743938475691
152,0.3313231794792829,3.826167945064412e-05,0.012919781760865803,0.16065143705744053,0.6347547616178442,1.251670492521757,96.47236232915974,3.0465655578855677,0.9508262840103698,0.8808464161518056,0.998595117489047,0.514515650437803,0.5316228878381348,0.9164335876238037,0.8660418473536715,0.9173701413548987,0.6274546604592635,0.3503081293692769,0.6702521220840058
153,0.12447499042324014,0.0025918541986803094,0.007746100757437905,0.3160072873087881,0.24731451638200042,1.0561404151905203,96.52375079089397,6.18978149440393,0.8971234610720339,0.9112601780998824,1.0004687619698405,0.5055680708843651,0.23394672052014462,0.8828264008837639,0.8382214916802805,0.9322011416054057,0.6786564524739166,0.4531930339668013,0.722938264537355
154,0.06320343566344307,0.003932110135234719,0.009687349528778621,0.18956884429239462,0.08301640183084086,1.2941382042952312,96.46498671891246,8.80291310280799,0.8796402528525451,0.8950000332073955,0.9942497453231639,0.6164551170956334,0.30724635054285404,0.9043684205868967,0.9100504238595414,0.9224411085986193,0.6801752313667004,0.3327762035786359,0.7173694931914888
155,-0.04861949763836154,-0.00042688115961737926,0.004465839576738768,0.22171368792033708,0.2976008324904326,1.0307492638956768,96.32090207088854,7.420679052767461,0.9400147268206007,0.8707738049068884,0.9904963998643731,0.5792087129592598,0.4786904683608706,0.8677078441746854,0.9707978857106903,0.9560994694603184,0.6786373525437217,0.2788753404529102,0.7027735389887937
156,0.26988043968829567,0.0025593170101080834,0.007518059128334045,0.24716676038280314,0.043310906052122344,1.2335065781469003,96.38490019429653,6.856707659060754,0.9014709840983509,0.8741897118169133,0.9901090352769859,0.6897246317383863,0.4717794599182098,0.925200891017115,1.041396349726922,0.9201029327627186,0.6384763314478329,0.3631462955240611,0.6835994873321659
157,0.29306666969886086,0.0072621156798188865,0.009300950059829139,0.18354014176407057,0.2613065557659079,1.2282764260290142,95.69934126328069,5.798721784360242,0.949681833663643,0.879089085696195,1.005382331920918,0.5951251291754932,0.5040055258453148,0.910216288462315,0.9777343045259401,0.8529456579498856,0.7309839296293971,0.31435960239654953,0.642719560194683
158,0.1242343763355053,0.0031192975588885345,0.010809487617380546,0.17101446649629076,0.007126473672453504,0.9380446924800084,96.51269534658567,5.866092033144021,0.9208385477284089,0.9135616333009917,0.9958118627731594,0.6129376109449856,0.38832472460394063,0.9148501693752469,0.9669523231241828,0.8990362688709972,0.6347835575335781,0.372144249903293,0.6673677909053581
159,0.16001359801906415,-7.704870409694321e-05,0.004133215503581097,0.13798655725794257,0.527281526680727,0.6055523354764787,96.4895999618153,6.007422171817227,0.9264492532785427,0.9041262453238286,0.9836203589004636,0.6115011901788804,0.46787350187083915,0.9347674576833624,0.9489812629628288,0.9344947042225302,0.6707786373392455,0.3638188577187891,0.7219688794089463
160,0.33352902582659083,0.002708185674659541,0.006766465257203693,0.025343082894510247,0.06900813705284392,0.7350612412221635,96.48265758581296,7.354201644463924,0.9087345064797947,0.9163758242728537,0.9920946648627904,0.586699991917296,0.4489367395257641,0.8780805297604927,0.9204449914344173,0.8706402888998022,0.7259003352396671,0.3405127276308438,0.7249852445372362
161,0.3291381139949179,0.007305550756494673,-0.001190711045543376,-0.03439379188934627,0.29948648340397266,1.2646554493207145,96.49641675862077,4.179251874464204,0.8956898839834421,0.9000217186701549,0.9892049943159406,0.5697624722645762,0.6198029322817079,0.8986715882572729,0.8342544376264018,0.951996481033863,0.6588325777619108,0.23479518097683372,0.721852009655638
162,0.33120740329480286,0.003633242071304637,0.018069546636367336,0.17651254160732713,-0.15180827847936973,0.47881678477309914,96.53162648043752,7.629086125929005,0.9225140496565403,0.9218523686954231,0.986348749946876,0.5680911768798764,0.1447686640650952,0.892729094386737,0.9128453765674883,0.8881441024995411,0.6659408987276895,0.43866032498970653,0.7118221112044845
163,0.2951044873439901,0.0003688259713692634,0.010968618023017728,0.007528222062337303,0.2781258828100436,0.8661799729723108,96.5076145633104,6.685317656840495,0.9110849506890454,0.898300002206563,0.9867438195559513,0.5958042111367887,0.286401698407783,0.8584666204948258,0.7846510150157774,0.9443785659244489,0.6288456129253192,0.2828876361655244,0.6659453522818832
164,0.018688739989900255,0.0018543176881969262,0.016942427221284435,0.31348183059372503,0.4430516883527744,0.8807341744724778,96.4122252766047,6.752524816154727,0.901326282207835,0.8540335576133843,0.9980942821814777,0.6065562670904686,0.46230207315144356,0.8738996818057423,0.8453701665046314,0.927847155553154,0.6486970907877676,0.2649140485323307,0.69424248866222
165,0.25637966997363215,0.004997368667615994,0.011736922505504972,0.12780643453965387,0.2146132504820168,1.1905175086011628,96.43308932321752,8.123308361123398,0.9291227323146912,0.9126921614855952,0.9935770449427691,0.5557481947934139,0.5681834723393979,0.9453934767294312,0.9997378237093826,0.8993403387219644,0.6836341447670577,0.3906206316655929,0.7503688066010598
166,0.06382132270340064,-0.00029868329306917537,0.011117034099225612,0.06438548164797504,0.11324075485984153,0.6543433737762351,96.51352685427462,9.525336281939524,0.9081457464017328,0.9039940289488068,0.9934970494694428,0.4848678028969793,0.37129514914175726,0.9472051264565182,0.9844673806503091,0.9309418240828857,0.5942700153993435,0.28146601613589606,0.7232580622532854
167,0.2905989193155507,0.0051929283983634346,0.0038009111868990073,0.18901905862624385,0.06409061294364629,0.8728037807346762,96.43150797627057,4.375907846870334,0.8941005118298666,0.870606592589359,1.0021377907829825,0.59460359920426,0.18556443798340572,0.9027257004439008,0.8488187601584423,0.9055029184511388,0.6986661054168551,0.3154714722770662,0.6881242127185536
168,0.044233745579229794,0.0007926930989522363,0.0006316326678280307,0.11006219033266898,0.6501192858837632,0.8926323507713897,96.52752404021504,6.766952076819585,0.914286936492909,0.922979257243401,0.9855788099133586,0.5360817186042928,0.5875353174511904,0.9716760475694141,0.8254467203563218,0.889742574527862,0.6487977221928223,0.26291664848190865,0.6803245407889515
169,0.08116394554564146,0.003403034353650111,0.005814544575996221,0.09261111552730868,0.4033308778227318,1.410083412576479,96.47116163541313,5.463570055786137,0.8992495834562487,0.8823746238614724,0.9947506749087734,0.6078317069984693,0.409752025868841,0.9156053214325283,0.8808079439616606,0.924009456380234,0.6928163940307597,0.2369253451551574,0.6849941352088437
170,0.04313844850373566,0.0024579504972721093,0.0015630760448394074,0.03411871843108992,0.29121094110985024,1.3541127616960904,96.43911572623591,9.663812116471824,0.8802207443174791,0.8628532722811592,0.9917610786024696,0.6161395594074127,0.6477333652294985,0.8912538209613878,0.8356268627517336,0.9150985978578897,0.5850678266262644,0.33569001755416333,0.676869295094011
171,0.28846103585905314,-0.00039875788102994606,0.008551853805625004,0.32359482765667624,-0.14900124763540024,1.337546069428525,96.52216776582858,6.436040356555262,0.9213118621806166,0.8828446549590446,0.9957416476814911,0.6593388566845836,0.18762647078725722,0.9039645239689482,0.9616026398807509,0.8779305027836748,0.6161330542736223,0.40547493111427,0.745917423292274
172,0.15177180188615869,0.003735087326919953,0.003897153589462563,0.15685393972916845,0.6256119614297868,1.2435467019892474,96.43050865673723,4.9436727680946175,0.9395597077873513,0.9128194642781172,0.9944994408765107,0.5788162244556385,0.4468141922240662,0.8865886813572482,0.85747182813054,0.9137528496091759,0.6529582227171805,0.2336954264480546,0.6991905133521259
173,0.04579244266213238,0.003380242588778782,0.008604926370351679,0.21871029966963046,0.10371627349092521,1.036984190041026,96.37329572557067,9.309499346953185,0.9159408872114801,0.9151252499737886,0.9994086690654012,0.5481779241612876,0.4488024520254282,0.9030888924939879,0.983408359410307,0.8557044683550526,0.6781104640090052,0.4183941183907991,0.6789648854040662
174,0.20509279804544567,0.005953200127739352,0.008043433829629467,-0.0688011690822089,0.020154824795993176,1.0924312761147963,96.50618508608262,7.951385735202274,0.902912572107214,0.8888947253290063,0.982726828665118,0.5345471019891301,0.4777134081400489,0.9022579947369103,0.8544711807056653,0.8847663496175686,0.6765285995731151,0.2625475529551448,0.7562559541112339
175,0.25489213283737727,0.00023145133218961753,0.006137906565895869,0.13671918178080025,0.34193730123917104,0.7699091236116563,96.50240148836447,5.915883043076541,0.9091889683393003,0.880267431754679,0.9843277815363529,0.5175051157824597,0.23749821992635783,0.8728546206563643,1.0520190028764425,0.9244216867609756,0.6978206511649825,0.3740357293073235,0.6901208730218062
176,0.03331196139126261,0.0007334287953927984,0.012204500093158533,-0.08133523551435495,0.05511054971381432,0.6934027753786607,96.49843357730391,6.161592924895285,0.889777801607605,0.9034791006725972,0.9997127559820654,0.6150717905573375,0.5955320142813632,0.9306257281631173,0.8114134501686728,0.8950014574291867,0.6741380913712084,0.38687732082661286,0.711759152841896
177,0.1206580417497336,0.008429807524854541,0.018606071770602067,0.11734609033993068,0.39046334931350196,0.8457042658427207,96.52663016245727,5.893493425559201,0.9340270142998678,0.8996569746474716,0.989418448173676,0.6485277772974001,0.4954398224899962,0.9094827117927126,0.8433277832527359,0.9258859293170048,0.6272062998372876,0.2484558534074273,0.675413652666632
178,0.14803397525377382,0.009996834160606977,0.005339767040375176,0.2174570479679372,0.18049062853828024,0.9499428662432651,95.9842941656444,5.875612031808219,0.9452344666501494,0.8899855628652967,0.991315558268971,0.6231733966577014,0.5669398168654363,0.9127017691489039,0.8357264330495164,0.9453830753701352,0.7171906321030331,0.23976749134801192,0.6948632015416437
179,0.12388645724308875,0.005378395561631187,0.013564152115914146,0.2260646079868081,0.5068086111270709,0.8673641064068597,96.52688523646074,7.370962582450485,0.9099619699104482,0.8844338789104408,0.9869310467153145,0.4761319404184438,0.1557700759587286,0.9319832796293982,0.8361215375713221,0.8719072760513917,0.6242683899780868,0.19412570319349026,0.6541554378162308
180,-0.031596417472553984,0.008048492386057976,-0.0024652241754295626,-0.10628390125913514,0.0994706486452599,0.5250525965925835,96.52569992546654,7.6396748688777905,0.8742839961695468,0.8939914291436829,0.9976426546460696,0.5484410406788933,0.3960664370455698,0.9224133805747098,1.072944648757453,0.9214736389784555,0.6839645519248813,0.33286982057200215,0.7426134436131381
181,0.05755054203935368,-0.00021225786023743119,0.011847261103192529,0.3563955153229285,0.33960284302988264,0.9011756942071654,96.51437122753829,5.333432243236153,0.9061349671079263,0.897307830674966,1.0017007552114108,0.6164221772523079,0.46345257731238404,0.8914339068528814,0.9484480988145629,0.8974247215625591,0.7208232748798864,0.33213720901845895,0.7550098378194511
182,-0.0007662305889651333,0.007372100241014165,0.01731843189114408,0.3738611721973365,0.08193912251779173,1.0660693975430462,96.31614180823605,5.418394931225529,0.9130380057673173,0.9318436042114513,1.0002024066820367,0.6582949594476586,0.4194634077504913,0.8902637546640074,0.7965674115656344,0.9278976294112972,0.7573433576405463,0.37074433218308434,0.6272966649620463
183,0.02497588265627415,0.003205492190006051,0.012295797577156653,0.18578926207752394,0.3937317902173303,1.0142863671555464,96.52337545173536,5.782179560501496,0.9019040025072461,0.9241672088460627,0.9998180134558425,0.49082732716696903,0.17691021992247769,0.9560602618393874,0.8623218851093062,0.93151163756662,0.630657408922408,0.4057637993537637,0.7290259477502415
184,0.055520197766787016,0.0058199256235110615,0.016133497610733797,0.146937525847407,0.40185619489314717,0.6902572321213438,96.5052626803113,4.432505879890465,0.9140512268490958,0.8794877643702308,0.9861752055996155,0.5308697391878316,0.47908672095562377,0.8842043435041052,1.0322361835049734,0.8869851564965874,0.6190146627070822,0.33742580070250316,0.7360019333129008
185,0.027146591934490483,0.006885508695985976,0.004746453472667842,0.006421660345120844,0.4803456071093303,0.4010583340205941,96.43804648510074,7.7352238777325875,0.9146370590565194,0.8918304646554193,1.001344715271668,0.5455757420702626,0.4991940041923848,0.8964270534976778,0.8941766764836879,0.940940523131118,0.5985508569710791,0.24901163755038874,0.7155973660858446
186,0.07945464066036184,0.00494647946324299,0.008541618771704899,0.10835904520492953,0.06657436782158654,1.3934601163689988,96.48901737502887,6.515491503020574,0.8812582575457304,0.9210056325690462,0.9949733941846309,0.6514434946330857,0.43308942479364354,0.9203436123003381,0.9040148973502162,0.9277237227648589,0.7029509205997566,0.37369600565612515,0.6885719721086629
187,0.2547133064354675,0.006150625214000529,0.014980584205105871,0.0730439516672925,0.11695720541612009,0.6692806255624524,96.52207015527243,7.083311269295043,0.8983862798852124,0.8967956175501088,0.9971971729135729,0.5193176545579162,0.4094112002852845,0.9035767378594975,0.8401693349583926,0.9213140032507833,0.65158106407314,0.3724549298388466,0.680187889733627
188,0.2730252837347937,0.0023834563983233447,0.011616296975657461,0.1527810980303933,0.19679070862857717,0.5560165096324565,96.51907667165494,8.829452839066246,0.8910175255691046,0.8805884364786338,0.9900320601684974,0.5459461678613704,0.41965501281108747,0.9074188140682424,0.7415434616831352,0.9089770991304531,0.6520575828809891,0.3616282402324145,0.6620922836032003
189,0.06736607363564517,0.003701204307286497,0.004974805049593018,-0.01810954609846635,0.11496494061308155,1.3849479743404696,96.50500061414765,6.6231367349109425,0.9170092268509573,0.8839505197499664,1.0049985222895328,0.5720134700247334,0.2367309678030884,0.8767036592595522,0.879212588178527,0.8871265232555244,0.6428829193541378,0.3425746079803431,0.7177724516773212
190,0.09821530031036742,0.0032541591741783397,0.015370792032474916,0.39682199227308523,0.11513200257052345,0.6693485459628317,96.53176072991305,6.143022842015648,0.9039913719098778,0.9231719583257212,0.9977569706627685,0.618069366013656,0.4418755604616894,0.8966781719406921,0.7317756552686463,0.974849666001659,0.6465668126840973,0.28183418968954943,0.7035156612614557
191,0.04616942034486693,0.0026163226510908747,0.007534783279591204,-0.013469948358048767,-0.19862274356457105,0.7489074174463808,96.44385920770395,6.3242713366193035,0.9042702814782165,0.888009763981054,0.9975630742970777,0.5834607943379464,0.34428838126962985,0.9029357192360926,0.868649516402237,0.9420407859953854,0.5661334344526893,0.28146295018463735,0.7031426353953968
192,0.07235043641170348,0.002189857320343892,0.012943019508695149,0.1359819301047,0.1678485406132122,0.7875441178759466,96.50239365714506,4.709106952388056,0.9386762221451521,0.8744608642998981,0.9980057694297872,0.5773806759389347,0.521026556794535,0.8920879414583314,0.9519188466893238,0.8911624170457194,0.5904328447822272,0.3042044186224342,0.7712105391341314
193,0.19998405299749794,0.003294692214160365,0.01378339967873012,-0.08556967919300448,0.5718735271070492,0.7537660737521901,96.4983222621138,6.1893195122781925,0.9155023957313312,0.9219303365597491,0.9896722744922076,0.644784051230767,0.31710091468222623,0.9230723638698188,0.8014072644801793,0.9003620643287424,0.6674980432133966,0.23783732345200181,0.6663140275831891
194,0.4024091865744837,0.005113329660812965,0.000543326060170813,0.17426140345080554,-0.033240871064240896,0.5139088906602279,96.52969328799017,5.766899484283996,0.9074299329114885,0.9149066133296196,0.9984794285851877,0.5591605926314841,0.2593183652508166,0.8972939339720734,0.9579877694587295,0.9018855196249888,0.6898116373931082,0.28887783297860836,0.7078185408418108
195,0.1352977753335936,0.001641061963240925,0.0026238154628628815,0.30744386760703435,0.03829628216543221,1.1260302150731694,96.50813757689208,7.208868710270449,0.904844319013952,0.9250771460162284,0.999766108062475,0.6119115281592409,0.4568585058137666,0.9181414604859999,0.900197744621008,0.8775535312567754,0.6895741178621356,0.33974961830067396,0.7413752104712604
196,0.06746476491663765,0.00029693960530993366,0.006135074889384395,0.21990770035782853,-0.007422752790335885,1.3166663992804966,96.527996430557,9.257189370321578,0.9040605047898393,0.8965148435235822,0.997072964048907,0.6109402321266983,0.6251068887262556,0.9259125392770385,1.0011219049881872,0.8812652199833457,0.6569027529095814,0.387952747766607,0.7406145246875766
197,0.4091271579692095,-0.0012959958832034096,0.0055926544995342775,0.13318714370035536,0.0031345702972203626,1.4267390353459743,96.49940884380622,8.739193418071196,0.9239751495803689,0.9079973720682104,1.0008227098661293,0.483076139354605,0.5931003297250023,0.8550972091254518,0.9109561546702681,0.8655703400502845,0.6693002019132744,0.3754393349199739,0.7230975958026528
198,0.07529391684897956,0.006776211216228744,0.005500297793943782,0.11041647943513044,0.3013680264545273,1.306687228533998,96.31187351397404,6.447289737879738,0.877240917227669,0.9031528902296047,0.9991227316855922,0.5173548177198084,0.4136908347472536,0.8675414893015799,0.8214486776421954,0.9305560378425258,0.7381326029936819,0.33094477509608694,0.7074095628356519
199,0.2508709849493918,-0.00025778359396015117,0.005829098809834005,0.10192006968928602,0.579926392041727,1.240000408895861,96.51575735337295,8.450936432694416,0.9002811179006884,0.896704648128423,0.9888768933888455,0.5375436086009749,0.3750107418889975,0.8793924117250198,0.9093264336712016,0.9201285643804525,0.6702094880008599,0.39212132260943766,0.709309222157828
200,0.2540055811083092,0.0021956655115140077,0.008989174154106569,0.1779889136038199,0.7164566910799532,0.9719377811432343,96.47027363106992,4.593586655151212,0.912910261655574,0.8972376302056481,0.9990712455383609,0.5990771544297819,0.3323492268121834,0.9126739160902251,0.9486060932959318,0.9129280989220704,0.6890485690814336,0.39633445844416143,0.7243097945776303
201,0.1867338601703682,-0.003139667859721911,0.007454066718844297,0.1935002827104905,0.467235577312062,0.691703272375354,96.53105508110738,5.166014934581351,0.8927526806850294,0.8695739663692357,1.0061465061424042,0.6738177764404817,0.4469508431689312,0.9059804212892171,0.9177471279236061,0.8996303477893332,0.626657667591121,0.4046414236677871,0.6294735186817803
202,0.21061470401556123,0.0015128624495796845,0.008070288794321808,0.2596833868855739,-0.14179565713740383,1.4848221210298718,96.53005604126047,7.267503594295963,0.8917033182284944,0.8321559749348181,0.9979993556443268,0.598711185076111,0.47275112258631447,0.8727018946950373,1.0458600505734468,0.9165968877928389,0.6181825921016091,0.3486482652372488,0.6978340021222232
203,0.17340925911404256,0.006186014849399028,0.005494120659653139,0.1555865833945106,0.036989990598786326,0.7742613953586656,96.51757839157096,5.596209093274565,0.9299650474603411,0.9369085004013533,0.9948260351868725,0.7222949667164668,0.4076865100675886,0.9184188168467773,0.9757537551783176,0.8844218741238744,0.5846925605343942,0.45453512678365693,0.7152487290819411
204,0.06999960256400012,0.006426218284838189,0.01340205367368432,0.13064647321425737,0.10061923726916194,0.678270503978357,96.52742698903171,6.719267628479283,0.9196104578642199,0.8805957475954793,0.9903120582280426,0.5870445739303183,0.21749899092296346,0.8709822615880488,0.9834166130139042,0.8800958013309144,0.6649777545287213,0.2204902837419943,0.7205361183822143
205,0.2057696677110908,0.00043636913565343535,0.007874594269622366,0.20653490934697366,0.3270359728678284,1.0191067032864365,96.31904383439834,4.714046670305801,0.9105275974115258,0.8719326649249812,1.0035509486021477,0.5126215314864708,0.46721004139748834,0.8843180276108842,0.7869863402434765,0.8908120175675645,0.6906897498858025,0.3022114440429422,0.6899921491727389
206,0.26717702352660405,0.00522672798142714,0.01106157828591609,-0.061054813674978614,0.418589191452153,1.3056549855838586,96.48569693800124,7.317250037894576,0.8875872157689422,0.9167390193200602,0.9985556711905953,0.4875282358819637,0.41800163746142216,0.9335755997178293,0.899480657234721,0.9266180512041067,0.7424436575070599,0.2778724274793844,0.7430202394072235
207,0.34608559499004876,0.0031819498269002092,0.004639470961157156,0.09917242953513372,0.1508021234142607,0.5919495605214125,96.53127994897886,4.9023705548338565,0.8902304897973596,0.9271969574733493,0.9971358284630001,0.5875484968143905,0.4879436342101053,0.9086350603207636,0.8359513491256466,0.9093905958039865,0.6585081101802183,0.32383716425782677,0.7371136630458484
208,0.3224137993970498,-0.0014741297462802605,0.0011139149829081313,0.06304041808667796,0.47632149667025925,0.8389588548149426,96.51520413365927,8.243207663979105,0.8959593579692009,0.9245650620714225,0.9852119470377785,0.5414884672445937,0.5882610529144923,0.9175122522904653,1.01948671080264,0.919132153361395,0.6987860798926478,0.1731148173506239,0.7637698207375094
209,0.1333827007056092,0.004435446525518407,0.01229839949936884,0.36460188490034395,0.15954523340832785,0.850079186738853,96.49282810232853,8.858751570485012,0.9264392659391859,0.8727455949874878,0.9957014694033621,0.5968209889873716,0.40858768372809157,0.8807346239938113,0.9174479043172629,0.926357027999015,0.6416001594678303,0.3396585257946974,0.7266778954525449
210,0.11425158984672816,0.007029101186878079,0.00585184855591349,0.22171587691973696,0.2819200016668018,1.173109719868628,96.52333629563833,5.412998771697742,0.9297638427352412,0.8820155833158224,1.001006225048466,0.5710426541813043,0.3533373235860112,0.936680666357337,0.8975502493356673,0.9162733868342972,0.5842571742216365,0.25487150486964905,0.7017772042227736
211,0.19515694667815361,0.0011034409739297752,0.006577791354527508,0.10482022364730625,0.40936189425071373,1.0206229467067514,96.51377325799946,8.504663691406765,0.9081983567586347,0.8820107218793983,0.9985551566850374,0.6035125138243594,0.5865328687416622,0.8646236722604718,0.8769737784830743,0.8947279771677313,0.5907399402201985,0.26707642863886555,0.7030439572440728
212,0.2660972739169178,0.0017815590581338847,0.0036874186687270607,0.04215436407176959,0.6306749047749372,1.13156971983974,96.50438866028844,4.514113376899156,0.9175370185790346,0.9060280304828943,0.9930483303150761,0.6749852619267831,0.4180186676430611,0.9070559937500309,0.8711489940453527,0.9254081233640832,0.6256657256277138,0.2975526857879565,0.7107074873363514
213,-0.07207967664370474,0.0014174520151343096,0.01013779617455974,0.23786293640666217,0.11692049609899946,1.3478801399542586,96.38041766024651,6.755769242235549,0.9185770874549092,0.9120701417617625,0.9940633650959532,0.5977996265465302,0.42040761512505576,0.8703974158136346,0.7363651895086746,0.9166445391397758,0.6964341665304624,0.2874005288984427,0.6550857434919329
214,0.3764400925464976,0.003865904764982541,0.012845758362904938,0.041346956597644036,0.0433061556431468,0.7636720120695445,96.49124144133984,6.828179846500868,0.8886354886412674,0.9037963064364212,0.9965058017519457,0.6321654722291763,0.24491876508394084,0.8867242835760224,0.9709206213137905,0.89604101742081,0.690216064471617,0.3607751900813231,0.7396061746529765
215,0.2181836140754852,0.003904142302940097,0.011551860844697111,0.09867040549374936,0.37874330159026015,1.2187510388558676,96.43120871181473,7.261889083952866,0.9210145279599652,0.9200015954349436,1.002977188543425,0.6012592569156556,0.5355798679131014,0.9501354329924656,0.7373373507136011,0.946867818591287,0.6333445267541992,0.2982585390253024,0.7272072442693375
216,0.15845254132568287,0.0026602483909751165,-0.0003126778544878398,0.06310832210921459,0.5876697004751035,0.7088456327703764,96.31854934883022,6.072400310518134,0.9075826693247747,0.879182738863074,0.9951007697708149,0.5282495742969723,0.5737043755802529,0.922683220496657,0.761695922026129,0.9362744772188349,0.6507945012985452,0.2043501037082044,0.6704673432373612
217,0.19365382134926495,0.0002142757080496314,0.006967685050556989,0.06342426768926597,0.3980592178145706,1.049589082541589,96.49777687361954,8.638264356542987,0.8941560372888417,0.9076630540955793,0.9921256731784953,0.6451966432753189,0.5156496011901811,0.926205774375913,0.8441049306638955,0.8789873815676238,0.689248178535848,0.2975275206100407,0.7094007303214437
218,-0.09056405568814646,0.0065282315248428174,0.011828826486580537,0.11254231764452104,0.15658218353524397,0.6219084074263346,96.38269850289817,7.8671711076600275,0.9308312576210741,0.8405342280362631,0.9857855448414419,0.5440962398667559,0.27210674756646674,0.9134886160260507,0.8934701082291358,0.9226303228306497,0.660894753936101,0.3751105124288066,0.6815652557719879
219,0.05398994837181313,0.005233472674009387,0.015143890666495921,0.11826519308487574,0.7537681402636613,0.48298492061465237,96.49917978063863,3.455121610977365,0.934255738764795,0.8958673510343229,1.001321238534844,0.6557977546058295,0.4071814182123403,0.9170875247638536,0.8037295029775875,0.9389912240452579,0.6363472112389749,0.25204887325340986,0.635907091250755
220,0.18341232278946976,0.006474649055353415,0.01666202295353985,0.05080948753439132,0.4309988992963656,1.1789568246389548,96.4547476792271,5.7561752863230495,0.8941305713533424,0.9158110182752053,0.9877096265690211,0.5722415542043355,0.6437779199425208,0.8965785750651324,0.9722844593928083,0.8990942740953607,0.6158657465526504,0.35342037930482845,0.7657751014002896
221,0.32509490743982516,-0.0017087271148490597,0.01311585398942192,-0.02026280084972354,0.05861938258229271,0.9963055013971625,96.46021051413476,5.650409142659666,0.8995927003338837,0.9112244959624237,0.9947694432393175,0.5359647061211287,0.341349655641001,0.9419490866201353,0.9240175970957076,0.9046466007842754,0.7360789804045665,0.356240248127069,0.7125726820169015
222,0.1568078699131919,0.0009005380603132143,0.004757838069560802,0.18312166002900152,0.12743338159214648,0.7778071799686467,96.33608876311928,8.575643207716166,0.9249271954517374,0.8976611926314825,0.9888810641289664,0.6021027277360561,0.5285291421739425,0.8966489601679241,0.9862179692561798,0.9559913588757142,0.5966065384613388,0.3144305661980593,0.7332336759361365
223,0.25774302083584744,0.0002694579949011136,0.004900627200661275,0.27023198582087604,0.18500175338708014,0.5349467748788433,96.5258473202032,6.368506102451663,0.9147504295971043,0.8488258214706679,0.9836518301010646,0.639035688146165,0.3984461604839949,0.9370202799027206,0.91435170762694,0.9065114175385327,0.6902123766746409,0.2967599561182814,0.7280948798996509
224,0.03558040487006148,0.0022515245265215932,0.005086025352017696,0.29184560738529575,0.717110085018969,0.5872000442281908,96.39765445384286,5.154650519435081,0.9153550482328479,0.9188082585648244,0.9980877935493288,0.6422976207027868,0.5000190752614866,0.8998314479838677,0.7845883206141704,0.930405049938355,0.5549835132781589,0.19537054816185753,0.6799620128172847
225,0.166247042365418,0.009178541815665044,0.013830668912174732,0.06560842967073317,-0.10639557400089722,0.7422399017487602,96.52613176127944,7.783952561901434,0.8942964048319428,0.8985236472442786,0.9991406504015411,0.6589351498334155,0.546516160944922,0.9380130462237439,0.91956825759115,0.8818780520949332,0.5775323236043487,0.3515368351202128,0.7392589665434207
226,0.048825735932343,0.004976118438776717,0.01361236343244028,0.2315868499214661,0.36180071096061533,1.295397230844088,96.51992272303707,6.486384040497499,0.9338405267001273,0.8923458423952475,1.0038008883886134,0.5523129919269535,0.5849479873364303,0.8703389597796318,0.823718067261662,0.9305116036954575,0.7114019618946589,0.38770115224343527,0.6757076994448596
227,0.3102553044121705,-0.0020854246898989724,0.010809043033765984,0.17992951336913696,-0.013509728327033343,1.296861078836076,96.52875941507615,9.078610132689779,0.9510065266210657,0.9367480801101883,0.9874173842716623,0.45936882545172686,0.6498739172709648,0.9567669927378163,0.8232888870454222,0.9310361230006553,0.7112340857545908,0.4236506590079257,0.7244212336512907
228,0.20953521913024364,0.0032579914767848816,0.009509953430212091,0.21405767152743532,0.30084044302038515,1.253477512718273,96.4819477417112,6.668197584443062,0.887255572027314,0.890932956324634,0.9962792947364171,0.6219934488515853,0.5666174726956423,0.8909775982160376,0.8304544563007678,0.9338901654455529,0.6569738189207673,0.27354872362872595,0.7228803906449154
229,0.27789065290712156,0.00026098642195111895,0.01014994940812915,0.1723001230460963,0.0379174193242266,1.0841306523640326,96.36480948059994,4.809423832345886,0.934130230735899,0.9080830291084309,0.9910732332171038,0.6338170199778178,0.5823625531362446,0.9185982703734726,0.8245206244420191,0.9322969949143272,0.5554082172855744,0.24542061791725595,0.6762908880608
230,0.19420457021663776,0.0038842934731674788,0.0048271704998205,0.06744776569323517,0.30906754870218806,1.3710157021388365,96.38728591935092,4.673005920944238,0.9041109352044687,0.9248995483336615,0.9862590119077886,0.5811301665346427,0.4043391559031134,0.888024680867573,0.7573428381119147,0.8682750439998044,0.6590286080882857,0.3251151086468583,0.7073856396858499
231,0.1957526935973521,0.006155337604397706,0.0045151542114009405,-0.02801021922785582,0.05314249781622571,1.1956500319052512,96.52576677051789,7.420780538060434,0.9087363803634343,0.9115452938797828,1.001825840253395,0.5234286744527809,0.33680472279252194,0.936553123598908,0.878458976265809,0.9209055272850342,0.7260426310097517,0.2613258104451921,0.7412941996513326
232,0.14007160587373713,0.004241641205456608,0.00877120437344425,-0.09293804935406375,0.20096752344572372,1.1913321639290615,96.463340484719,8.869448459456022,0.9198494559938999,0.9212434186743902,0.9991891494854769,0.5479442426714078,0.26258008636683133,0.9181847861769421,0.8790376248689982,0.8818555889500724,0.6346254357951459,0.2103270147325004,0.7019525786086265
233,0.06697554410157451,0.004022863739935163,0.008249827532638076,0.03531556961738101,0.3460627168084564,1.1366873997559153,96.51838137124636,6.797456339680951,0.9322920619332775,0.8328450805850816,0.9870944333724796,0.4918445869014504,0.4014042789327056,0.9091743619423407,0.8434502033401471,0.9190401141580352,0.7306203898585899,0.370667111465754,0.7318237067288028
234,0.1806514321673642,0.004513498388625822,0.015216063366439703,0.017987900779218233,0.14361759956203823,1.0945414714275632,96.44161052898914,8.291016198677774,0.8960390709594744,0.902569407640877,0.9905346787115052,0.6076493989645876,0.6550108397722884,0.9106202902326668,0.9007592460221104,0.903336243180699,0.7488393613277082,0.39958476057033615,0.6881937483273489
235,0.24606065808234043,-0.0006657417273281392,0.00326847753350776,0.04551682028988269,0.6601383592737406,1.1188923522257426,96.39580404857207,5.820357467878296,0.9126874729349631,0.8828337099125465,0.9950055748585624,0.6424529760041952,0.4422790420368438,0.8702992542321214,0.9103761256859388,0.8461435594329778,0.6245645053876014,0.22830384021024466,0.7140258396660317
236,0.02386983369872822,0.0015503702723430103,0.0046712123316935365,0.1627333016019316,0.01990450660363302,1.1964795955338388,96.13181699867343,9.115970284170634,0.8930862079834525,0.8595757657966827,0.9984061112814724,0.5745915161161317,0.5553090129225913,0.885683434324291,0.9599118630104179,0.8987223232762456,0.6559859031662764,0.3090966064049837,0.7216919191525419
237,0.021037445860947523,0.00816592683951695,0.01752605379596174,-0.022856503899986558,0.4358984587059487,0.7181504030584431,96.4239877681507,9.437174385138139,0.9339221077701473,0.8828393253930771,0.9983676055389594,0.5445873117602956,0.5289401558178826,0.9092253300374405,0.833486580001046,0.8933844740153287,0.6385603032598199,0.24355969488983784,0.6935584110003612
238,0.22785060984667005,0.007135551278799078,0.0025488829976942125,0.2770309999404913,0.25320059437568443,1.347556657958187,96.50819407354635,7.58217563918981,0.9084993226687021,0.8763581080098225,0.9996013595096213,0.6523340477135952,0.28811831363249546,0.9466758638074091,0.6930953678912369,0.9133799120684049,0.7332021891310966,0.28881401681270386,0.7004607974900322
239,0.22727336817901433,0.00122584029668422,-0.00029647791502697245,0.10033714386809509,0.11249455069173664,1.0704499279848294,96.52309464658242,8.525879204013162,0.9025796561522043,0.8759279787338601,0.9927257686072242,0.6613090918246086,0.27143480706704304,0.8983278608597941,0.7859349559173153,0.9352090712106981,0.6062407631697291,0.26014751630873484,0.7262508704501986
240,0.20138997102911482,-0.0013520179624016003,0.005867597014608095,0.08831199727585445,0.3435232509774933,0.8948173391246029,96.48752496835944,8.418391019629697,0.8921834611544727,0.8826196339760125,0.989580200765376,0.4894040873095637,0.2593411807126005,0.915324228898081,0.7994299706808045,0.9416786274750752,0.65279228028874,0.23862327583798215,0.6899472674984832
241,0.14509740310435015,0.0018799182955181628,0.013864156505840136,0.25465660649821453,0.003954724861765291,0.878501559075211,96.43598967126135,4.095967326933928,0.9055577142153779,0.8872955948083587,0.9927987952257673,0.6162644582906046,0.4325510269709729,0.8771446437828374,0.8509023397202121,0.9306361474592466,0.709638988518679,0.4345480748905916,0.7185597886168321
242,0.11917532565150102,0.0014127139768341378,0.017186658755058776,0.3336697739646268,0.3883606552271888,1.150678526207001,96.50460485788129,9.18796211022223,0.8983910700317038,0.9118643069791861,1.0054060075510403,0.5755032494910426,0.6182930104377469,0.9052112767103984,0.9793839711361322,0.9578725083858645,0.6069157888020335,0.1870279478961807,0.7457314496824193
243,0.3453361806656735,0.00510329144806348,0.008578769657468018,0.21336292545658045,0.21754445666209862,0.7997328978503258,96.5141379690746,5.292748266754183,0.9102436075020373,0.8821917137974402,0.9884134952957153,0.6568085831957609,0.1485431591379246,0.9120534319182249,0.9410044419186453,0.8760495627996046,0.6299450746142362,0.32218778426757644,0.752674904034814
244,0.12419322187787901,0.004904594555236329,0.008297630786533243,0.08451979002946544,0.14458655005249785,0.5526262019377111,96.52479010558355,8.776365858091303,0.9045400325031423,0.8728813134455504,1.0016794071562798,0.5706127414329663,0.330724189420369,0.8607735476142544,1.0280515706271718,0.9153149469354609,0.656195187133291,0.2701264907067856,0.7712910036552953
245,0.2530661659591531,0.005143253233949197,0.005459621898321146,0.018698010382898297,0.34775452267514395,0.8953368171310866,96.48799064622762,7.099278218078676,0.8867187119096308,0.9286002273335424,0.9960460384338384,0.6085971126273046,0.5215323145776863,0.872739140401498,0.8146523477929521,0.9018649802828135,0.6279090673093854,0.25717126209497027,0.7087012139141617
246,0.3875584549416371,0.0004386569756610124,0.013075164864836186,0.12184176136980522,0.3422712833508018,0.9647943303877483,96.50686444436599,7.339633236890999,0.9271595182469221,0.8841244603926879,0.9919910844389838,0.563981361412294,0.42046013244242025,0.873076871936418,0.7548349903395211,0.8917133415097026,0.5709626542135339,0.3037994286510153,0.7003584053882406
247,0.22852689915504534,-0.0007956321201721887,-0.00292487659657449,0.05324250181389176,0.25738845876818595,1.0972101546199688,96.53206083342809,7.315227477181043,0.8810913716278361,0.9418291178808059,0.9904051962957208,0.5430318696257471,0.4419450579833529,0.8870428074653115,0.9072078121481996,0.9421773994359252,0.6519133930956921,0.4009661450683589,0.7481971074745014
248,0.22290236158352628,0.00586714223641659,0.0003644971631394456,0.05496708202011698,0.3059533254830259,1.0570220929587424,96.46973607379505,7.770016257534562,0.9164254739849912,0.8629420960103423,1.000242800864075,0.6589239958877028,0.33511634637706667,0.9158891255936422,0.9949649676831158,0.8963251280853904,0.633282391940238,0.32379962246990324,0.7287287612226664
249,0.20758331472446395,0.0045682848389193755,0.0033096854143558584,0.20964708996703219,0.2640740899725649,0.9901158302748757,96.5127538010448,7.976183993521449,0.9099132210771316,0.9208723116453293,0.998025678125524,0.5555297528112095,0.5217789640356602,0.9125135306827992,0.732941112858077,0.8969381983501677,0.6123867765384908,0.3115554141491846,0.7232961871517
