,AS%,SrAc%,HAc%,MAc%,SlAc%,N%,MAl%,SlAl%,Zn %,Fe %,Cu %,Mn %,B %,S %,N,OC,P,K,Cotton
0,1.2999999999999998,0.0,0.02,0.17,1.07,1.63,83.05,12.76,0.86,0.8,0.98,0.35,0.010000000000000009,0.96,1.0,0.91,0.82,0.57,1.3070191632300003
1,0.9,0.01,0.04,1.29,1.7,0.4,83.11,12.55,0.94,0.87,0.99,0.67,0.44,0.95,0.56,0.61,0.84,0.75,1.0
2,0.03,0.0,0.0,0.010000000000000009,0.030000000000000027,1.7800000000000002,89.27,8.88,0.97,0.83,1.0,0.87,0.0,0.96,0.94,0.9,0.64,0.13,1.053571429
3,0.0,0.0,0.0,0.010000000000000009,0.0,0.020000000000000018,99.65,0.3200000000000003,0.99,0.92,1.0,0.58,0.0,1.0,1.0,0.93,0.55,0.12,1.666666667
4,0.53,0.02,0.01,0.010000000000000009,0.0,0.63,96.78,2.04,0.79,0.72,0.99,0.65,0.10999999999999999,0.93,1.0,0.81,0.55,0.32,1.26103820404
5,0.0,0.0,0.0,0.0,0.0,0.4,95.96,3.63,0.84,0.81,1.0,0.53,0.0,0.99,1.0,0.92,0.62,0.24,1.546511628
6,0.03,0.0,0.0,0.0,0.0,0.99,93.21,5.77,0.97,0.97,1.0,0.61,1.0,0.95,1.0,0.91,0.58,0.11000000000000001,1.60260394092
7,0.01999999999999999,0.01,0.01,0.28,0.15,2.72,90.04,6.78,0.94,0.97,1.0,0.55,0.7,0.95,0.48,0.98,0.59,0.38,1.61101788143
8,0.0,0.0,0.0,0.0,0.0,0.51,98.65,0.8399999999999999,0.84,0.93,1.0,0.51,0.0,0.86,1.0,0.91,0.56,0.49,1.4580723548000003
9,0.0,0.0,0.0,0.0,0.010000000000000009,0.22999999999999998,90.49,9.27,0.97,0.97,1.0,0.78,0.0,0.85,1.0,0.96,0.82,0.47,1.6632777628000002
10,0.2,0.0,0.01,0.11,0.17,0.20999999999999996,86.67,12.64,0.88,0.93,0.98,0.47,0.0,0.78,1.0,0.79,0.64,0.13,1.37870491509
11,0.0,0.0,0.0,0.030000000000000013,2.21,0.59,90.74,6.42,0.89,0.87,1.0,0.31,1.0,0.83,1.0,0.9,0.81,0.79,1.2314544037299997
12,0.010000000000000009,0.0,0.0,0.13,0.3,0.74,95.03,3.79,0.94,0.89,1.0,0.72,0.33,0.95,0.6,0.93,0.69,0.09000000000000002,1.069444444
13,0.5,0.0,0.0,0.24,0.37,0.57,87.17,11.15,0.91,0.89,0.99,0.35,0.02999999999999997,0.9,1.0,0.98,0.78,0.39,2.0
14,0.04000000000000001,0.03,0.06,0.7,0.16,0.31000000000000005,92.87,5.84,0.89,0.88,1.0,0.47,1.0,0.96,1.0,0.87,0.61,0.08000000000000002,0.739130435
15,0.03,0.0,0.0,0.010000000000000009,0.010000000000000009,1.36,86.55,12.05,0.94,0.9,1.0,0.7,1.0,0.91,0.94,0.97,0.91,0.24,1.4259899650200003
16,0.03,0.0,0.0,0.0,0.0,1.0,94.25,4.71,0.91,0.99,1.0,0.65,0.67,0.99,1.0,0.98,0.61,0.22,1.6553763398500003
17,0.08,0.01,0.01,0.030000000000000013,0.0,0.17000000000000015,93.88,5.82,0.92,0.91,1.0,0.61,0.59,0.95,1.0,0.93,0.59,0.34,1.0
18,0.010000000000000009,0.0,0.0,0.0,0.0,1.5,96.66,1.83,0.96,0.68,0.92,0.87,1.0,0.7,1.0,0.92,0.65,0.51,1.4228481045500003
19,0.0,0.0,0.0,0.09,0.12,2.32,95.76,1.71,0.86,0.91,1.0,0.63,0.10999999999999999,0.83,0.07999999999999996,0.93,0.32,0.36,1.3775981719200003
20,0.01999999999999999,0.0,0.0,0.0,0.010000000000000009,1.44,91.96,6.57,0.96,0.91,1.0,0.67,0.010000000000000009,0.96,1.0,0.95,0.55,0.06,1.3
21,0.0,0.0,0.0,0.0,0.0,1.12,88.83,10.05,0.91,0.97,1.0,0.52,1.0,0.82,1.0,0.93,0.59,0.3,1.4957860528000004
0,0.2345855745095251,-0.0002809102375006963,0.014516975758654148,0.01899702950256943,0.34280776050771816,0.803076446709385,96.50945937485304,5.4304213017553185,0.9292712578100237,0.858807334113848,0.9903704595812068,0.5044125528406274,0.5185263742633102,0.9081481226629801,0.9162304027734386,0.9551457652163436,0.5940367949901418,0.4084884580443565,1.4234478112834117
1,0.2668091686528832,0.0030158026818821876,0.006133841316842461,0.08021111855223514,0.11758027118440018,0.7980350284851934,96.52384001085791,6.356176154048175,0.92823991063787,0.8667862857511937,0.9889078281009451,0.5645477857113721,0.5264414048956222,0.9488939140849849,0.9939781421694525,0.8944965872848675,0.7157685119965483,0.3590650549747823,1.2481164921795531
2,0.16820148869785823,0.0006864580729334202,0.007621644085956607,-0.0467556029859994,0.5334821575247048,1.2155707239886722,96.42011215360455,5.797412527197558,0.9052234548525637,0.8992971655397736,0.9913495590782819,0.6328849017276486,0.24059583480396748,0.9052139451158013,0.8096007695093291,0.9233602593120098,0.7074223645092875,0.3169560493968067,1.2780890801307843
3,0.12549107891310746,0.0054793062947598,0.00467180820037328,0.057644813821006405,0.5112074366621973,0.991404484096182,96.43650289581878,7.290568125342824,0.8870959448451371,0.9259365251956945,0.9957576230005561,0.6350458386072584,0.22751196065963933,0.9154923253850618,0.9960878665085595,0.9614728534916887,0.6485225396954762,0.3121575711956011,1.269753081335809
4,0.23802110118541486,0.004748473887287409,0.010795191517925276,0.11153728766490216,0.6165376167621158,0.9522145875305001,96.43997016821025,5.730119361216854,0.9438516976161689,0.8904835694436463,1.0026416440346486,0.6680792702260577,0.17622730375432696,0.9411416182689053,0.7456841031471595,0.8750022515611944,0.6860520931160021,0.28404237154501083,1.4861493796586214
5,0.2739168041366281,0.006110700135205337,0.006470532278540419,0.06762946165165436,0.33012476677551095,0.6374840979935608,96.52128563489991,7.624562037516609,0.921094703713987,0.9185005659044075,0.9865795823682351,0.6875354394014846,0.6142870977104297,0.8715733265832302,0.8461189927972792,0.8865021440642117,0.6627035647627634,0.16633273314499455,1.3745578185870972
6,0.04176679955073226,0.004907171581232728,0.01418745382080908,0.08220018483615829,0.18933284128078853,1.3542440586025895,96.51235133230468,7.8042239464123435,0.887585326021328,0.8514874993926669,0.9985985290325128,0.6518012615093064,0.531137146785729,0.9438195451131492,1.0001060950559837,0.9127886989064835,0.6268738622078244,0.27743874695490195,1.4132584828485333
7,0.4212538758481384,0.0071420037264682944,0.009399682673360938,0.10068560915116548,0.5903628633069131,0.7888078830573878,96.47122512422759,4.5257781303826246,0.9077271069446886,0.8823915873354499,0.9983290495497186,0.5909182052753472,0.35440119605853876,0.8852269087109018,0.846163236701879,0.8896778236600784,0.6248852067718977,0.4511110874194867,1.2593671473014398
8,0.2544650204318936,-0.0005989517643053325,0.005402949472678792,0.07581417995311242,0.005987598571382036,1.1246907399583332,96.41949208883953,7.956378860058207,0.8831231706880521,0.895338045255437,0.990010086907986,0.5736551450852025,0.36363460957327814,0.8634815030841434,0.7301525134887807,0.9078020133761895,0.7161029542949814,0.36629054573987596,1.2117075588067938
9,0.02926035492831694,-0.0006382156448673363,0.00849398037104219,0.16146969944628575,0.36492273114301677,1.1939166011581426,96.51965562251809,6.335992554921207,0.9207260651834782,0.8644683405387716,0.9825389446344674,0.5164049336022986,0.46177692093603806,0.8921072500502695,0.9288955306026961,0.9261059183011292,0.6641231879647294,0.2616407252063885,1.510488307673629
10,0.20435893627773147,0.0027548177389135403,0.011321603618677366,0.20919260234471465,0.05334823661092364,0.6343902902180237,96.49441644143566,6.542441267716399,0.8771585236126059,0.9077485641786773,0.9944765715493509,0.5565272829873404,0.460106504119528,0.9255349200271342,0.8611601097313848,0.9719870134966814,0.6777699501438605,0.3915222338582793,1.373289132729347
11,0.33683659390618714,0.0018798422930166256,0.009033932372059773,0.33459317138226286,0.19475972267476602,1.1891061317690725,96.52827919351479,8.462034055358085,0.9055020030318215,0.8752623103743625,0.9929843632944398,0.5402032145308275,0.7112151112560315,0.9303241841388856,0.816428478828026,0.9018015334712434,0.589713085259584,0.25518141284805596,1.288726173321157
12,0.23276033562331483,-0.0011959191775258783,0.008094995239725258,0.1532659895481823,0.6474041789985517,1.0545632403119487,96.53309958874485,9.109191357250051,0.9136250131180093,0.9024819314136964,0.9879334108399793,0.683286509193239,0.552863566863843,0.936189640312923,0.9883435482586693,0.95059859124559,0.7314836201652091,0.20167446898442576,1.424421554023695
13,0.12809033367199565,0.00497904712340639,0.008103728107925303,0.22455275708440386,0.5966989162575069,0.7722969833200478,96.51955381666582,9.05724396649811,0.9290225060444183,0.859304236439787,0.9983256955806284,0.6202350550707039,0.2336242086844359,0.9146640319266803,0.8580046552506833,0.870795918050281,0.7164210575488998,0.33462986333314343,1.348856199764446
14,-0.06263323190761927,6.922058078119315e-05,0.014167222778849126,0.3055599949053839,0.7592315005444734,1.063277217795953,96.40453250197153,7.934956501532483,0.889888567747864,0.823418430631018,1.0031991199662906,0.6166338513926544,0.4295312251995294,0.9416704051940378,0.8758375715285466,0.9563609677536148,0.6475675769276898,0.4956632783761068,1.605953322595386
15,0.1316924992471285,0.0015176691960236614,0.0015807336577384609,0.09094480954790614,0.5400661002869512,0.9967394054331302,96.5102645920197,6.737049520018047,0.909867926527563,0.9202102769191999,0.9922998509747403,0.5847860835252063,0.2404029674124939,0.9010131654867337,0.9049620736565038,0.8930926675309186,0.6651057963085021,0.3411194531321558,1.5550835647432575
16,0.2759060957686334,0.006602564794968669,0.003885536976909103,0.20649740809388,0.3906687424627707,1.359362906948717,96.4381057786191,8.475806384681182,0.9059137366298528,0.8486231557473303,0.9952741293566696,0.548070569693516,0.29290184797504043,0.9043797973517518,0.770915649005226,0.9265087857897125,0.6912928376744012,0.27057528221428134,1.3210024536596678
17,0.05340294244763501,0.0006637655613289011,0.009407099259732668,0.09169942880605071,0.3478080755599101,1.2605017024776486,96.46300961569915,6.71995633274596,0.8745797099432268,0.8425943867530212,0.9846330466341068,0.5179772512770786,0.3298239524319475,0.9459675479359265,1.0077401764265528,0.88744132035452,0.6863559771139802,0.23367706824449308,1.5085732629074857
18,0.269320812372865,-0.0012480206570936818,0.0047303926069216,0.06729570680488038,-0.18470954014230473,0.8926470426961611,96.46451908323942,8.085479536511508,0.8979307764203468,0.8790265157384364,0.9966594630502369,0.5385555896447787,0.274678433161643,0.9252945065338958,1.0710607045772158,0.8911457621587056,0.615673298331546,0.3615439375114631,1.271608346650585
19,-0.019529099669278682,0.006952682201044405,0.0018131147542098736,0.2811980530655992,-0.05729655215740881,0.9967746260230369,96.18133715520682,5.742010579494904,0.9306800499532474,0.9318030393050831,0.9852532713076869,0.6000522507354611,0.5981455131762021,0.916365754606101,0.843577789996969,0.8548160582848596,0.6124167473320002,0.3866290006519826,1.3107402575347127
20,-0.05322221951011358,0.003300017801210812,0.00860160273470822,0.13570763350371423,0.1878997067043332,1.1993399336948198,96.51667556384815,7.559606666399328,0.9277905190594326,0.9137434619265214,0.9871389467394021,0.664333971398846,0.44940148687103665,0.8824247668554601,0.9020545983731917,0.9154984357455365,0.6750951143829459,0.37814480406853945,1.243874663664072
21,0.13830739359079197,0.0028271814736261017,0.0018255300795439215,0.07086972576129065,0.38990405955825913,0.7378660356852239,96.53450976761053,7.0936858092462804,0.9522472968310398,0.8825337742771795,0.9818898615901394,0.600150347722054,0.6048875659663081,0.8581827966085713,0.9574183568602608,0.8718414751168583,0.6538633179797778,0.2667367112383323,1.3058400175436464
22,0.013633929986648419,0.001317955328547458,0.0007780707313825167,0.07395494475499576,0.43254652227421264,1.2340119890140735,96.43716295574004,5.327329440886772,0.895572173291549,0.8671159366500465,0.9884981709769626,0.6668238050553196,0.4531135618584117,0.8829247063427724,0.9465824222756496,0.9307248281544512,0.7012415016575828,0.3438476309472311,1.3675980437659496
23,0.25993189427843916,0.004538424561984113,0.008976978972286649,0.15078670281660392,0.2540743284131055,1.2179156114399265,96.52291201135844,5.614060332087659,0.8976044382109231,0.8703012358361074,0.9850677792306478,0.5242013247230171,0.46148855813308143,0.901762317620398,1.0514380954677511,0.9346306476668838,0.5773687029199948,0.34173511083397495,1.2389062349321245
24,0.23846983444462672,0.00022799945386902136,0.0013566133137797587,0.1247225938048302,0.19589680750976834,1.0911900248475297,96.45205010382855,5.188497802308224,0.9053190488422392,0.8427233629605191,0.9930815949820168,0.6980656047677333,0.3008789794826998,0.919830279442631,0.8442153181302502,0.8943531069925067,0.5969808359606772,0.4116804352139658,1.3376021561432785
25,0.19209626970834232,0.004164127713010237,0.005884863638153343,0.273138697768868,0.4543613663245345,1.0382643565169838,96.40219935796172,5.846795052770653,0.9020864064877564,0.8893393621765499,0.9848725602245246,0.634951124976666,0.5517307901490427,0.9348654637843565,0.9124456110184558,0.9293360795505076,0.5900191049247022,0.3500013029687916,1.5258818454228007
26,0.0930413388869346,0.0022824061311903622,0.016883997265706992,0.1605331455116804,-0.055163512174953466,0.855384004776334,96.4172269086267,6.777028700516988,0.9125512507076858,0.8556942418358826,0.9870767266349142,0.6636188715113918,0.2884746552908493,0.8973012984112917,0.8496579028171248,0.9221980534730665,0.6683577097743371,0.37629189439385063,1.3913147142680613
27,0.16782315700724987,0.005879556762673894,0.010318229507372045,0.0992497426517987,0.22429337421515674,1.2101975041143964,96.48657711112506,7.270188534257604,0.915523753671249,0.8579383908700372,0.9880386164968182,0.6364074515587728,0.47859184855955306,0.9226770743749397,0.856960843301063,0.905720503771602,0.6640294587738753,0.36697848769621894,1.4164454796567114
28,0.306151567612004,0.005227731896822832,-0.005269613293413332,0.19148081365712438,0.6171524756671285,0.771248036149108,96.41996699635915,9.328414122571633,0.9030798913824645,0.8740053624026771,0.9824515906979402,0.7052193876092765,0.19998178494248878,0.9326519734951418,0.8767817468503812,0.9153261742442792,0.6457719202525265,0.4160679771078568,1.2569273338131761
29,0.3387636549481351,0.006043923349086822,0.003358369355375602,0.12953186377136652,0.3397793703544624,0.8873603353229417,96.51956304631726,7.228653134920925,0.9182689645707179,0.9022630316688726,0.9832376536502861,0.5593379417241449,0.268692579441811,0.9432109502695813,0.7637433606998627,0.8963863273642997,0.6268723259565544,0.2832019383615356,1.2599357229524681
30,0.22683395118123942,0.00770133743042916,0.006375509428079274,0.31968102284485733,0.376164901903645,0.9668221513888736,96.53125673500706,8.247334046303047,0.9356250443143393,0.9325735165362523,0.9954906367499343,0.6035429357819454,0.54404842821689,0.898601062757893,0.8180594869876884,0.8924005602524059,0.6643464415964735,0.3501199905987632,1.2770119902989512
31,0.15928445610866404,0.003836880368500526,0.007026005669319761,0.10339265372591191,-0.03622380884355819,0.7984201343424562,96.49262309219196,6.897133835044614,0.9228761251446591,0.9172455828916668,0.992846393532424,0.6777942213590543,0.33780410192607235,0.9411437764313357,0.9547407186222088,0.8911417494906377,0.6136711183269458,0.2543750770430037,1.305990013117725
32,0.421676192669866,0.0030533455646230027,0.015795583309153396,0.13160236781434242,0.3486348549951812,1.0287524333352789,96.5243143590047,4.889149249476187,0.9216123003233323,0.8842081231417962,0.9952990601081835,0.5081609926695695,0.5079395550360278,0.8811750260453008,0.8978809994130921,0.8906345160870437,0.6446182749416218,0.3228355527899863,1.2381855656576524
33,0.09529883194040516,0.004146963853963368,0.009333420493220734,0.016613668575711865,0.31868530337644163,1.4216637651095516,96.46766807249938,7.357238755346764,0.9349327930826367,0.8275275793232226,0.9815373504362277,0.6263436684566357,0.3604311588113277,0.8966683511413313,0.965057787655924,0.8863677416110863,0.703934712889114,0.4047668932694523,1.2565851082048818
34,0.13600887589645286,0.0009975473709132212,0.006576645918538869,0.053095046130036336,0.226277932897665,0.8104115686616401,96.49066640608639,7.712996297592333,0.8888189675027917,0.9155033019120267,0.9911609660977043,0.5638161424615672,0.5424616637944617,0.950566666334533,0.8222949624287518,0.8838790091049238,0.6420164299718272,0.19359154635196668,1.5700933773822274
35,0.15315759322947453,0.001343533817493634,0.004136799987240527,0.12046460599631834,0.4842530666474013,0.595031381071142,96.52555448853474,4.459054577857169,0.9120137523552176,0.8380732603597616,0.9966193886676861,0.629326738812158,0.27778938392816416,0.9317726731440498,0.8917462330235152,0.8546844076887973,0.6516949243085748,0.2514529973441414,1.3309506089698397
36,0.09728104728640097,0.009211034179232493,0.009159712335589149,0.3038209024438779,0.043181191526439594,0.5118930893412978,96.50019616104281,6.088462840766539,0.8799125869968552,0.911888749267048,0.98987262311351,0.5819011468766209,0.2825779482481516,0.8931352756400756,0.9854045267845452,0.9322931795905905,0.5942662442398954,0.3646503868297504,1.3778920543418656
37,0.014796365234727354,0.006958099320519303,0.0038427488568450498,0.09182776903012599,0.19479006857090825,0.7538615388068166,96.50572640037463,6.468497166782904,0.9285802199789185,0.8834034994158417,0.9954883850684384,0.6483510225093833,0.5668789154462482,0.9217594608391956,0.7597868513237334,0.9427119662475661,0.6437027431193028,0.2306461269612835,1.1978528270322775
38,0.3023329389569269,0.002967020193908221,0.010490234746941846,0.17175037341285745,0.6251104033239221,0.9973114546733735,96.46909307474463,6.460871767140488,0.9413975918122814,0.8712236086601974,0.9963287670890051,0.6735580630513696,0.2874566265486276,0.8587833366330038,0.8742342893100731,0.8761092436235208,0.6286397373917585,0.19247691524011762,1.4076375094878002
39,0.4292408747761706,-0.0003124675114671879,0.00831250986490934,0.1280923962328635,0.15672838268908806,0.563035571282597,96.45483578044539,9.651683776232389,0.9194687376270854,0.8695441423693304,0.9819255995753882,0.5001128423511708,0.5287916425095491,0.9017837971380928,0.8372219666601267,0.9050092899720193,0.7082640237838629,0.19863034504840335,1.2798054383401234
40,0.28332586164648804,0.0016743290581901441,0.004721562669791467,0.21816495055576135,0.2858385061411565,0.7842266423148985,96.49272433867141,8.279521838758999,0.9011102876152478,0.8978156315307333,0.997063885093252,0.6217562444683978,0.5080311586636821,0.8980361411158305,0.9007557789349347,0.9337839917590143,0.6470710824495103,0.19471300319016546,1.2999693934004861
41,0.1862960277006655,0.0028940902052639267,0.011951936347857139,0.21108407799078285,0.08626454714408341,1.042681129924882,96.50070183406723,5.194296027674518,0.8927069908903366,0.877578489731038,0.9832376243396949,0.5408909447686722,0.624727512350691,0.9116601395938205,0.7967079809759859,0.9135262952715142,0.6969536774864058,0.33132328099924224,1.4639632041209496
42,0.11457370340404974,0.006310119404749884,0.011293314442169428,0.06561605963983487,0.6752976233309407,1.5160216241682882,96.51331932696039,4.0687239754582825,0.9239695778429313,0.8824098855711954,0.9901277173768172,0.5768461542746971,0.36769147984130096,0.9244365951969127,0.8645712860927806,0.8785546639216834,0.5626786713125457,0.23056797489484498,1.3310699456759008
43,0.280092945838865,0.0005337572822518171,0.006218160805476196,0.18621468915636796,-0.17960791995989844,1.2127976285974675,96.48474208860667,8.542554884665291,0.9300379799556943,0.8617071584231688,0.9868849840742805,0.5413436196108442,0.41324993989356934,0.9284659575535823,0.8214684905933153,0.8770144084710683,0.6038653257118698,0.30522420526654714,1.2255106213085483
44,0.1931857937562575,0.002840613445136184,0.0060015693244734715,0.14588945455448485,0.41150449709004333,0.8168681394776753,96.51354866981438,8.624862848182998,0.8821985903868412,0.8938841504442425,0.9932005536606198,0.6468777525956407,0.3268915529672559,0.9227235108365679,0.8952991152567809,0.9223164941806868,0.6366225693929582,0.2652792873986936,1.1838860568578427
45,0.10696363634107288,0.0008259829005311716,0.0017784584890693641,0.10647280108726254,0.19508572835341548,0.9091845161008205,96.50449969579215,8.557392930668769,0.8873146169671039,0.8407509518675631,0.9814607901249465,0.5268788592195806,0.74666479299568,0.9199881153756481,0.8148671350983778,0.8865172433418987,0.7164071399857153,0.21823278101312388,1.4223927317413565
46,0.2190377116151214,0.0033210680822925616,0.0045148120674493464,0.19832265289257126,0.5803917016910434,0.9690542204369498,96.52610155514745,7.457080906965151,0.9045799230477857,0.9332932840790471,0.9961255622552614,0.6612561738544505,0.3369956297825307,0.9354158601810505,0.8758277797859645,0.9280066828632615,0.6157140665500019,0.34333557645769713,1.4536658325532743
47,0.2735913662521381,0.006594242874003125,-0.00038385284186425155,0.2211738158090817,0.46839995927326705,0.6464876297298345,96.53116863378875,5.882376910645288,0.9155087745968448,0.866838502935212,0.9888392088662924,0.6570539428848797,0.3414135621492765,0.8704487313467789,0.8083806416559327,0.9366742481068632,0.6835687012568861,0.3300534857195739,1.4380360185522534
48,-0.0034744830612387645,0.0046873974064351245,0.005404612251579037,0.3414991131680375,0.47582327094084,0.9343643198520204,96.5175224542895,7.029396268845903,0.9124093078428828,0.8718568954918027,0.9861771997666307,0.6696587285954189,0.32590687684469116,0.9450153457861763,0.9304636256510123,0.9223275649540326,0.7088911199644014,0.2515461260042923,1.363288742239259
49,0.2763685081505125,0.0013828002863761238,0.002705531107127396,0.22950185051363692,0.3666140805804837,1.2560102793783494,96.4726822904097,9.355433431336063,0.8984721697655175,0.8998813663221806,0.9898550838650377,0.6642709118346117,0.252812798784775,0.9040062675875926,0.911187814894255,0.9136986012361548,0.654886536748756,0.3706738184294658,1.5373541502731607
50,0.08544368332416713,0.0010705958928706712,0.01279900471981699,0.008096785379718835,0.12821622417574552,1.2656776957034837,96.51368627552678,7.814709024193129,0.9189217566805026,0.8879581127004712,0.9943103251467713,0.5816179979990591,0.4945301639669036,0.9122172529810036,0.8953494158077213,0.8828054608158622,0.6819883611633414,0.27255099558194656,1.2735386204349326
51,0.2714956452422091,0.0020759092169283493,0.009174232875144852,0.13905735631006608,0.2898106724838322,1.3669544127251494,96.52544457177667,5.498958146991613,0.9276081978811315,0.8816193934317648,0.9878130652159274,0.5830697407523817,0.1616312636222557,0.9248223806549812,0.7738695857664762,0.8548195471377273,0.673938507719464,0.48563068577235263,1.2426150734485426
52,0.07723338939113689,-0.0014047905228808115,0.01437741901727217,0.1147000021918889,0.47102620869506673,0.9356693443709362,96.38755805422524,7.771919288434056,0.9153303106859405,0.8537990235269451,0.9992176597929533,0.5343314168573654,0.2255282020432195,0.9465614928016199,0.7923156655541436,0.9078445681839555,0.6458460399104551,0.3851449364774513,1.4095663539493113
53,0.2349803905420274,0.0025869553315572245,0.009206904343548322,0.10216453047617749,0.24381413410113056,0.9518325623253571,96.43353738084203,7.535764101623704,0.9129185473660038,0.9004390093452442,0.9939717959954402,0.5905580673947629,0.5574690142101684,0.9012889391950621,0.9710170758941424,0.8887241084525297,0.6801720655775847,0.2937160665822023,1.3477508695899332
54,0.12459554182806329,0.003507021952756208,0.005449818445188625,0.17783086424385636,0.30774506719226596,0.9795043117294349,96.52300039226316,7.189661044221147,0.8961466085874293,0.9000821962666247,0.995492583025537,0.66680584485262,0.21114238917348732,0.8701408659951704,0.9583884098467186,0.929877823848565,0.6922208922271141,0.42283282822965257,1.2861626902916863
55,0.1692032065044629,0.0022884072698876002,0.011610622768100688,0.20667772128930378,0.17465201253651083,1.0143923534891421,96.48971994728404,7.802647291246218,0.9156327614253424,0.8921300770443736,1.0014381181814747,0.560832021339279,0.5125043111545815,0.9637915376175156,0.9637020884475256,0.9311947756611961,0.6154156447787615,0.3296181018888366,1.2955828977580928
56,0.21547927646935638,0.0020644733111165364,0.004252193857920737,0.1258391906880198,0.21751676071424686,0.7402423841948255,96.48997977595644,5.994856524426329,0.9295205187705228,0.9054374690643858,0.9915553999024799,0.6144409124508111,0.5521474915367062,0.8621222227673133,0.8876339968229893,0.8646423124965145,0.715675411993876,0.27769777451894356,1.3261892333540803
57,0.05160112657720141,0.003952999058064366,0.01619874873627547,0.3740639113763242,0.48129591933472354,0.6976350666796354,96.50412351757431,5.410402903851831,0.9185514443072051,0.9127526580442743,0.998594749013042,0.6586464307621378,0.6284618965777612,0.8816889309320823,0.7896680299898103,0.909812158927058,0.6708655982913004,0.2704381519967686,1.3720435526550736
58,0.39827413084515884,0.0016717889745861336,0.009492025810784153,0.30597363471791206,0.03184735382544951,0.9298197754508098,96.5323517072917,6.802551676454866,0.9252142382090301,0.9022411409833073,0.9931386939520965,0.5580226054448858,0.5786125501843467,0.9624241491076405,0.9607059227795998,0.9395257640570513,0.6796596563103284,0.3942010626719524,1.2668751643743628
59,-0.019951864486091764,0.003618060348269617,-0.00028907240932518705,0.07243050034987113,0.5319295182567829,0.5462552727096659,96.36691579893343,5.293154086821906,0.9364451529908909,0.922015552728602,0.9966766429822641,0.6239169147018176,0.4303243397901489,0.8693876301772728,0.9619947039786425,0.8857081108749808,0.7095710004682901,0.22582879558196936,1.4553723371947183
60,-0.009197538824740004,0.0076260827182103655,0.013900447735137964,0.22560672876665494,0.2388341412276343,0.9625019222104886,96.49702367812465,5.370808985988058,0.9054980115010294,0.8897116913792608,1.000025065566396,0.62174320140222,0.2868381456812527,0.8799633060235934,0.9838427384646076,0.905617537349193,0.6154584573626025,0.40555773367558423,1.539936485835829
61,0.18016980372355818,0.0005689737354796303,0.0007004192054908031,0.07457027879206558,0.25884970583954875,0.6646019074693075,96.43545435147776,6.527058336215021,0.8877085620195133,0.8991902163087206,0.9997578764969506,0.6414398877007887,0.2264341654674986,0.934795622863382,0.8506527596392406,0.9224117128204938,0.6921650909762053,0.32922608439161466,1.2710097317184192
62,0.1508718179408057,0.004059819162163902,0.011117181087704486,0.21350728681412368,-0.10703294417232379,1.2970026535986374,96.51031493557302,6.135333302578135,0.9083737879418976,0.8700244823905336,0.9865414084634879,0.6233024963482434,0.181628467737295,0.924913568819179,0.999209944448911,0.8609377768928629,0.6484770039375495,0.3361375120486393,1.2723574912834499
63,0.09614147506024184,0.004405518187519461,0.010493028206448814,0.14159199233906714,-0.0022517376409921797,0.7646552242368678,96.45170748797959,8.126180467577031,0.8960089123828887,0.9125877105256252,0.987992679472604,0.6963588612577506,0.1362717940164701,0.8717396048763785,0.7315359493945848,0.8958910308563939,0.6132229299202717,0.27432494685439185,1.2932684801082732
64,0.2516947970030781,0.008089974692578165,0.0022557110845385225,0.21471852864461777,0.20558247486383033,1.329241085703032,96.52491596446684,5.087975045264411,0.9165326126920227,0.834485961150182,1.0006687036449868,0.6160172365975825,0.41593386774259344,0.9289174404928194,0.8160991163025526,0.9167291121492716,0.5823118116961753,0.33085184880122037,1.4156669965168351
65,0.18908918796877286,0.004269744071607484,0.018819304564862523,0.2696319027137816,0.48261889050900364,1.2087967946150195,96.502513083241,5.347761772837253,0.8855376088167938,0.8547287999086511,0.9943907836358445,0.6649189298678463,0.2532039117743722,0.9282011254967157,0.84455004442244,0.9143384268849964,0.5966538248311778,0.42412918492956586,1.4890955451831303
66,0.25426687424192207,0.008550472202279781,0.0041847374529237116,0.13205829731615149,0.3619431877790682,1.1471724790341962,96.53106794668213,7.515706526521796,0.8942661657747052,0.8747635876763251,1.0000231614247683,0.5908388904622304,0.11666349743938009,0.8775848555447363,1.0106450863521872,0.8973214221596593,0.6456112420649526,0.3247452989816005,1.2906019234600827
67,0.0024095556635512494,0.000507959727271798,0.009348445881667338,0.35849356765310525,0.38825580058429787,0.9721032248741514,96.4878790513511,8.808479050379628,0.9162689793574181,0.9294879621268265,1.0028943578592195,0.6810129391551798,0.2974508048054735,0.8968343648855364,0.7161629207116532,0.8771945180640157,0.7657533845992182,0.3064055231622733,1.290767878737582
68,0.313858192888464,0.0040987820622312345,0.009086593708249782,0.11737139895644921,-0.23784892662273938,1.1086813887780458,96.49153091677141,6.160149393486082,0.91350974160895,0.9074013661253402,0.9834608391477364,0.5329564941934832,0.6074021290740672,0.9012370963044853,0.8946654692213688,0.901993999012039,0.6467147865301774,0.32093592642525887,1.183004209534365
69,0.2701306347618362,0.00024400115701776965,0.0012791680240307112,0.024529153463324918,0.3485372722003582,0.5906689829312122,96.51862973277605,6.62128747710052,0.9101779496063762,0.8577757685923105,0.9958036147204273,0.5280676176485359,0.31388448270926084,0.9094414341805124,0.9242415988934203,0.8953549120899507,0.5937662083452707,0.24816534749366287,1.3935492799881144
70,0.20757946349398468,0.003536411015652575,0.013048462711627844,0.15854586398292642,0.3609688576276978,1.198137186522002,96.49720127899329,4.740552497396954,0.9077025912999633,0.8881452943725168,1.0006340501516162,0.5655401049882295,0.44506730040436354,0.8694255975918151,0.8566046368441683,0.9068071077167448,0.6673214308847436,0.3343522509789284,1.3779736638152769
71,0.23715998845000813,0.0011721573532995975,0.013037139171487645,0.07042439500271795,0.5593661611350356,1.1242761637011607,96.49961105707871,6.059467596393346,0.9130783581083934,0.9076618120708665,0.9972143695945094,0.6091350374200356,0.4424394015869232,0.9204430838632407,0.8896426406242657,0.8807116837524114,0.633669062812208,0.3736552981993003,1.3377609840351539
72,0.13670048358224,0.004444380996057098,0.012636093092094808,0.05713008367405188,0.0803403262910179,0.9843706656084951,96.39201066182967,6.7552671897681495,0.9179560639216741,0.8718361970551508,0.9887421774623039,0.540949340284294,0.5509120387951891,0.9131097558327488,0.8590237279019455,0.8676316941710233,0.7072490261424819,0.2937200763838995,1.3613198970351377
73,0.13723864786039308,0.006620690803330664,0.005690433270906246,-0.0009246396573798221,0.14599114672428673,0.8657354286506194,96.41672906682169,6.588068568749624,0.8991916729841093,0.8979195882881219,0.9917453350202671,0.5787163417304719,0.6086063056737945,0.920264871860094,0.8487410249805146,0.9250888604359628,0.6803963761263848,0.19823616560237076,1.2991034587772867
74,0.17053089792831702,0.005669989865013871,0.000796359264060121,0.09141635424990967,0.4733739919787856,0.52400840969182,96.5219468135668,5.031350853743943,0.8736515265851396,0.9098488824845786,0.993320834881517,0.5914930693217904,0.20987047554420143,0.8802937995922547,0.8409415739493417,0.8919356974076267,0.5655797964885603,0.4800089500435193,1.451489646872843
75,0.16322811039220933,0.0066303005313888205,0.013223565337651698,0.16615076881628055,0.5318018421528621,0.8181845489197481,96.49868529507049,7.867667998062256,0.9270659316304289,0.8667189035402415,0.9997876471598528,0.5767678585923576,0.4346786510031087,0.9024405120420451,0.8321618515258674,0.9225106651663202,0.6527263637709704,0.42023228899705145,1.4463174937018066
76,0.032210901469896025,0.007262096385066174,0.014226514313048891,0.35197081786927586,0.3030299572561861,0.9640253006266699,96.41737737991383,4.8371077607855355,0.9128137933033474,0.8246775213323608,0.9916069222953977,0.5213590299975622,0.40572405237787784,0.8734221454368207,0.7795964178206737,0.9175875965352644,0.7055791805566651,0.31513980651458634,1.158238544260659
77,0.29218320302685874,0.009753259084782279,0.00032143315700735274,0.27254069556243765,0.24239750187824324,1.025513696970465,96.52021275784145,6.891340423569007,0.9064352137221675,0.9312560980789256,0.9889556313200393,0.5972668657640181,0.1812497491280112,0.880837714539843,0.818152528261948,0.9124966932504799,0.6647579296748438,0.30018985704370116,1.4309357580144422
78,0.2623652814023508,0.0071901001330371295,0.007248357374406414,0.09644100419135102,0.34834785850516203,1.2592291740715646,96.48360068837842,7.129922901223099,0.9025569652514898,0.9302424968804783,1.0030351575653678,0.6115890275013682,0.1877143277265857,0.8875220773259918,1.021430172715159,0.9042793812802737,0.6705930982792145,0.28529092940848044,1.3407069230899757
79,-0.0762533821308598,0.008192651954438331,0.001359876458010758,0.2288771839523766,0.5010107369724294,0.8145257836246509,96.53047948648114,7.669446148760972,0.9447957232810371,0.8458804238614324,0.9966141020314822,0.5434846303370312,0.7679939093427293,0.8586478225972107,0.7700953655797845,0.9252638110582766,0.6812849764119865,0.2209824111110127,1.4015228087076248
80,0.11629230418735331,0.00500536763677547,0.01216870093606075,-0.040045662224681144,0.33111937479206044,0.4429111487128404,96.5296751083737,9.86581992428017,0.9123412026631204,0.8944607355293163,0.9844488306145961,0.6646323710826507,0.5603008657155228,0.9244599393205352,0.7576040564193312,0.9342461039649055,0.6246205209991527,0.3942798585569019,1.4092707554584814
81,0.2672400075629416,0.0011165430522288504,0.005523162530240971,-0.025142900260834017,0.08325693559874392,1.01821219442633,96.51516721505351,7.72193015208232,0.9386439942871904,0.9033264489615783,0.9906097533421899,0.6366789561327976,0.44924408082053247,0.970599672179352,0.7735297610275813,0.9025769782253757,0.6127045106157476,0.2940364944300658,1.477470095548137
82,0.3143350327484372,0.0038332714997186467,0.017545948347373132,0.026621350445312622,0.0017781158298253996,0.8648710717745615,96.2680144900111,8.540475283888524,0.9251788971427751,0.8893002351389632,0.9915609062372677,0.5780429267774916,0.4461230668747818,0.9351795622803609,1.0556921935052888,0.9202378870490663,0.5899423757236765,0.3487898803070105,1.5885877124490522
83,0.3408141793629618,-0.000947489353677286,0.0028019740924305845,0.23959910119407368,0.10185744554896067,0.8013666874876078,96.53108416849375,5.223142192816627,0.8993856948110294,0.8642412206761914,0.9892409937411956,0.4969737297413438,0.6603344905131301,0.9098931829740329,0.8879014331199966,0.8830407098767584,0.6456067350332068,0.3507287616302473,1.2390056423057212
84,0.11785742083619685,0.003592060630385632,0.009615968983667907,0.06542419339202275,0.29488395860374816,1.0993257160554801,96.24946484841881,6.49930296388513,0.9101867165804637,0.863920209433977,0.9822757250565294,0.5566646667874818,0.3745440825074279,0.9301276219535685,0.8669224229589954,0.8619512594147447,0.6942507842991965,0.37288339418325683,1.2985022714913166
85,0.12400940643978992,0.004265871767684343,0.0022284951500624855,0.18311612897701987,0.21254945036919087,0.9628242384813066,96.52467347635171,6.598461727520601,0.8904264849479555,0.9471177159950515,0.9928865851246274,0.5723027110898238,0.7545890452533032,0.9163373411213718,0.828250837360878,0.9651541097733073,0.5575943703266243,0.36497011460311646,1.3160145698996948
86,0.07484861991570756,0.002321816604812607,0.007892545689877076,0.0906665318731661,0.10973206379461614,0.6488741911827234,96.47791997775947,6.2966906797591085,0.926182820532802,0.8721698560910066,0.9867570637559913,0.5800121009820401,0.6094673088381647,0.915026396101018,0.9475452506699057,0.8659525911471312,0.6477453228371006,0.35085393432531764,1.3794641094315843
87,0.28596224145265975,0.0060414176195547125,0.001089623893025562,0.12678982335693423,0.3663645157179051,0.6927705898616561,96.5293464768451,4.920865220092732,0.916004803939192,0.8802232918792778,0.9946810075587801,0.562405014668388,0.24243546522059345,0.8940466328253762,0.8325661382713101,0.9240771125951158,0.6963868603124158,0.30757111438446844,1.4692804132630783
88,-0.11122206616056668,0.004731509799521671,0.018313243584350818,0.21987901815993033,0.6308364186801053,0.9203162037033304,96.45778115800083,3.8107243820959416,0.9143254913682722,0.8724732324785185,0.9922518369549203,0.6055563947213208,0.4295497023057692,0.863489773719522,0.96420613193184,0.9360396057921527,0.6267928080823578,0.39477257973911006,1.5139219897932374
89,0.148646152901818,0.009314573116512565,0.0046898710492017815,0.30077473411847955,0.01633716216788511,1.148107461009597,96.51834249483575,6.309843470433605,0.9161487768607266,0.8659912240155923,1.0035880306873688,0.5779655948629492,0.1524433004677913,0.9104354291167204,0.9461223143510568,0.9030283010563194,0.6728829720988355,0.33706064778278616,1.5061646509598856
90,0.1540509005207977,0.005446106613794141,0.011840756976070423,0.1677684303645743,0.22542368351347664,0.5907404735342235,96.50175848931406,8.016334506142387,0.8727083862074421,0.9237687606813845,0.9910783556354861,0.5537116144657619,0.6456110242858496,0.9662497078318271,1.0056638250423902,0.8916134402056416,0.6122633762620624,0.36141738967005854,1.4071648159746735
91,0.14441728038348195,0.004615543100254539,0.008075279448917788,0.0068215355852908055,0.4701387507615662,1.1187370267736492,96.50094767841925,5.964047866238129,0.9525472667930402,0.8887269539225854,0.9901783082425052,0.5480685947039388,0.4495584350646198,0.8633779576995778,0.8319363044183588,0.8643365238007861,0.6391809983934003,0.32243829934740526,1.3329458496432933
92,0.33783241570928924,0.00447371737339585,0.014361800699915401,0.2694229298410296,0.4940571663058291,0.44689809136141023,96.52676189475511,7.718744749145487,0.9330313401766582,0.8430403162899309,1.0070933345476076,0.5254755907098676,0.3699056694627872,0.8889107666669946,0.9471772482287215,0.9277405847416031,0.6697071318507642,0.3194001872205544,1.212111666188834
93,0.21784086728996477,0.0017477928879346327,0.003235595080103076,0.23117966000017387,-0.20129314697427397,0.7740846162343911,96.51696280178847,6.111532791224928,0.8986753880546191,0.883300064415495,0.9939346601959433,0.49567039931977747,0.5799124511240176,0.8910257890548673,0.979482605643064,0.9232749261613864,0.6916967367905872,0.3440824543731245,1.3106638646089408
94,0.23894705611859324,0.0006018079926530667,0.007933295927749605,0.03488041815642921,0.5773619333874225,0.9288665110627632,96.37256910028447,7.0822467333803,0.9259507143327913,0.8536831525763895,0.9908468045812369,0.661401731038231,0.2706051058392186,0.9204976610063806,0.8222278508074959,0.8902660340209108,0.6174203891717867,0.43226980745207483,1.3289210303642065
95,0.25113415660785177,0.002609156650524099,0.012938253463801695,-0.05692918939036498,0.508513547088716,0.784221665668805,96.5273349722037,6.338526659641324,0.899306563757777,0.8431605272161532,0.9981487187537653,0.6155789018971229,0.2946628688724052,0.8847038560001409,0.7979874257789527,0.9206666931354544,0.7066021809953594,0.26568349916230066,1.3052697241414066
96,0.21959326624795672,0.002127422559491223,0.00980321760690529,0.24832953344263414,0.6327681334941124,0.7013349001237992,96.4824453038298,6.350920793253971,0.9297914475988347,0.8954448208637604,0.9965070487605845,0.6658561641093229,0.6076902951920085,0.9016388997369368,0.8915292750351334,0.9228152624870121,0.6808931827176292,0.3365522718096962,1.295727906726042
97,0.13281704072908407,0.0004116179680552631,0.011731775195110932,0.02232901989364368,0.47882090308224945,0.5842514463306226,96.52836477755544,6.417004779529008,0.9129907959330046,0.8750977385444862,0.9993774114133939,0.6544549967035509,0.5460227717473278,0.8917185847216889,0.8129953454429861,0.9337907453205712,0.642593050671767,0.3412246799547151,1.1758556981341632
98,0.04365486465682944,0.003929033210431769,0.012566172255647375,-0.0032313765970131136,0.4200462110140357,0.8112879668574848,96.52836393849621,7.7339151049865755,0.9006817443949084,0.9417238918405284,1.0034135227544192,0.6488831172413486,0.12487708947634779,0.8697696550953216,0.8769444659999256,0.8932215406882456,0.6559809222585736,0.35678978160487496,1.5417030519474961
99,0.12311905693420164,0.007779787071334868,0.011282721321701173,0.22743283170224976,0.3524575782268808,1.0340714456329219,96.51797834313342,7.32172641126469,0.8881889417443327,0.8868131084280128,0.9875714192799925,0.6133545416394095,0.5726923183240719,0.8921660112437988,0.9688970614410807,0.8851678113323357,0.7031602993419626,0.2458424128019453,1.2758388431356855
100,0.05935963782992651,0.008608120217346773,0.008963960768053097,0.21950009605804904,0.49284561703759455,0.944642790895417,96.45671079812003,5.618108965535602,0.9279207615174456,0.8848221606643428,0.9850982475903036,0.6072830090217461,0.4721457454550461,0.9224970882694511,0.815877172527631,0.8744235843824032,0.6236381061754042,0.30994745632194043,1.234847120450988
101,0.028601802152644545,0.005076266087965746,0.010391035388455592,0.14327883813392286,0.29297249506681033,1.0689931879417185,96.50906613576436,7.394150215884347,0.9055214344661351,0.9115201997659742,0.9917292654885871,0.6085202405644543,0.35520311310968256,0.9257588108144535,0.9504009473188356,0.8954754444038469,0.5759681578151953,0.4141510981259672,1.263541034910792
102,0.0521134700476998,0.005369233142413348,0.014844958614057347,0.03140565636005077,-0.16875266823778695,0.9781877454148221,96.51836067445223,8.536687629923108,0.9390963125754874,0.8540788488504348,0.9914350078263747,0.6311378923832545,0.3902831979106785,0.942388534903067,0.9456864222556103,0.8614828760445508,0.5987801871315869,0.22819512239119605,1.4515688941712752
103,0.2265767765479011,0.002229822871059408,0.004931715490079213,0.06742118241245702,0.14031361035522322,1.1330304520185217,96.53331215041442,6.877541360500776,0.9024201922528884,0.8882530051288603,0.9887487069199192,0.6333590980809568,0.24615543017899524,0.9461700833579061,0.8027376077004635,0.8640843810905986,0.6437277215923901,0.3704635429283041,1.4499900415191207
104,0.20658328787658214,0.003862732410568044,0.014905719580773608,0.26128411296525944,0.4648401126845215,0.6053297928457366,96.43864249683473,8.241314200308901,0.9075899508891385,0.9378212747920941,0.9938925353150846,0.6096652532002466,0.43199124368331054,0.9592478491842998,0.7626186620008284,0.9180303166151774,0.5771655366667746,0.42047528360496933,1.259710586445416
105,0.24119178131212726,0.009432442407813149,0.01022245814634925,0.24093285942925197,0.08753350900437673,0.8667004327845185,96.4985706236435,6.458621364072461,0.9195751082855881,0.8988422656926996,1.0012108375756972,0.5673323244201186,0.16167810689936093,0.8926885801084663,0.8900847628100468,0.8848713587289181,0.610911828442599,0.3893940886448008,1.4615485244949407
106,0.11437827063885736,0.004088561078760173,0.013486609135360678,0.23869081057476535,0.2710377729836448,0.8225312057117086,96.50933351596976,7.0534859466767905,0.9098053646219788,0.8845358801899894,0.9937866776938655,0.6176462120683218,0.42359544071348937,0.9153636501715079,0.7950375190135509,0.900054881736403,0.6695956345444469,0.2155771859218336,1.314204871995168
107,0.09767211136006228,0.0006597964895148712,0.006189104688312718,0.1104660314452085,0.27705656663592076,1.1539664664553642,96.50320278992143,5.465852263836345,0.893907437198311,0.930408610575003,0.9931484266590637,0.603526403718162,0.39223590125290786,0.8997870281277793,1.0570514781192464,0.8589747221762127,0.6904898347689907,0.32325867926168705,1.3521878743820688
108,0.07695314810174901,0.0001422312191388061,0.014503432466346833,0.1127659896932845,0.587797110697925,0.6315108893387456,96.52166181311775,7.329202595433832,0.8976180239640417,0.881083260072372,0.9921945535914527,0.6097349032188306,0.3559144164069381,0.8932447060783224,0.9952619826796346,0.9309617850965348,0.6648418538511326,0.2979074876061761,1.4146599456404965
109,0.22916381580442982,0.004005005534505248,0.004858816893185915,0.1295498025313664,0.6539994482956315,0.4378527125227685,96.51915498384899,7.284611435172406,0.9096456474794579,0.8720514276124639,0.9945771792380306,0.6713663940684993,0.30492594456437433,0.9179735009147002,0.8179797619096754,0.8780804893480909,0.6750209098739297,0.4187582571400946,1.2890385049307544
110,0.19238562617046398,0.004275512320286466,0.009719504954553183,0.21042307223783868,0.3366454121106989,1.236722378664501,96.50625053270193,7.612620016039989,0.9138215972670297,0.8920297011817083,0.9841782849590434,0.6556329943769381,0.5356018321479336,0.9469430744841587,0.8036729898151643,0.8983538186738773,0.6422673539898174,0.31660746386508426,1.276722485124608
111,0.10073444285717795,0.007865672721694394,0.008323959136733004,0.1325011378627011,0.6867502921579456,1.0463285571219227,96.50999721181431,8.209055804122874,0.9149635781539468,0.9301123497565527,0.994783629042103,0.6557471551016966,0.18693323671666043,0.9009710407087569,0.7435896096108676,0.9131390612303045,0.6631449104998597,0.2905538925840542,1.566125867753015
112,-0.040160841338958725,0.004552939804442965,0.0045536760473997104,0.26893761155843987,0.6039590655570956,0.5856825782839443,96.49471179028178,5.737350369997423,0.9270571886457665,0.9321045858393919,0.9893962535135195,0.6207886193403955,0.49496038180677143,0.8838890290112045,0.9102610090696517,0.9013640369252329,0.6169004931606153,0.21132293321171727,1.3501826861344346
113,0.10838785853552936,0.0005715401728922237,0.0062366219930824465,0.0843495840658387,0.08649196411108387,0.8666242900992893,96.49365961001747,7.662089918270458,0.9240583456803934,0.8397495575913897,0.9880317515376131,0.6122574869026979,0.4728914718543374,0.9027348894586146,0.9576767785513411,0.889786025607799,0.642418927804555,0.34499970666869384,1.4234093285286569
114,0.19904777126851367,0.0026869375047115594,0.0076157440532156565,0.25980192615760356,0.5017781407268579,1.2646400433554166,96.51800183679164,5.741090187816392,0.9351450685404841,0.8763868594597609,0.9853740194289657,0.621490253595252,0.42567370647979863,0.9342479160476094,0.9720566068695251,0.93586574787271,0.6529225107055651,0.25959781406296967,1.5094745609859759
115,-0.02746164683101074,0.005708046176418322,0.003792981045395703,0.08175973203303843,0.6328469761027811,1.2341421824033953,96.3956823849849,6.099543145534152,0.9015054112448958,0.9040416359456751,1.0006088901494061,0.6116799323848985,0.19755062917862834,0.9408697176499278,0.9840732513588155,0.884487516695673,0.6146236893857137,0.3730659104804632,1.2673034399177279
116,0.0955256294524352,0.0025052104057203097,0.006477221611145907,-0.08057771560679983,0.07077833796168281,1.0227911199465065,96.50276284320273,4.585440341067195,0.8971328819514179,0.9212470238644442,0.998419093256401,0.5486902102449309,0.4440110793013687,0.8729087255564348,1.045621606762142,0.9261208604342562,0.5530282504667358,0.31096527322519624,1.434579505724378
117,0.21428441757696504,0.006312919732213648,-0.0006061790218362074,0.0915253673208472,0.6269660052418808,0.5923563905207526,96.46910929655625,6.95521602992239,0.9309667065581816,0.9454142838418327,0.9914542006370892,0.6412028392378311,0.3025694001325772,0.8903043455222353,0.8886037170389935,0.8854703024286532,0.7221692850494233,0.3647789036306789,1.3418264460770486
118,0.08831883942005253,0.005966373502502717,0.011032006239191768,0.13014889811146815,0.33103406684132536,0.7390098420582224,96.51575371744964,6.205220005149512,0.9327311024617199,0.8852742296609588,1.0036842762011282,0.6066300105800128,0.41739831584978176,0.9209466910663824,0.9403479720877952,0.9178264769754899,0.6055517842474663,0.4619725432255133,1.391747628166999
119,0.14580409753372653,0.005538391415951062,0.004554905775627581,0.18116917165480376,0.23155397551261428,1.1145307979518897,96.53022497185049,6.264291802737941,0.9464090539055942,0.8457063128551111,0.986866987894626,0.6422606743874701,0.31070051343686644,0.928836235570316,0.8967061695735299,0.909691244410792,0.680334130162461,0.22279419140897871,1.4450144512174454
120,-0.08523038910758918,0.0034547655710311493,0.0031506416188531528,0.08931898654505967,0.21323055798146495,1.3571895406869514,96.47295666277527,6.397577430518544,0.9418831687299664,0.908505414692147,0.9843885057538777,0.5645078565742683,0.3808113215486873,0.9125044843852783,0.8565008357678258,0.8923752977416618,0.6158624001448453,0.42647432823458076,1.4327122076050953
121,0.21150282627285516,0.0011410010337065415,0.0023385610275877006,0.11531898906540589,0.4495579406577828,1.1920120170606043,96.40395131361713,6.656375319850795,0.8945014695329231,0.8595166060737633,0.989659349044848,0.6276422715576122,0.5435170304461603,0.8887140536423678,0.9602387157519998,0.8483168467711066,0.6822194796473559,0.33130768558967943,1.3659377870120692
122,0.34116257699558333,-0.0018398584897151142,-0.002101071751961818,0.17476998323010462,0.45191077568238985,1.1413483317486743,96.4391232777689,6.5829227353220645,0.9245212734853945,0.8771650874940051,0.9995037097044966,0.6094801984846359,0.4402107056394667,0.9063487908986082,0.9782984609198591,0.8733480918862269,0.5923053604160736,0.28181431569968773,1.3613286460291818
123,0.06779718745177878,0.005910433543654486,0.013610614495677803,0.09321273453727423,0.4203070492352279,1.2101925923810781,96.51498234233827,7.671521631996018,0.9337737277590701,0.8825090745180687,0.9973492734228775,0.6770459127223711,0.35788039921205,0.8934864156293214,0.9658812405798798,0.8681751098050214,0.6488312074836451,0.39538528243897697,1.5216285566865497
124,0.33261855726898143,0.005487915989902991,0.009255548032338466,0.06893107852938894,-0.05379071488265008,0.8456627649418201,96.51733590345582,6.074468285294751,0.933431760826134,0.8698540358311708,0.9954250875380185,0.6583256689537842,0.5495271183393624,0.9378656738976072,0.9387050854795156,0.8766365890944495,0.6000527708418464,0.44820910360909905,1.3919730733992377
125,0.020593024554433514,0.006456760701872387,-0.0009028099131039814,0.29232457486715735,0.2573113754061249,0.8056121777195259,96.34966530070312,5.930198766802463,0.9194080366431127,0.8997810064588795,1.0028002352697158,0.5294766710247449,0.4032501839237566,0.9424653353177284,0.8062737784704619,0.9387096136846268,0.718720920971417,0.3300434854366583,1.5269516540405428
126,0.19899906198467296,-0.0008794414668983849,0.014489161468001034,0.1668056962673931,0.48145142432704585,1.0888138169822743,96.53505431704556,9.05054739041192,0.8954941163454583,0.8335960646650312,1.0005135778639376,0.7082940260742341,0.5848211545206117,0.8963434885201295,0.7949720136539855,0.8959344825454183,0.6835284709248568,0.28940006980168054,1.4731523270462579
127,0.15454054769482006,-0.00026949480295090705,-0.000980069771233526,0.29129869083975757,0.5076140181533038,0.8396937864361843,96.39087765219365,6.859720246349528,0.8952052774766943,0.9236058800435553,1.002204296514641,0.5992829939899359,0.3774711682523597,0.9088447718141215,0.7960986341303995,0.909382330182855,0.5736742290067571,0.29816190374199925,1.4633748700579756
128,0.16614501943915552,0.0016064749424948839,0.003937514590536227,0.033280818105241555,0.014194851797764807,0.8937252249582007,96.4467405370721,9.128366991246857,0.9426147564279783,0.8781802678889504,0.9980395933287435,0.6472203658332979,0.3593347365809273,0.8831259213406413,0.8038825567700959,0.9257016560023038,0.6683552406573089,0.1760793953218781,1.42889201009782
129,0.32664492970879966,0.0009971226510516891,0.008006592750352589,0.2724132831858447,0.09003497156353552,0.7072237438085351,96.40878009943941,4.527598568239389,0.9155073646377321,0.9024094092588703,0.9868549292033233,0.6127257074437212,0.2102718161545983,0.9550453314222641,0.9871386655497104,0.8768468412067264,0.6647092449987779,0.39253326019517687,1.332634107709485
130,0.04514666792810296,0.0019309819762220956,0.011566715726508223,0.08430350697970512,0.04142174993942219,1.0341376891199436,96.51734373467522,6.009611311314153,0.8910733497351147,0.8805539631820218,0.9997018561059259,0.609526484195745,0.3530959813991081,0.9005712161720179,0.9889310384719672,0.9049995741136884,0.6502693965129438,0.34560394127994143,1.3555107444564791
131,-0.015679661170367537,0.00215566160659493,0.011711631893966061,0.0383599543136387,0.06653530102538474,1.4319976625345514,96.50610705357498,4.504650297194026,0.941551040556722,0.8851498226052048,0.9860095170142266,0.5521411226394697,0.2921637568235592,0.9081124735575252,0.9274753658023444,0.8773089923942138,0.6980497352077156,0.4534299716801835,1.4358561196235564
132,0.2755066877865048,0.002274980827971283,0.010899621404898226,0.2658283856371598,0.04642953181915502,0.9710250994107901,96.49008465835918,6.783212491278871,0.9152804151967977,0.8533785886805167,0.9919402881374548,0.6338842600119807,0.4365017389202035,0.9364168646489857,1.0379733486979923,0.9270116629999214,0.6090206475543046,0.37346794701259617,1.2827415451921147
133,0.2729861350733456,0.00460696070012738,0.012744911150502447,-0.010916800350165679,0.2764045497394323,0.5769591018971791,96.4888996270514,9.340569590144753,0.921524885953756,0.8888912736143341,0.9942291702040277,0.6527996526362713,0.21133752650349905,0.9503888801623606,0.9703948502717876,0.9306289651001306,0.5454429959275944,0.3693787149879162,1.501377013406449
134,0.26920276566783796,0.0025439300330747103,0.004055866321683621,0.05404529707528996,0.054287789514495505,0.5067650666562851,96.52475878070594,6.2687534013995325,0.9265339344013648,0.8633573731358255,0.9865074181222453,0.60867262886207,0.5264830892215043,0.9354535282375782,0.9340600455760263,0.9000100370643987,0.6010717341551104,0.27427847315896114,1.4249358196799495
135,0.169967831900609,0.0030236293512529615,0.016065313047426043,-0.02388203660649499,-0.10422282910760156,0.8744916210760508,96.52658932824181,7.4716207945064586,0.9301328031883576,0.8867896038436249,1.003499533637781,0.6778203707633874,0.5815918574130338,0.9678631268587716,0.9216827415561368,0.9165034269793895,0.6826763695082514,0.2962593044046572,1.4381140181309
136,0.04341263167776291,0.00496000343778125,0.015319383151192974,0.13579465298603102,0.3258398003898411,1.23923164689998,96.53154257451534,7.125500721968265,0.9407304691164222,0.8836856535356682,0.9864377583616015,0.5320066823868046,0.4146779097821371,0.8732593202035612,1.0779900888267586,0.9140118013078774,0.6591410074956395,0.300988546722602,1.4208546222678147
137,0.049512828031302525,0.005438425890403487,0.003463743360655164,0.11550663721046492,0.16698587166087686,1.2989355180285413,96.50201859767286,6.516613184964698,0.9389092229185626,0.9011381543002245,0.9987055372907166,0.5938897687638125,0.5764312166334622,0.894164216708461,1.0116968722437711,0.901720580572959,0.58640271386025,0.3162869403039105,1.3974681103853865
138,0.058364223295084006,0.0007430620536371889,0.01163281667159391,0.035352323187552076,0.4682256121737022,0.8609414471064327,96.5179509338655,7.185051274609732,0.9391548065323528,0.9145495004110646,0.9953681324793436,0.6162999538698704,0.16706296859646413,0.8735181558177179,0.9890757884652006,0.9087494651853003,0.6245642156037702,0.19331504192815047,1.3365900246545257
139,0.24877405740724395,0.004052130614986325,0.015782066700908398,0.12474731913858682,0.17647511492142243,0.7985149610881273,95.5544206325853,5.244632975197398,0.926643470116273,0.8515298420061623,1.002841170650886,0.7027740612694072,0.3529802725718642,0.8504159598830411,0.9312219209997418,0.9282484881413834,0.5686801738512521,0.4037934834354602,1.424052891284192
140,0.024309907416571658,0.002289646840098432,-0.00045557236502085947,0.1841992512850243,0.036557242521440325,0.5583925335781825,96.47329899893782,8.939629293775976,0.887128767021759,0.9256777242218299,0.990850635370839,0.5977282275097164,0.3705440251897488,0.9034807918753827,0.9175233824823911,0.855472834837212,0.6812972862703537,0.37406878594999804,1.2738152980243576
141,0.280330831229261,0.0005629344778806922,0.0012820046755368545,0.044582504899931166,0.2898655844087594,0.6915800030153796,96.49433840892802,7.326455165721387,0.9502832748613422,0.8958340522095529,0.992597401367843,0.4678096326224006,0.31132047105402894,0.9093506846106151,0.7973356564147905,0.9155556777833351,0.707508569244632,0.4229690114713942,1.4144197980389015
142,0.09161672469677831,-0.0004647209933084733,0.0076158209112298985,-0.057434911309336395,0.2472333650391189,1.005869003188107,96.52633733078882,6.544832128912535,0.913925779761078,0.8950417583639487,1.0002565700377413,0.6143997314324422,0.6176055543925199,0.9498670272042626,0.8757194772329425,0.8974857947603678,0.6406519133335034,0.374334723624369,1.4539200170024564
143,0.23727071450806994,0.0016208511803785554,0.0015256817235416607,0.11227200549537505,0.3143844528107599,0.7033426955337964,96.51677904781886,6.163221200713118,0.9015997190918461,0.8703552129501818,0.9940198999752222,0.6588443590654157,0.581938435756198,0.8637274268533937,0.9434384877030096,0.9142425449489652,0.5771094218141852,0.3583350147886174,1.6040236128487497
144,0.3906418625711839,0.004825341829074438,0.0005482531139826647,0.2488925026504382,0.15686717262296287,1.1185855311752884,96.19281856191347,7.496146084030453,0.9162304871641012,0.8613800437198175,0.9948895789785996,0.620261828155956,0.305715405972659,0.9513940408334278,0.9470923278980533,0.8510428151814013,0.5976797628046001,0.4024458087746207,1.4325337964948055
145,-0.13502111272125816,0.004529921988013754,0.009179321842419586,0.06641938188257009,0.35748820372440177,1.0858173459130467,96.52334412685774,5.372568266239867,0.8906460083075863,0.8854212734467024,0.9947813296000455,0.6792359999058089,0.41714671218646154,0.9308900102366549,0.9718103755573458,0.9147079590178794,0.6244869961520163,0.31200974921534,1.3531330306656224
146,0.06219232093719537,0.005315121361384603,0.012241865016760507,0.2418978928766259,0.5381506751216326,0.5551567615634331,96.18245422271762,9.40300339082333,0.910525074072241,0.900795811757621,0.9948761027799954,0.5531409554636316,0.401665142107385,0.8801710071117773,0.9844124450663321,0.8521681505211309,0.7164147259706685,0.17211218565703007,1.591790096376914
147,0.06088656798858516,0.002444448052854255,0.012934406888377627,-0.024312485772439607,0.1447159277954547,0.36235958779679855,96.25803611805735,4.665470092972246,0.8937443988746584,0.9199027430672864,0.9941606155442714,0.6624319931640477,0.557464899946568,0.9590119782748867,0.7697978629681096,0.9528485748744147,0.6499712513760971,0.39082145303570703,1.4374343398697924
148,0.16573828381013853,0.002761438839192591,0.014532613523717354,0.3455248181878625,0.12577752728144634,0.9918844978400848,96.47323467106415,8.061064209572264,0.9360259168936295,0.9143725711463777,0.990024798469503,0.6131120111115614,0.46495684365606693,0.9114594536938379,1.029141390500927,0.919990888691414,0.6243941382974768,0.2354625707461456,1.2804085484819274
149,0.38633153894636696,0.005119695635047768,0.01249130944040408,0.09800562529328027,0.38621793717271613,1.4198566800002606,96.5174612029663,5.471085780466205,0.9154140715047699,0.9164614836833503,1.002379642939863,0.6169607799590813,0.5652386526996369,0.8775008009195828,0.9533413348324778,0.9342865595528027,0.713538089513218,0.22910575679503203,1.2211204081448759
150,0.38489382089996,0.0018988180940544793,0.009264784788350898,0.09056793681789103,0.28399405620431983,1.2812090508452951,96.20762879623996,7.354536436936983,0.9078768531922167,0.8936411704712417,0.9887036811410524,0.6164047367837076,0.722492320682049,0.9361491573628166,0.7562596870924996,0.8955601093855464,0.6447982034095632,0.36094557383746273,1.319801108883852
151,0.12688705450833837,0.004081184688915728,0.002235686278721236,-0.013547166888319945,0.2303320302933941,0.8964876178556055,96.51758706184958,6.830701871080204,0.9212068511808191,0.9335551664119321,0.9941155780542531,0.6530638266997831,0.3364797604549823,0.86925859991119,0.9072326590087244,0.8592831786749371,0.6640504075646101,0.31960452302715214,1.4229977006438
152,0.289805886560579,0.0015833315925221124,0.011393968986596534,0.061891337533381274,0.24850097533715707,0.7684254447668657,96.52692439255776,8.905714071464459,0.9123043385827503,0.8659507088850237,1.0008394812817902,0.6876267047093142,0.5467037275140139,0.9477669819995364,0.7679665668831028,0.8632932837028381,0.6119145956184432,0.37899718227312673,1.2986410418603387
153,0.11256399745053515,0.005922951367429359,0.00239534018947933,0.2700138786049492,-0.023107326998278332,1.1228216415112,96.51984133429254,4.108480294011647,0.9117748843294761,0.8430000832222264,0.9856181185567117,0.5440258633502896,0.1826776952370381,0.9069231618982314,0.8925582331537197,0.9677568671031358,0.6805132840540999,0.3454116755077588,1.4081547427515584
154,0.2264080758530941,0.008753635595057957,0.0068320986658585,0.27517174672591865,0.06247001446672354,1.1284142882030115,95.91697504583595,6.119478405426153,0.9048238676421464,0.8623878827768963,0.9998384319465066,0.4982481810246992,0.4980560169368492,0.895735669918855,0.9700805751329071,0.9112640348762087,0.6479417081982893,0.21063003447790601,1.5286933854008626
155,0.2123215525641505,0.007595780544377621,0.01647912496314101,0.03950963841821026,0.08528975613214079,0.8881350963411244,96.52643801789544,7.940561202437953,0.8971716179082478,0.906772045950905,0.9984264188106122,0.576033079990106,0.51276520576662,0.859540833081248,0.9555147933408041,0.8952733796449653,0.6275198518971983,0.17782564364635445,1.3482245693976131
156,0.010126484826977561,2.1387476996321663e-05,-3.5918379286620575e-06,0.2279632721988068,0.19781708943650222,0.4563113092591299,96.46525801472755,6.664777924415325,0.89128004881241,0.8617432980239281,0.9961389972358465,0.6677036968076538,0.44169258535918604,0.8832553577125577,1.0680643811514454,0.9234285684686294,0.6226478433703619,0.35861010656210845,1.39262604212456
157,0.05255260704854629,0.00012550760987638417,0.004709800877848103,0.22777581097447844,0.28028557626487355,0.9955808963165645,96.5157405721885,6.585368927877313,0.9171062872909723,0.8495550487856558,0.9915689580137187,0.5702585223069014,0.3440697449167972,0.9469890038936459,1.0636731198388376,0.9168476064565868,0.5624499485071911,0.2829099604161271,1.443162941881065
158,-0.08461969035241246,0.004929287485623572,0.01367017558413421,0.06855633174117785,0.33742186911656125,1.212072466348883,96.52708549192837,6.649077185300482,0.9324568213047164,0.8656521583797934,0.9835723491987218,0.5873582752639191,0.5271225412256009,0.9231321925415396,0.9513720006334443,0.898999236354524,0.6576561988102009,0.3322560310377313,1.319735424128568
159,-0.0029589221714900193,0.002319168752955642,0.013774681678980053,0.22709523034212697,0.22513601788935733,1.2135201077846798,96.51841773047931,7.335098430759716,0.888064085299176,0.8866714439099651,0.9818368303560239,0.5574348923851594,0.34344756250191977,0.8959874230472723,0.9818151701084825,0.9163899259709236,0.7111345589022904,0.4081486031291899,1.3414866560861438
160,0.18846952422103305,0.0029871809751248427,0.008071636169866808,0.06121320713904123,0.6314158976734943,0.8728964112647887,96.24362583529332,6.238286650554274,0.9044021265845953,0.8379826020368231,1.0011599449679396,0.5487404707920426,0.4090811070835853,0.9205639432799497,0.9229532837971002,0.900425888469983,0.5767083927488215,0.35426290646113073,1.4562757888717424
161,0.06226341979360417,0.002968778722376454,0.0064832506262770696,0.08559210696800412,0.3823265811665641,1.2213288333442935,96.48995935884871,7.3099707085508845,0.9269601351704232,0.8925965310989212,1.0013006023083588,0.6640235455199271,0.5265620598673512,0.9359553845444255,1.0018111920361201,0.9233922010756428,0.6163234462204169,0.2732934589651079,1.5280753880818918
162,0.10417269313955338,0.008027480870958047,0.011300184909808112,0.122781005386492,0.09210733747911304,1.2937226110712485,96.45347510607381,7.662201334105225,0.8817054390016509,0.8723964592333819,0.9942550002934611,0.5079950664285249,0.468519505742989,0.9028397662901634,1.0460993261988414,0.8873471322906649,0.5926496871219025,0.190536433746601,1.4730512446515793
163,0.3541432345976978,0.00029799705187931024,-0.00042628050095088084,0.27373161032648785,-0.09707867486896782,1.3722137323166614,96.45355229952223,4.72834422840649,0.9490714993539113,0.8653898209538837,0.9878079002710176,0.5774569107625851,0.2649418155446076,0.8972170430538261,0.7916086235778819,0.8935229768451135,0.6385891704929856,0.20329572900845383,1.3878726249954463
164,0.21914752131959922,0.0022342424282888965,0.013576875438645466,0.019990781180753467,0.643965201957583,0.9857750859548502,96.33932753171598,6.781841289334139,0.9328198958363119,0.8869102166057291,0.9916993307387139,0.5585818461148268,0.43387161691722054,0.9284017092900888,0.9889072457206768,0.9411374898281101,0.6586051818092359,0.3662886299110058,1.3752366532285907
165,-0.024626184117870542,0.005732758989812932,0.011205157988896784,0.16331881615232038,0.13484541990110585,0.9455640681611682,96.51371284573547,8.52287933266205,0.8866143099316893,0.9017336530039944,0.9812685126460216,0.6849097969651619,0.4935569665108101,0.9642580998465087,0.897911078276679,0.907581880190613,0.5902224696599986,0.317138505531361,1.3575235301211632
166,0.07096460434156165,0.0015292985199663214,0.0001996118193501725,0.14049921124011497,-0.01107890151327573,0.8393226368255747,96.53500285474662,5.523684469434862,0.9122964241522028,0.8931995026908851,1.0038550564549487,0.6467969090863581,0.37907402215391495,0.9251129783865415,0.9828163229027602,0.9420425888942137,0.6189701789041594,0.39134248973106933,1.2775600640337776
167,0.346154097511303,0.00403222737165804,0.01537753993433583,0.024614308242449187,0.5762965478222188,0.8982280889341169,96.50313874173415,7.869747962151527,0.9166750456472377,0.8873811440195313,1.0005472117674536,0.6077014525943416,0.40406203235904786,0.9386499826132935,0.750649430914652,0.9267320504461001,0.6139893644879592,0.24710543470458457,1.449471366113487
168,0.11309591525175758,0.0023227320467080585,0.011804393383213763,0.1707985347674218,0.3433733649390712,1.0498274206142797,96.40101768289082,5.907799158191244,0.9435127935911186,0.8688833010772524,0.9975585523532646,0.6786990829452877,0.20521853314997832,0.8678154784648449,0.8184487759816771,0.8527613675807364,0.6284967806763601,0.388842954996715,1.2423514541867358
169,0.14667729595473503,0.0028277741990173477,0.010612697632775281,0.18764801983955748,-0.04886142110345337,0.5526915041894932,96.53190169186233,4.58777183851387,0.9039159421927593,0.866047887837705,0.9868932177334185,0.5588409426021602,0.4679677365636171,0.9330503679591952,0.9794483865324076,0.9215629653063486,0.6392955503388706,0.30504489868589807,1.3149037318114714
170,0.24181835843857274,0.003903372983501161,0.008003493667877625,0.13059122800409398,0.009244464784684159,0.8588700155392149,96.4973551065173,8.563571786435796,0.900226635594778,0.8765843532404962,0.992515432467362,0.6377019329423708,0.43132786543074486,0.9314818735198751,0.8867029445336767,0.8756835670284098,0.6623129252416794,0.36994859750613573,1.5053059120905177
171,-0.012020254041356676,0.0021030358744778222,0.010052916885957618,0.3644650499172806,0.2085393828835186,1.2671479700602095,96.50923059137186,5.872215786514506,0.88818000374886,0.899864149821222,0.9866704944011847,0.566170104066214,0.5590592093351601,0.8931744973414928,0.9089620184282793,0.8713759422758929,0.6796743082571951,0.323492422592175,1.2701670679238224
172,-0.02250195432977395,0.0011175929691386323,0.005965169210633215,0.1822065817099079,0.37733882899631765,0.7395311132801192,96.51192481053351,7.058797878255576,0.9227983939904381,0.8856319936647491,1.0006693976779166,0.6657720214183667,0.1729340098568272,0.8665081332826311,0.8302329714577577,0.8652148912372355,0.6325867817318087,0.35749030615017585,1.396332593510789
173,0.24175189734946945,0.002428497998464291,0.009827541486525454,0.22452046258708444,0.6010533041982241,1.1661455960638407,96.4914120500483,7.642892001106698,0.9255377317369511,0.9129407631611014,0.9936207219110327,0.6028247909305836,0.35523453434697544,0.8565321318751661,0.7571224934278724,0.89901106422356,0.6228565055922727,0.3777348104396636,1.453590533518821
174,0.12390749773954711,0.0053481438600479145,0.0074033802576690035,0.13620605988404785,0.5009622579853096,1.0210200289710258,96.48829718253003,8.151417970714359,0.9038655860679623,0.8673900519782434,0.996745033489624,0.6452116206562314,0.37387314800349264,0.8931591500218866,0.8826791841536503,0.9522448961289055,0.7309311333971221,0.4475252558384329,1.231685090857559
175,0.23495980313150777,0.005805149843065129,0.004668202007646201,0.012010013664946861,-0.0761382694409804,1.2399244609489573,96.48811286918762,6.695099868735932,0.9274719286604567,0.8450094943261913,0.981361527713897,0.5940646399217617,0.21925783216343656,0.963720262562797,0.8435409248570099,0.9460994767103593,0.6217306279238314,0.327731322985003,1.224256594555898
176,0.18253363515595067,0.004989165456440004,0.004972659696209824,0.14442468205905593,0.24906985896873576,1.0369599126631268,96.47817980643187,6.479304381651169,0.9221850083806069,0.8473487056564079,0.9990598353438908,0.6196401403041326,0.45171063343847206,0.920260719137869,0.8724207463606923,0.9050019446058767,0.5679062922360649,0.2413052424855633,1.299270285749431
177,0.08490546304662837,0.005508887150733527,0.011345969785752221,0.33510381179371307,0.3372642193500373,1.059680314375556,96.22493495206533,5.572424537395521,0.9453176650717312,0.8877851398341026,1.0034993106679257,0.5385069470525152,0.6536972676118764,0.8848718886704907,0.9323439306446069,0.8696725634629128,0.6687980541693589,0.24058832869622482,1.4102603724419265
178,0.1717368785055216,0.0045133132060601565,0.015075545998814256,0.11287607023923803,-0.16005598108367103,0.5640780704512071,96.51974456279561,6.582781478663346,0.9204530214164973,0.8648183568504746,0.9908774472342302,0.6653270883545601,0.22537348509604033,0.9222867463330457,1.048383702813545,0.8724518733150275,0.6329715352669224,0.41892835649096977,1.5427919011110065
179,0.21806235504206112,0.0022673671656113967,0.004215750212877121,0.13510380072172185,0.2011819654150746,0.9798178187957277,96.49648584116338,5.899205121997298,0.9324392130667087,0.8991845146093945,0.9882330294616807,0.4833148645249611,0.26569721497744214,0.8981019975584255,0.934626303017603,0.8854860985023739,0.5790373734919203,0.3322311416704155,1.295740067720938
180,0.20576425613409216,0.00032553489943323074,0.013449301650333527,0.15826380510449048,0.4232681581762863,0.860358735942874,96.40685501789787,6.832439110373397,0.8826941004742134,0.8830079966155888,0.9960768577354847,0.6419757561542574,0.12452615181940008,0.8775145992355091,1.0392385952949448,0.8739871415576674,0.684789731232668,0.366170536094224,1.554307243747941
181,0.35187222532886386,0.0018676574213769696,0.014322767796282393,0.26004226568019273,0.5621315549988425,0.7677110904953407,96.47613194255752,7.095282174115785,0.9513793749087497,0.9119254909179545,1.0012354103192744,0.6705781246587236,0.5735871513110872,0.9119107298091755,0.8007492780227776,0.8798239339330054,0.6854154459779559,0.3258262007229376,1.3262851368570465
182,0.28851933631040594,0.003787795561752545,0.005403259053028912,0.2981214326318803,0.235918076976162,0.8787559738785425,96.52913643235321,6.861705809739667,0.9127165607718545,0.864678714400213,0.9935630780207496,0.5678643897758089,0.4439915913631236,0.8971283855091234,0.9591019700902867,0.9254613368975404,0.5916754180025622,0.4000026925439594,1.4789442251985676
183,0.18958568106769538,0.006197170981296513,0.0032398690527964845,0.10702390420675584,0.3030473137527859,0.8063404449625208,96.43883576014218,5.937411367749462,0.9300830197143528,0.9251196498085034,0.9912389168301603,0.567438944481011,0.29387569030003674,0.8702568846303419,0.7550526818234496,0.9009838408894156,0.6996723936647316,0.38672978637694894,1.389925855796089
184,0.13925263522148607,0.0005613788972687319,0.006951600977591295,0.25390041080017295,-0.2381911687738575,0.8449578662978725,96.51571595978466,5.612383160461905,0.9107474931876346,0.9325505390790633,0.9807391654607657,0.642417878134501,0.25369802322513746,0.9433116854017778,0.9751467460171558,0.8805796482130857,0.6770004708611239,0.35258544358135746,1.2926526107497585
185,0.2902769737563862,0.0031265233261283457,-0.0021849284530232214,0.14175407270511117,0.41647751058468097,1.190616716959155,96.51268779505267,7.076141690603806,0.9231085788044073,0.891438749260201,0.982482882894573,0.5998108059999377,0.24278780869174943,0.8928283385303726,1.0115102016887403,0.913943011581266,0.5947192676699461,0.2375885969841364,1.3871137507120623
186,0.3018154740880648,0.004744263513413545,0.010986899545475569,0.029383840663295052,0.6749542822046117,1.1554634632378527,96.50953908547913,7.235180952348693,0.9173237978604538,0.8607278930453156,0.9924096914342538,0.5346921439582384,0.5082283208820488,0.9510589269406815,0.9503670365530572,0.8754196226399463,0.7515915534930093,0.364870210221937,1.4643316403907656
187,0.12626527551107558,0.005328507566682459,0.01140221210049178,0.13623991674590807,0.39350766131325876,0.8940983138379673,96.51411251761152,7.642679463291462,0.9087550812810615,0.9173562558265823,0.9953481092891097,0.5716342810647694,0.6270176223881133,0.8948220431820952,0.8906530321403289,0.8692748927083845,0.6538696582416001,0.2646846303691304,1.4478193082032316
188,0.31616070435717325,0.002122553811006518,0.0030449555457261347,0.07748196328190418,0.13670162448288986,0.7046802881781538,96.45006964437836,8.050525603749122,0.9262402960998802,0.8639983479581872,1.0011127737584704,0.5566727565617224,0.4135810212309112,0.8875071488755455,0.8232525668871082,0.85775239575222,0.5906578202459827,0.37235177198645375,1.4484930939794618
189,0.05781787292491421,0.0055117434800405285,0.006839726774304734,0.01956363803447865,0.6041247626582273,1.0641110223925159,96.51601354612204,6.15259267504507,0.9078385726475371,0.9328547972093102,0.9923399414519462,0.6378281424593782,0.3354516653091866,0.9395915958435059,1.0170554472929896,0.8778416052533409,0.5968086329113474,0.49754980412800165,1.3541314970589162
190,0.28292977290067467,0.008190522943187836,0.004657005329870077,0.10387230583310024,0.6523663002308182,1.372983121802702,96.52908664817271,7.425499846392009,0.930597044994771,0.8662373937877484,0.997857745186287,0.5899685909111335,0.24160931077173486,0.9129387994904721,0.7555442696088517,0.9063912199181858,0.7233875203975719,0.3835631431532147,1.510301508638891
191,-0.06586398919346673,0.006576639235775535,0.0036062855511111293,0.14414115709151573,-0.09096142433775461,0.8556831498911291,96.4677953298147,8.271331079445243,0.8924664450558127,0.8910519901124535,0.9876608914301446,0.6575227520812634,0.141023084913871,0.8964364647102978,0.8129217657501016,0.9232193980956496,0.7280142963799539,0.2803315079088527,1.3721169851840516
192,0.02470163839200798,0.004737691885351052,0.01091337681288736,-0.08611060526693387,0.3366770829809864,0.9857776391906721,96.47945657488125,8.25668910109012,0.8916211970094838,0.9343098433821542,0.9990302201318031,0.6179306919171204,0.37528006493759664,0.958739274726661,0.8894152187978254,0.9238974135271043,0.6756969695978512,0.16960810668910772,1.456942250703752
193,0.06955224892601745,0.006858263799250675,0.00777005725066193,0.04684466912750407,0.35286478842463165,0.9977198533981126,96.50932148945424,6.020362939369202,0.9115726316147338,0.8602856398067452,0.9913349196155855,0.6107071121756171,0.18778067183931407,0.9381972187002265,0.8053544446310437,0.9287587036370935,0.6369125923951434,0.426581864677915,1.2484958160864017
194,0.22246324494609276,-0.0010635049369063202,0.010956762610720127,-0.024094792934999942,0.6444933127225723,0.8836007550786675,96.44367797091202,8.346605555080757,0.9067989669223371,0.8449882613922632,1.0025787581610155,0.6361214983767884,0.5798354537770136,0.8885229123897791,0.9431454058963892,0.9150954324304537,0.5759306923384877,0.24792656583405978,1.558314543673875
195,0.08858604303428196,0.00723637365607838,0.005522403956621922,0.2411481200451362,0.14380385813485513,0.48936571658451755,96.46483289138843,7.553918100857361,0.9235283403474632,0.9014089014659843,0.998199538608448,0.5542595181531986,0.5437532975147977,0.9588558015742759,0.9457301391055929,0.9217290244701841,0.6764246366464111,0.21826484692537132,1.4113482580410133
196,0.294955671521955,0.005103164502708745,0.0055786220747964955,0.1412652865010667,0.1049101682541611,0.5900019825291455,96.49703626401298,8.54919357295907,0.9267812870417915,0.8680877415836555,0.9939707985848054,0.5674117578681929,0.4057899795425562,0.8861823156158309,0.8948281659621286,0.8519206076393054,0.6555732753045833,0.3819404454762009,1.4007854853651251
197,0.0014682059901623412,0.0012410323261246403,2.904096119805879e-05,0.14140367990757113,0.39494815193346355,1.1334192146287836,96.48403755854665,9.325160053571418,0.888536365884548,0.8595374692446089,0.9966925175461716,0.6505539493847861,0.25395247559683615,0.9574671470423443,0.8699348323068068,0.8829298072353202,0.7005254656586896,0.25341311842757636,1.5048277961239394
198,0.03760900807081863,0.0004442623366257871,0.01588948949944734,0.13279614212776303,0.31441568940858505,1.184096834549775,96.52626265451806,7.832352932670221,0.9103826117106341,0.8544581522944905,0.9957929210652338,0.6864044166518164,0.6171384887435414,0.9163087593927971,0.9210226863197276,0.8770310999033286,0.6223183095336738,0.27909892362018784,1.2991402579649336
199,-0.03582033913611002,0.0036067287914805708,0.009543087346983711,0.26625813216132177,0.05663734533887688,0.9758614608830406,96.48154918858077,8.024245878140047,0.9251551112408836,0.8655589757127341,1.000768370646877,0.6283016808064743,0.21834553612653115,0.9443053149877731,0.7361180259910499,0.890784165217017,0.7003560215102194,0.25452351158845005,1.3746787089339658
200,0.19496683640002804,0.007731266415508226,0.0046136378490631395,-0.015588665563218723,0.6148625303852274,0.8207771651584959,96.52967706617855,9.6749413473234,0.9014373903908645,0.9229350776658741,0.9867873149032295,0.5902507587905829,0.10193819978441537,0.9218612193580928,0.7177535643755308,0.8752844661365679,0.6945752350099126,0.3326005395731062,1.2917063776669377
201,0.1377228338215977,0.006240426287349469,0.006555769201418447,0.17526688609388058,0.019322599229536497,1.2121121064168965,96.50917157753992,8.921023091578165,0.932166143762598,0.8781075395200976,0.9950646049500803,0.6496456620729246,0.32948968463613926,0.8837860080833156,1.0140198995304024,0.8610768096287222,0.5790331815504706,0.2521395141488289,1.377896600560596
202,0.23026215211931075,0.008225125493856792,0.008135588143391359,-0.032558923947923896,0.5725660232930799,1.015255141639801,96.5319883946486,7.985997427585256,0.9010671685583004,0.8874166850237101,0.9903351691058788,0.6593172221877737,0.26615695491568386,0.9264673854333674,0.9258558381112825,0.9134494095546238,0.6999178961448098,0.27295436975642284,1.359648065757391
203,0.13668259941479305,0.0019497065925218964,0.007823031954982091,0.2317355036996433,0.03322686904686378,1.112296218943175,96.47658307673251,5.775994467869806,0.9294960743202203,0.9036882704337444,0.9930124205308342,0.6170907903141537,0.3333837577496298,0.9278661369166267,0.7659855586035688,0.8908402633885995,0.6945715233950872,0.3916874014343467,1.3021723452341245
204,0.16031293764439772,-0.0006835089003500599,-0.00021310695435421655,0.005354068222159308,0.41112255889078825,0.9621464625585681,96.51862274061587,5.592476965570279,0.9073253351488844,0.890668518834038,0.9993724856638453,0.6162160326308347,0.4414426244993959,0.9453070249195565,0.8023627463784446,0.9067813889995066,0.7033353128974915,0.29804720559906317,1.363097078379261
205,0.056229363805413476,0.0036686914430442913,0.003479298586034079,0.11462998799194724,0.2169554635567037,0.8139080303813172,96.33393405903733,6.253665941361594,0.9156332553366506,0.9035210107106917,1.003218141493237,0.5068456134557543,0.3228383391059124,0.865534207951686,0.8057245086804244,0.8889630814740463,0.6087584328834086,0.28760445684913905,1.386476689345752
206,0.21414127805629726,0.004858731869246732,0.0011644080128986297,0.201032733240148,-0.014465482252260575,0.7085536551078353,96.51901681876377,4.544223748453369,0.9091560281501841,0.8509106950570474,0.9992123598099623,0.673648243696731,0.5338836950326102,0.922811623039151,0.793508515642046,0.9229815311769276,0.6313500677023639,0.2320925871342396,1.4208245017994308
207,0.11200423777292008,0.0017618717042643007,0.00919283166658094,0.16695661786696503,0.02593672835926547,1.0203514273871725,96.51840402584536,5.981345598450349,0.9153220111187158,0.9119643776687945,0.9871615912647946,0.6563359776807391,0.2822115595322908,0.9104930201452974,1.0368464557307557,0.9265479671666811,0.5763526572932514,0.44208050144281075,1.2209489919568084
208,0.11625894891689717,0.0021072130707890956,-0.0028129319801531447,0.2198058893651635,-0.05732700440599081,1.2423712181819848,96.45818754235064,5.623547814282688,0.931616818430103,0.8750771183269479,1.0006974730371543,0.6463915255277916,0.587341624627521,0.9016041510012021,0.7946341035216591,0.9172318443966693,0.6374389946487732,0.41113611479089945,1.344499734857164
209,0.3004727208180756,0.0023155069853738348,0.011441752453581084,0.07631872629833204,0.13592381591477237,0.7212170556563836,96.51989475439633,6.152188550435702,0.9156599872947123,0.8919377439474288,1.0069476818449856,0.5748981750526876,0.36859479607873374,0.9379833401621611,0.8049160140684614,0.9491057422887602,0.6500352787786806,0.35951965647554,1.3829014941169258
210,0.33366046147565015,-0.001659743855561047,0.00508515789385622,0.08601806102818516,0.0387676539038144,0.825540540329208,96.20654585047085,8.19729658938819,0.8989348483900387,0.9321507351164159,0.9892009410798865,0.6461865559573254,0.32977317545453466,0.8752419915399339,0.9121188461193099,0.9170919662474405,0.6695512063165056,0.39962807767986336,1.296283432595478
211,0.2997302605992319,0.0005933604204930308,0.01366000217230717,0.11404923654210454,0.3575112511843661,0.5565819431790344,96.49724267258156,8.183384142542458,0.8912847213333334,0.8983578476113464,1.0016822141688002,0.49214531860956134,0.27238462157671806,0.9172711205700526,0.7700249912394698,0.9186576973894044,0.6585072954112954,0.39539005794715576,1.4601437629369691
212,0.1677527980745423,0.0070945151046098946,0.005594615778114697,0.1975487199936309,0.69585739337706,1.3322469366682659,96.4942114312991,7.622799003035584,0.9277284808584748,0.9387629570710004,0.9984261199472616,0.6055821599743632,0.3068956772821565,0.8694408416445092,0.8819294068321779,0.927271163486408,0.6722345212317163,0.20470894189344813,1.5306121220502074
213,0.2733895241027112,0.00869158743516512,0.00906752500595354,0.18656764504108792,0.030719167144572956,1.4304369430444757,96.52204330537732,7.918698388052394,0.9158203053336389,0.903654196528667,0.9961193934225996,0.6165128776317687,0.3787477862002921,0.8714625548354299,1.0068416522809998,0.9635305311606275,0.5590518400908842,0.4470742078408161,1.297556414433637
214,0.1947931543053216,0.0007736458837991605,0.0046943413080485176,-0.07584264866621732,0.3443063417167851,1.1126808271358284,96.287123504418,8.780489212811041,0.8972034015749195,0.9274683493542272,0.990196630502488,0.5662471173611566,0.3538538377824626,0.8956654078081159,0.8826762898350128,0.9036642017456848,0.6834504019698167,0.34009807569376077,1.2576941430816344
215,0.2533035626276376,0.00569003899549681,0.005032589612680143,0.14135145920995307,0.038826165471083945,1.017100271044717,96.52679238057351,8.54123036837741,0.8929858207518758,0.8908543630036837,0.9843033092862314,0.6859792470420625,0.3268275948694682,0.9588360160980587,0.8188762567156819,0.9615338304536816,0.683726145179028,0.3278772498417223,1.3746845713742208
216,0.05079095801020961,0.0021338144169308843,0.013293496576360714,0.0974255089235104,0.01037729552209643,0.7494765726587328,96.38860547982063,6.486014536542222,0.9135046709409557,0.8455885148700295,0.9946981579185142,0.6273545603185444,0.5103326377398623,0.8889833830312669,0.8716704428809541,0.8964843666880505,0.5831293117324329,0.42202702373113854,1.4343904590848207
217,0.10016488837792101,0.006529062375718756,0.019109241826938503,0.1236483153246482,0.12171294973905014,0.7028286729051226,96.40336145498411,7.809946360569329,0.9076872434848801,0.882569628555945,0.9898059708288949,0.5994919694674649,0.5417137319435226,0.9136803061016661,0.8222702876676938,0.9068900826330646,0.6052112128225194,0.3435155034168629,1.285450122649794
218,0.040520996489925964,0.0023242077423377533,0.01338989704807309,0.18766829736074744,0.24370087761549927,1.558177970997049,96.52906035765042,8.29142044439131,0.9240647152596779,0.8668741139643855,0.9922611609287995,0.601868367202277,0.6761689884758059,0.9215965891938407,0.8898184629745578,0.9310768197871796,0.7333414282772074,0.24557557815712455,1.3402511143875764
219,0.2528043790127755,0.005938278695440628,0.008031069497990782,0.23692698151921773,0.014337417243250716,1.2583960618779368,96.46829708722942,6.119810291399174,0.8784784496391099,0.8973467849786768,0.9978860984727386,0.5733535569456846,0.39615453016813396,0.9105352080147163,0.9486193521256896,0.9101878912655568,0.625259621375661,0.452938481879011,1.3943990230969396
220,0.14000555459831998,0.0018853672983954093,0.003974841749405935,0.18665449336707302,0.21340921678619132,0.9994114154052615,96.47439816651857,7.56210964734821,0.9289541655893366,0.8718327803020521,0.9856000485771755,0.5639872253687617,0.4246485245292717,0.9531740467939542,0.8815172241273427,0.9006199388563028,0.6821312861216077,0.33647221954105044,1.455894319912386
221,0.03962910954665794,0.0024487348998333807,0.010684379391199626,0.09010337349257441,0.572010048188876,1.2913104739849577,96.45986677954016,5.873476420353648,0.9182892143539677,0.8745179500311691,0.9862286147309973,0.5973189572439729,0.5198403849345762,0.9018352252205681,0.8244245642562787,0.8559727835549998,0.7038425060557847,0.26679251717684016,1.46104640274153
222,0.24487589435193235,0.00714394426092705,0.001510526532961404,0.1463082994337445,0.5268864982686793,0.47486260143837894,96.44934609564264,4.922639032844729,0.938716128166844,0.9116686643841393,0.993933464284563,0.6183777400727395,0.38024028046215286,0.9509053214701491,0.81247635081749,0.9240893455073008,0.689872539633376,0.39397380098823076,1.3118032549697902
223,0.35232991339893227,0.005390761615704848,0.007711327721257736,0.1324560635049449,0.3229643251038645,1.2630591143546834,96.49478227125643,5.004365696354954,0.9018096002503003,0.8854059392413071,0.9925668764806183,0.5961029853681019,0.450143421441179,0.941686551961985,0.8628794515278075,0.903069336952277,0.7074390687608224,0.26930967878693285,1.4393983661835432
224,0.3790566689335493,0.002301510995299712,0.0038476227686683848,0.07086168591781573,0.05284458690707708,0.9138264151269713,96.52195772133669,8.29885066952861,0.9257371171350072,0.8676427767491469,0.9923914080369748,0.6222084944844365,0.5336679863845967,0.898549881819825,0.8496689888911136,0.8839637429135042,0.6995982288521306,0.20954973201909066,1.3878673574387148
225,0.06991922817298037,0.005224745563236885,0.015342314258441778,-0.0005011358352101647,0.16622180028289385,0.43460858839761873,96.43537184398761,10.23763345714906,0.9342223841777068,0.9334912211014261,0.9995078121404718,0.5822826791594584,0.2655481857739864,0.8895465682808147,1.0958813629582052,0.8787239756124591,0.638904102003326,0.35313923063680175,1.3543299934666437
226,0.4009661944041158,0.0056531158978614104,0.0035815238719600424,0.058756122874369945,0.6451669845267671,0.731208862756441,96.37901055793131,5.706499809767017,0.923469604948642,0.8984313238023308,0.9959272091094827,0.5688826799396348,0.282397397852723,0.9282071149776113,0.8477511913115872,0.9135274214741944,0.7334198445758809,0.3826075664669111,1.4335199608837756
227,0.1580194598947704,0.0041396135532129116,0.0032770186948109367,0.0327630611936847,0.17122185388533812,1.2206752049739038,96.49962392265344,8.69059092444564,0.9144144902006822,0.8766559308402687,0.9987547623351906,0.5754149579661462,0.1898242613925432,0.8955268305740344,0.9342887442550214,0.9514866261179187,0.6130162902307177,0.4178915961656272,1.4508002133231386
228,0.11370854344031386,-0.000268056873270119,0.008794103482431885,0.006067645993612869,0.3656871924799455,1.2330749298298684,96.44925463818745,8.491266906109338,0.9133515411688102,0.8914070554086824,0.9896358518952907,0.5853386591702526,0.46403169538192707,0.8863835654227712,1.0368416512873064,0.9393973099518846,0.6147399998823794,0.23491950045611032,1.4064394698875122
229,0.14479885256126943,0.004684681317038079,0.015417793973024098,0.3216294485082347,-0.02825694758182551,1.0897454018557764,96.39607086940465,8.104278536545134,0.9078973881400839,0.830779147875574,0.997805452997795,0.6701544735764249,0.5257006697816392,0.8639657251153897,0.8696143687579312,0.9114842431318123,0.6677284183820356,0.4031719547963938,1.4557197502407508
230,0.2357866646062874,0.0017349310528370113,0.010443954859028114,0.1539807214988462,0.6880520460204955,1.217958324045963,96.52611665821344,5.647423864360826,0.9214662983607474,0.875776665043739,0.9948972611013881,0.47611923178986026,0.4663177298478832,0.9439549964926138,0.9197034166245127,0.9040359868930158,0.7050830706375082,0.28946881774239264,1.3815292111963675
231,0.3147481962160317,0.004500231422546709,-0.004851262373470742,0.28311444547026865,0.6939747424885913,1.1398872100932418,96.52103335776052,7.942478886941803,0.9482155814303895,0.9028395041658283,0.9948724787347426,0.6482486846055261,0.7152614830583155,0.8836852474244667,0.950002425905532,0.9190705222394893,0.6880558808254199,0.2835774064414254,1.513684999948223
232,0.3152856172296111,0.004692376393842337,0.007641516193357956,0.18199024461077967,-0.011884911203333848,1.1251817618270188,96.42568798182076,8.084045420951384,0.9102267216552655,0.8800796667724822,0.9838854156243921,0.5264987573353727,0.2998165708625818,0.8732027577830457,0.7762212461019027,0.8533701967696551,0.7310372974900514,0.3014901297853343,1.3745695434676075
233,0.3458948305372813,0.006519573122214121,0.0008645013137770618,0.15886927287986183,0.20105296876836018,1.0837306382060814,96.46528122869935,5.507307310557406,0.9258544176851167,0.9083848482244992,0.9822915956949112,0.5960417623859946,0.2470750390292593,0.9244352573682663,0.9799060850644647,0.8765738360334758,0.607784874329901,0.3411426993558689,1.5902114573754076
234,0.29391456148839235,0.002202157725197959,0.005140410636928773,0.10491526946075597,0.07747045888056234,0.638447295388552,96.495362900238,4.6712472462132695,0.9226760123253265,0.8851419372889573,0.983747133488675,0.6152773205367454,0.24800513344788422,0.969051011948949,0.9053305771581149,0.8947561596436724,0.642801309975063,0.3714955214948027,1.395690148148144
235,0.2420862085911642,4.41305785012446e-05,0.005712113506199833,-0.04198992608673033,0.5656228751655752,0.7188690740295145,96.52215601899947,7.899242034593641,0.9237779781740918,0.8475868520437296,0.9937484049967236,0.6705003814763286,0.14287705721489707,0.942845768300909,0.7252458716394803,0.9210557002302076,0.648607974320365,0.2932378688204828,1.333933958253162
236,0.025940222622913928,0.006110985321062499,0.00858174719177776,0.09028249760190443,0.4514912862091994,0.9579372937290348,96.52065158581453,8.388437114660832,0.9255117480941815,0.9029606039456142,0.993938429027666,0.6116126607147468,0.21461402801476778,0.9157832091311592,0.8631256738764729,0.8962275108592369,0.6384610274873459,0.4246785308874172,1.370899895957843
237,0.14616072707604394,0.0062370640590384266,0.01179728094992524,0.04807041870916494,-0.10461838928184802,0.49679286321431726,96.44645273975898,7.8883436282867025,0.9270335412634585,0.9021959054477467,0.9979005198070614,0.5547407286571332,0.3646571717438871,0.8851509321109314,0.9980903872214484,0.9162927083061321,0.629773760764608,0.2248987528628257,1.347724182487466
238,0.2312928564488422,0.00207907049744895,0.004580321666577717,0.005262697765726687,0.3496790542681162,1.2044130834472548,96.45389435599839,5.832464130471618,0.9401643713065353,0.9167160868981183,0.9866309408050328,0.6209557093338797,0.4812752512434644,0.893897442305407,1.0337065152999085,0.9152027968829414,0.6168645004209135,0.29865719394758633,1.4034585113549432
239,-0.010886256299499963,0.005455932466612861,0.011059399012114696,0.21535589230322028,0.406374463080817,1.0992217149709238,96.52641060862753,5.252170983044419,0.9018264114203133,0.8704935434525835,0.9844905327817709,0.6278675265759437,0.6931539325612208,0.9447065870017337,0.931617900360504,0.906235547141819,0.7290204417207353,0.27294853163516763,1.1862353252013973
240,0.17159594618791355,0.007175375648397188,0.006014962349328153,0.020307924855126613,0.24546077120038562,0.7489778045322149,96.50131099106235,5.461512011551315,0.9258221712546967,0.885020806695581,0.9905450253502339,0.6275616788765253,0.3472736406382906,0.9255261040496361,0.8121037626425957,0.9089786806259962,0.622810360494372,0.40184473231194295,1.4582075838487052
241,0.07675430955573624,0.0051843190561730364,0.008994125630619524,0.011434198724038919,0.3503465886502671,1.4999483122669046,96.49050474734297,6.593768510514393,0.8960095113446632,0.8773529194365036,0.9897567826843617,0.5576038376034066,0.35405982825610977,0.9104070589982927,0.9018932954588431,0.9262929666182158,0.5821100824531869,0.3844556068734438,1.4185650393693423
242,0.03919188670663126,0.0013731896171105184,0.009011299651423083,0.14420628066818394,0.2767933288378067,1.2446482285080436,96.12086308053098,6.9397459109889015,0.8937784329041729,0.9056477125606379,0.9840075612327919,0.5934802396019898,0.31980787442715974,0.9437581651171439,0.8362734440340516,0.911784347823532,0.713283536250464,0.3073999867991753,1.5155995661369144
243,0.2369864005360867,-0.000644090191162633,0.00676577152811744,0.13097068496951175,0.31067023122436443,1.0759014651223011,96.45337302053515,6.159293580605275,0.8843432666567231,0.8983724295503425,0.9901720690120841,0.5594793591128393,0.20999583805892144,0.9363986455809842,1.0035697545839541,0.9016882273707589,0.6493964689303114,0.384961073161904,1.3613301971328877
244,0.10978616319611953,0.0076573406882079545,0.004721545709582366,-0.04655217918168497,0.421867602897208,0.7073371031515063,96.53320782738449,4.957685731399977,0.9096210323946963,0.8972097166483356,0.9853617037465858,0.6408244411775833,0.23729598903841442,0.9479818700006741,0.9510936440874552,0.9013072812437568,0.6875616286984964,0.4752060014447278,1.5279584784471942
245,0.1744364723909618,0.005117970990047713,0.015192003387673146,0.24548314959744505,0.4454346742940508,1.0309940066955139,96.34364672890413,6.72145617759339,0.9164948719094074,0.8643045331229601,1.0039059354542172,0.5389509988280664,0.4962636812055605,0.9331895694359581,0.913195206380596,0.9035701589491847,0.6123899363731442,0.36485214892497037,1.5780886290313938
246,0.314899893461003,0.0021475236916857396,0.010897343761884046,0.30764183242519105,0.189717172409938,0.873018501376015,96.51650299733484,7.225042414145285,0.9218186008666304,0.8663314392353335,0.9835666409610663,0.6817396449310418,0.658648390484902,0.8974326388394169,0.9588184577311036,0.935169694925748,0.6568141658931171,0.23885647565360146,1.2151241232364678
247,0.30715578932295906,0.004853661349415067,0.007536968743868922,0.23626712881945539,0.5808728755792893,0.8670545103352685,96.48952836209503,8.431996467408977,0.9190439127676331,0.8626358824022554,0.9910344085910597,0.6001236034481486,0.6468486566842584,0.9239948808434292,0.7067934385131622,0.8922107174421354,0.5552551082119772,0.17815817903262404,1.287750712829662
248,0.1236669345603447,0.003964691648795264,0.0014151052306544494,0.23880367466316565,-0.044356154501543066,0.6350388986671365,96.35202277743036,4.18644691530681,0.8829242472798919,0.8669617335932746,0.9918607109288835,0.6376278143403898,0.6472227064426853,0.9002528790914123,0.8254108878131639,0.9193484330029977,0.681919684380148,0.21495283198211693,1.4855235199957966
249,0.1526232229097017,0.004273877089994102,-0.0018008344418308448,0.2368976327124488,-0.04393687773323218,0.7560601994132918,96.4761204754148,6.952813989297724,0.8875201521703567,0.9018798563786936,0.9834359042089952,0.5566731746087153,0.5461308388780726,0.8842431904278529,0.8835710564755397,0.9027636903261944,0.6100031735280158,0.2894914951555766,1.1758492715226652
