,AS%,SrAc%,HAc%,MAc%,SlAc%,N%,MAl%,SlAl%,Zn %,Fe %,Cu %,Mn %,B %,S %,N,OC,P,K,urad
0,1.2999999999999998,0.0,0.02,0.17,1.07,1.63,83.05,12.76,0.86,0.8,0.98,0.35,0.010000000000000009,0.96,1.0,0.91,0.82,0.57,0.533333333
1,0.9,0.01,0.04,1.29,1.7,0.4,83.11,12.55,0.94,0.87,0.99,0.67,0.44,0.95,0.56,0.61,0.84,0.75,0.5874096946400004
2,0.03,0.0,0.0,0.010000000000000009,0.030000000000000027,1.7800000000000002,89.27,8.88,0.97,0.83,1.0,0.87,0.0,0.96,0.94,0.9,0.64,0.13,0.60918169663
3,0.0,0.0,0.0,0.010000000000000009,0.0,0.020000000000000018,99.65,0.3200000000000003,0.99,0.92,1.0,0.58,0.0,1.0,1.0,0.93,0.55,0.12,0.5131098095000002
4,0.53,0.02,0.01,0.010000000000000009,0.0,0.63,96.78,2.04,0.79,0.72,0.99,0.65,0.10999999999999999,0.93,1.0,0.81,0.55,0.32,0.5417865019800006
5,0.0,0.0,0.0,0.0,0.0,0.4,95.96,3.63,0.84,0.81,1.0,0.53,0.0,0.99,1.0,0.92,0.62,0.24,0.4875981970800003
6,0.03,0.0,0.0,0.0,0.0,0.99,93.21,5.77,0.97,0.97,1.0,0.61,1.0,0.95,1.0,0.91,0.58,0.11000000000000001,0.4969226175000003
7,0.01999999999999999,0.01,0.01,0.28,0.15,2.72,90.04,6.78,0.94,0.97,1.0,0.55,0.7,0.95,0.48,0.98,0.59,0.38,0.866666667
8,0.0,0.0,0.0,0.0,0.0,0.51,98.65,0.8399999999999999,0.84,0.93,1.0,0.51,0.0,0.86,1.0,0.91,0.56,0.49,0.5
9,0.0,0.0,0.0,0.0,0.010000000000000009,0.22999999999999998,90.49,9.27,0.97,0.97,1.0,0.78,0.0,0.85,1.0,0.96,0.82,0.47,0.5278391902000003
10,0.2,0.0,0.01,0.11,0.17,0.20999999999999996,86.67,12.64,0.88,0.93,0.98,0.47,0.0,0.78,1.0,0.79,0.64,0.13,0.5425005649900007
11,0.0,0.0,0.0,0.030000000000000013,2.21,0.59,90.74,6.42,0.89,0.87,1.0,0.31,1.0,0.83,1.0,0.9,0.81,0.79,0.5492990332600002
12,0.010000000000000009,0.0,0.0,0.13,0.3,0.74,95.03,3.79,0.94,0.89,1.0,0.72,0.33,0.95,0.6,0.93,0.69,0.09000000000000002,0.5760175687700003
13,0.5,0.0,0.0,0.24,0.37,0.57,87.17,11.15,0.91,0.89,0.99,0.35,0.02999999999999997,0.9,1.0,0.98,0.78,0.39,0.5733753304500004
14,0.04000000000000001,0.03,0.06,0.7,0.16,0.31000000000000005,92.87,5.84,0.89,0.88,1.0,0.47,1.0,0.96,1.0,0.87,0.61,0.08000000000000002,0.5493566355800005
15,0.03,0.0,0.0,0.010000000000000009,0.010000000000000009,1.36,86.55,12.05,0.94,0.9,1.0,0.7,1.0,0.91,0.94,0.97,0.91,0.24,0.5961443498300002
16,0.03,0.0,0.0,0.0,0.0,1.0,94.25,4.71,0.91,0.99,1.0,0.65,0.67,0.99,1.0,0.98,0.61,0.22,0.418181818
17,0.08,0.01,0.01,0.030000000000000013,0.0,0.17000000000000015,93.88,5.82,0.92,0.91,1.0,0.61,0.59,0.95,1.0,0.93,0.59,0.34,0.5181520016200003
18,0.010000000000000009,0.0,0.0,0.0,0.0,1.5,96.66,1.83,0.96,0.68,0.92,0.87,1.0,0.7,1.0,0.92,0.65,0.51,0.6004993309000001
19,0.0,0.0,0.0,0.09,0.12,2.32,95.76,1.71,0.86,0.91,1.0,0.63,0.10999999999999999,0.83,0.07999999999999996,0.93,0.32,0.36,0.75
20,0.01999999999999999,0.0,0.0,0.0,0.010000000000000009,1.44,91.96,6.57,0.96,0.91,1.0,0.67,0.010000000000000009,0.96,1.0,0.95,0.55,0.06,0.5970518533100002
21,0.0,0.0,0.0,0.0,0.0,1.12,88.83,10.05,0.91,0.97,1.0,0.52,1.0,0.82,1.0,0.93,0.59,0.3,0.5766034564900002
0,0.09536524721182926,0.006705045109170051,0.008899209855611837,0.18332114273357333,0.22405149774770183,0.5441462133704636,96.4932439960162,5.161872808715538,0.9290365948016112,0.9191079633945494,0.9882746426502748,0.609344641662839,0.5289517505607564,0.888760298654103,0.8793649338534375,0.8653956245357235,0.6230153964487503,0.38480408770652497,0.5633234794361078
1,0.1330723546555616,0.004261889401315091,0.013796075512875958,-0.027166598677238196,0.37919987261411037,1.2465079362403744,96.46810997702293,6.320085128836257,0.8941426233309608,0.9116632885977864,0.9986752123435968,0.6532944666153256,0.37283345811482316,0.8689505187433385,0.8390979368984003,0.9171752211917117,0.6870325826636113,0.2397391008268759,0.5598734968471747
2,-0.050774964901964675,0.0030504305275013462,0.014861017896850737,0.08698919755001762,0.26338114622001685,1.3363597668254072,96.35893270980947,4.459556917946968,0.9115479034507871,0.8583145039223685,1.0019087279885732,0.5907155428723392,0.596101265856692,0.8827815644791204,0.8824148384762349,0.9266973202801576,0.5716501484898665,0.4090857278519547,0.5056876202548475
3,0.04299488644224864,-0.0011520523219326882,0.01468231020878041,-0.0006234765794486952,0.038944181228394104,1.0151604771760678,96.50095970493477,7.112091069352964,0.8948475549084486,0.875890739324958,0.9993546731987898,0.5690677527329533,0.46396426144075287,0.9144312276964628,0.8937524414380656,0.9263297652451113,0.5870959045721702,0.4370923831394544,0.6221024047595822
4,0.19107131804297683,0.0012887960158601205,0.014199707232680246,0.25643618193627665,0.4329634681515524,0.5772463192895438,96.50231954024713,5.79571718994657,0.8993679906153215,0.9222262797611928,0.9958897033291962,0.5553503993526965,0.27632535095533206,0.8924031874933915,0.9068819991742297,0.9179026129057392,0.6945919908667872,0.24343527539991872,0.5732291309298855
5,0.13733208028998428,0.0011394442765852689,0.012613367768716428,0.07424583845302613,0.2647408355741209,1.105706685126079,96.52176110179235,6.871065194000756,0.8931336250167512,0.90344142513288,0.9844553307616202,0.5278667607565943,0.26722906236410116,0.8689052947976995,0.9343667590945827,0.9429046863869126,0.6385603975388061,0.3297451013407986,0.5584324172368988
6,0.19847078668894677,0.0013734950389278416,-0.0006168716421978545,0.13132624310609034,0.32758668352626463,0.9264430974103176,96.5281952875926,5.235397329120194,0.895485272759981,0.8921392070518948,1.004335949045559,0.6419972912236744,0.12729999091825134,0.8940151654247777,0.8321854183966076,0.9600950294801046,0.6492961137874966,0.3531086367561984,0.5908698401742687
7,0.2797379606421455,0.00034512966201998225,0.007822095864507786,0.12133690198866318,0.217666775261867,1.008941454660626,96.49147693729479,5.652150923359168,0.9193842979462189,0.8940048093526609,0.9875350547808547,0.5359280174131481,0.48202552396852094,0.8988327339528345,0.9380436964722383,0.8696609518199185,0.5923430997980463,0.39557003334897645,0.5718223920022547
8,0.3147159914784088,-0.00044799714874418873,0.008365391118477354,0.14441733218954309,0.38235789309736734,0.6627977434348973,96.40896217529057,6.643990685346343,0.875946274507493,0.8959328826521555,1.0044720328869285,0.5702370053151922,0.35332708306783345,0.8982511625517422,0.9327899766085967,0.9233780751196881,0.6388253889739486,0.2826236893280055,0.532215712635351
9,0.2460190963564546,0.0011323355720219744,0.00712207664656983,0.3075040245535055,0.5707153490381629,0.4683582115446636,96.50006806466826,8.32877490397626,0.9213586067361607,0.893664724498109,0.9944030159662305,0.5156658174800317,0.21225589720546956,0.8888820468624365,0.7652127029228636,0.9281458958890036,0.6757175760070046,0.28964999014659065,0.5804148483122241
10,0.26961092991754665,0.0076762316629244345,0.00670234294664574,0.1413136225411206,0.34660742741675005,1.0566810953321812,96.53112863863251,3.700055033421533,0.9313866344795082,0.9250255308823571,0.9818008861498291,0.5398903210447941,0.48478933535593244,0.9193109756688662,0.9164172812819918,0.8512284650337211,0.7081369754068736,0.223990824997002,0.6331064258007025
11,0.23526792702411425,0.007476946515441422,0.0038469321489537993,0.19082747390619384,0.05878231451999094,0.7536540126647215,96.42512860900614,5.871865311051661,0.897905106187808,0.9207957209114579,0.9917483991547155,0.5880125758655426,0.38124517644916744,0.8806196705162264,0.932037554154173,0.9098155625076839,0.642898150868667,0.27463620185113974,0.559342578060103
12,0.09353590000705092,0.0037008775759442654,0.00902425306765787,0.35978747348768625,0.2898453771682473,0.7960997081886303,96.43916187449311,7.205915161263684,0.9434592337172951,0.875591579658752,0.9968725170277625,0.5297763451869496,0.5764641178448872,0.9087523046703638,0.9873371822847087,0.9354777396813616,0.5817214624872284,0.3606632844230452,0.5815926106843828
13,0.07447105169399668,0.003186097581065957,0.011120855799676331,0.062106832363193074,0.35960242375637286,0.6789921392994925,96.51878104312242,5.9575342179980435,0.9039069283597492,0.9216310797122202,0.9903711831864296,0.6380042328916334,0.353285792111982,0.8914820443178014,0.8487707193093554,0.9232142671430382,0.56625444500492,0.22168846124431102,0.5600308800981494
14,0.07339934563243626,0.00043414812137476406,0.008954365360152212,0.15316921190290284,0.25109868020726284,0.9128434653154474,96.52590996995843,5.18492353388722,0.9028157213812054,0.9151433185890302,0.9889782878837103,0.5615094585822449,0.16812674433865624,0.950918906290437,0.8520095523963346,0.928045676641298,0.6427771537139765,0.34199047238290287,0.5794541547319503
15,0.1074249949163304,0.004416478901220269,0.014944623134545205,0.08072759179130441,0.45473744627689994,0.6194899305256727,96.49559084465997,7.133636621093815,0.8867092182881191,0.9202323394497874,0.999001564318177,0.5866274957895901,0.3883653545691666,0.8778148228356301,0.9593972067256483,0.91578041460407,0.5348297464693175,0.16526034402826598,0.5820205558762223
16,0.20284832994000043,0.0036745592905896942,0.012151431372745923,0.2337321143745023,0.21725993286630363,0.34169901990243023,96.5103792634467,7.352780850362304,0.8894502546406982,0.8864615745469921,0.9988167751719257,0.6248368576157833,0.15337237599354964,0.8793149104877196,0.7172199269537312,0.8473057567446969,0.6680310182009804,0.29433971732208897,0.5661850870332216
17,-0.07148547225303928,0.004307074476766601,0.020570212329773487,0.2146763926582268,0.1720862599275227,0.8796349902229843,96.5070065250609,6.795400505597199,0.9263521936123801,0.888992964683989,0.9943275417170376,0.6078435591956458,0.4525074721470057,0.9037021946843194,0.828803721239719,0.9385928321311984,0.6334155674589204,0.23109153685893014,0.5381051154826345
18,0.4782643049888707,0.0056453881140982876,0.0035755735521991083,0.13043855430417936,0.32175542578392047,1.1332990178068318,96.48588153103006,8.628018943911119,0.8829729102155898,0.8663320152124427,0.9953670803076266,0.6106390880208783,0.25677680793078295,0.8720680261449857,0.8266137483533874,0.880059567937165,0.5808072540441527,0.27985804815132104,0.6334437876406297
19,0.2900658153455224,0.0015030621270130293,0.012465984908446966,0.17182900848697896,0.31183552382833485,1.0514313179186137,96.43151608717638,7.4548142608005605,0.9253471698042093,0.9059462701766967,0.9923944408980692,0.5526642056340967,0.4494215777617059,0.9169086038159516,0.9094714400209325,0.8579163036192103,0.7122703646441843,0.27537702756003035,0.5108239670974675
20,0.23342484469728297,-4.5696613354415886e-05,0.009722947877000652,0.128304332812622,0.0920124002012288,0.8992085909930786,96.53200853206992,4.687931404157175,0.9275567630060584,0.8897000505085646,0.9824036971917568,0.5639983228216375,0.13172103155310894,0.9248977469358987,0.8683335848059881,0.8925358020280263,0.7141444522560744,0.3006871537128031,0.5704689774921838
21,0.10949046607628218,0.004652792149794751,0.014966672310920767,0.14794733807005642,0.30036835229519676,0.6208997494511597,96.4044774037493,6.581376526500732,0.9262123306210581,0.8523915085021321,0.9904348787651474,0.636129958744039,0.38018516674136815,0.9011025197930168,0.9212151006944642,0.894826180336004,0.6410506251206273,0.27698609878700536,0.5643590136756289
22,0.1837154449187638,0.0067751022385515135,0.018509414860528085,0.05561062982722989,0.38365537513692055,0.9745119567444467,96.44805366475444,7.40746949451411,0.9198601250972405,0.903409315001609,0.9958882924952882,0.6346990674968073,0.42722103072012685,0.8762597670184977,0.9872228293598055,0.8877215432139582,0.5772521860019698,0.38935130909247695,0.549910076082769
23,0.23178557468008412,0.0005732870539182705,0.009056582505177808,0.1111137388015926,0.397992481658627,0.9523921550745226,96.4821351316041,4.291207591613503,0.9414595061968517,0.8791610727611758,0.9953000969703507,0.5564255416478406,0.48787911507637205,0.9511209288587636,0.9071704432587594,0.884283672183286,0.5673074241764067,0.380068433768797,0.6103743338220861
24,0.24044512113935712,0.0036598644484695207,0.01214574540611084,0.3522446860164182,0.4134623391534159,0.734532180467251,96.32663927816176,7.98861836399399,0.943051416586371,0.8758924850333569,1.004173110915174,0.506760928433564,0.3517442910378468,0.8870340309380944,0.9490176835124985,0.8773425384941691,0.6678966120934257,0.2960347414456165,0.5322677085275648
25,0.11491318186178737,0.0031678707458559457,0.012225980763325036,0.3131379504986981,0.25895750733129114,1.0418088753278496,96.51823201870485,10.295995251275226,0.9291129709402416,0.920284042283877,0.9948572776601807,0.621525954808444,0.3950346580861664,0.8831333704819334,0.7580238930686838,0.8700135817762862,0.6919032335730464,0.4082830299340229,0.5636868559417366
26,-0.06594171634079951,-7.54754758453065e-05,0.007943136862944239,0.05400720127914942,0.028884906616190864,1.4540393146326152,96.52374967214834,8.757720660351325,0.9202613505532349,0.8217385779851354,0.9957320311905277,0.6475145036974888,0.6678793019082983,0.9346874873225934,0.8775441205979343,0.8993439609649819,0.5857786385769116,0.2089179272865087,0.5723371934412537
27,0.23244462126852122,0.0029192860933819308,0.0053490329679472615,0.11453369228686486,0.3178252179021219,1.4453812054104072,96.50343716713076,7.266578479554889,0.9123495208269861,0.8608132348388056,0.9917514511200346,0.5782407341860987,0.41869493682499537,0.9083145709970826,0.8329080927411071,0.894010517233533,0.5794660630194264,0.3325528743446302,0.5951048097815766
28,0.3180784593193907,0.004729747270921778,0.010279519752256439,0.26180088797996615,0.3085777292468608,0.8502205829912829,96.52698005015282,5.261148071722461,0.9260066932692856,0.8868038824983778,1.001449200202003,0.4843167220523967,0.2703418961478188,0.8745194178727818,0.8449168242403285,0.8541231750289457,0.679890006668708,0.23121274350695933,0.6143723587927915
29,0.026577801083220165,0.004040773211758337,0.011448304069288673,0.3658441916050378,0.024823306942107715,1.0789283911018612,96.52060320006606,7.188655516312371,0.8821818906515769,0.872194570960628,1.005019473081471,0.6494995670773369,0.3666714584541693,0.9547148726626742,0.9859803429173425,0.9155751088909095,0.6780113202271119,0.15117767044103292,0.5351958377619148
30,-0.044608536547717736,0.0063733737219891,0.0006175362465679086,0.04015664538486868,0.15774595396992044,0.8619080632409142,96.52275454791112,7.3045872649607615,0.9005179825192413,0.8595992931579431,0.9913602651643066,0.6185445679394606,0.48265336833236566,0.8902458952897443,0.9715741618682988,0.8806209151054556,0.6338158700798852,0.42261040456076127,0.5805991555701223
31,0.11101818022634044,0.0014616118215461191,0.01163024143344404,0.023790001332627334,0.22002943902444766,1.23495640497946,96.52401705235374,7.284955976531007,0.9204260209316453,0.920855070256471,0.9944513537110633,0.5903388579573696,0.3134007020583197,0.9057937396588334,0.9131641495976428,0.9061048076644339,0.6154993327613796,0.21189731933418132,0.5978985380421213
32,0.022877392222180326,0.004338567042720948,-0.0005434850435546952,0.0643856077631668,0.37047521476833994,1.006795827791433,96.51915078855288,6.999611455571922,0.9340114552230734,0.8878757233451996,0.9895299529906272,0.6698172746122539,0.327549041954566,0.8590821701908712,0.8554871232978745,0.8356714167160836,0.6554088755780803,0.42660802996225566,0.6077585047788593
33,0.2604901979720264,0.0024386689214641387,0.007180662197932265,0.2164944422380047,0.3024305970035913,0.5746202513340117,96.45987712793723,5.397712276959325,0.9420682494660039,0.9386059547180721,1.0000336127441805,0.5584965283728635,0.3384133740655141,0.9022396927072885,0.9013736267771019,0.8441427851492199,0.6356762951780586,0.17195241865565694,0.5230792798760667
34,0.3403632824911212,0.0021485886679147117,0.00234647353047354,0.10930331243474539,0.1549136910096201,1.0108526436330338,96.48462126407871,5.988155951902588,0.9170216081027812,0.8991106828769846,0.9901088997155011,0.5744412090146266,0.5039235888025148,0.8841368394321278,0.9981169263933971,0.8981006222424153,0.7388616752953414,0.15557165052003402,0.5784041327930151
35,0.10130212899329427,0.0011713173256510273,0.006843265154462425,0.22650363298579262,0.41274922831948013,0.9955496299965428,96.50737599080496,7.586908511188226,0.933089623645665,0.8870792111116891,0.9930319633839395,0.5667847709882705,0.35859340496320913,0.8911050667151142,0.9366160238326457,0.8983844009543398,0.6425826368134329,0.26899542659624287,0.5638914976389499
36,0.2475054829598763,0.0013523703436321252,0.016697467529199365,0.20006287588668914,0.1216461958576999,0.8712020309613195,96.49847525057861,7.608946018336451,0.931996550908932,0.8849115313347522,0.9926263394921866,0.5991025575637399,0.38812672566817236,0.9311978175731442,0.9254842574353502,0.9132341385618249,0.7015031883661562,0.26620346699392144,0.5699710758100464
37,0.13149428433063814,0.006555470068427835,0.0011983808946804363,0.1452603579156067,0.5995910645040903,1.333713532634401,96.51392344960018,9.656538842336545,0.9198964419913995,0.9147043197396407,0.9964790186757424,0.5762260685597275,0.33621097264757255,0.9194673032087868,0.8486593888813386,0.8856103827949128,0.5614358797619269,0.32691497478637144,0.5499384775559178
38,0.16997186473136883,0.004199320636051816,0.007287246018210856,0.15327540314642465,0.14438026177019456,0.8977956724825792,96.52724631161259,6.496028700764863,0.913038049925271,0.8925781590883299,0.991707967680184,0.5316121364140642,0.3155471288554912,0.9274464044917692,0.7524366408529035,0.8794261316155898,0.6891867840600311,0.30526832714921315,0.6249953941829037
39,-0.03644569954863011,0.0004492794429346997,-0.001400369984542107,0.2853798166270035,0.4213361508930699,1.0440312615536356,96.45793106991515,7.85526741565265,0.9118383907219413,0.8741033602857751,0.9923958256272317,0.6662013037066451,0.45653625514996354,0.861611875367635,0.7961323010885999,0.8877860955192356,0.6419397990194292,0.2562294243706783,0.5566006395971763
40,0.05155157221172216,0.005257584055843844,0.009821153819505839,0.18432843828252998,0.3030180114399587,0.34372373590914507,96.51187278886175,4.402401805753,0.9075134203669499,0.8390040772927061,0.9884533357169392,0.49368966103152045,0.4399703307559179,0.932468657321817,0.7520449854912458,0.8585903392733192,0.6958546981089341,0.4040458165371203,0.5866082597965255
41,0.12608500330684447,0.0024713952927336896,-8.655982403318191e-05,-0.07658663821534181,0.2417060514912034,1.2490972419275903,96.5132015789829,6.204259013298601,0.9230946719025336,0.8344562900330899,0.9826223500156239,0.5636068681369312,0.47528485119786706,0.9274766965060549,0.8372510335429947,0.9314608396739578,0.6220427965636709,0.3037221798056917,0.5671156002095923
42,0.15135154940542161,0.006043699812317593,0.003678200455876579,0.010922918728401926,0.18107510609633742,1.3622129239784524,96.3590297609928,4.619798078009408,0.9199180231877411,0.8595170469451309,0.9969990976950083,0.6051549317656335,0.433467551735709,0.9094205166842839,0.9969642471893791,0.8926151600308437,0.6636360097390024,0.26781895765401104,0.5327561527197789
43,0.1620323109646811,0.0025685249602362854,0.01093827847029756,0.0707466013012176,0.5553831913647413,1.3818580829690321,96.51345889047764,5.784870797879885,0.954324347685478,0.877429466912835,0.993784855857425,0.6460223968122184,0.4572205997027341,0.9042377513936994,0.8889689537879645,0.8575573318443968,0.6360815221393344,0.27198112869038993,0.5706332249898227
44,0.20976846675333413,0.0075951287582189265,0.007678025926683034,0.1732978856377898,0.3670708465838068,0.7696742691912309,96.52800314303077,7.830776156399927,0.8883384237212587,0.8625388243336587,0.9975846207221034,0.6096008886514805,0.37753098629179094,0.9105240454706885,0.923416482341285,0.9385126786601817,0.6378492084722142,0.2929025425122213,0.5815997543871297
45,0.4327820112026118,-0.0012730233623827005,-0.004567969895184344,0.1606040605344204,0.5346343444061519,0.4551029795876508,96.51747938258278,9.4751073593347,0.8915929405621511,0.8541017599398911,0.9988412406178028,0.5732032317664716,0.5027333607171568,0.9306178961220392,0.8956010440516184,0.953429181387621,0.7475956408809726,0.297450790569925,0.5281718636913886
46,0.0957000522662887,0.002300404135339243,0.007953878272174066,0.16453746274621658,0.3152283217536935,1.0612880523524186,96.51903723587151,8.116046955196605,0.9334282274159756,0.8879807477268248,0.987352260325022,0.6322337924063803,0.4468034616055223,0.8927519221757996,0.9311793945044049,0.9055581208311585,0.6319807484691989,0.40050235196449013,0.5577883996045321
47,0.2893439323554919,0.004362791310623866,0.01606314937701702,0.05794850821100077,0.4278822499121716,0.4831783174093605,96.47374090346138,7.258159257227777,0.9336739348461534,0.9158926600675943,0.9891140383171039,0.5839328484828802,0.4097785961805727,0.8886265970106304,1.0733445792351413,0.929331401758953,0.6936581962124299,0.2975098968596349,0.5546656215311389
48,0.4526769842273752,0.0031610644924239626,-0.0033306869117718076,0.08213011883890571,0.42655066419027166,0.8682632186646024,96.49622125782206,8.064383432614985,0.9076066351473543,0.9308361894338069,1.002281344637906,0.5462854502813653,0.6668067301542708,0.8771587994718973,0.9230623052239368,0.9396048747703674,0.6788830733540838,0.38189389052212314,0.6342460661320846
49,0.29104802420704945,0.0009784180354101874,0.008014184535684333,0.05050197365573211,0.41390777862190553,0.7943442179167729,96.47976982365745,4.134846366892667,0.9034506417562327,0.8905831643003136,0.991151230401613,0.5527454965666474,0.11505836715059764,0.911115851899092,0.8771834942323365,0.885266186263267,0.717384469698671,0.4505174492483438,0.5426968266462059
50,0.30039591002432675,0.0027855649862189103,0.002698274398993456,-0.0775458703638946,0.4244227645757376,0.5972132725440416,96.50693632377266,6.5694660526599336,0.8936475419578304,0.932365685981141,0.9963617346999727,0.5100115262673952,0.2098665289465158,0.8721460588007768,1.01318210498421,0.8830088131855961,0.6880045573301505,0.25739282317207013,0.5494566707015828
51,0.04943606814608616,0.0017318895409643442,0.010633700251181261,0.2938895833228899,0.045858171062000436,1.0364397774147949,96.52258337982984,5.64954082577349,0.9265819921844688,0.8969298759180508,0.9950993535720218,0.5938969718476702,0.333799279027201,0.9228448390154392,0.9153286481774768,0.8963511958097329,0.6624650974798768,0.2734634051746867,0.5795187578809989
52,0.3426764134796978,0.004388228030197979,0.012600046089808033,0.03869540270727351,0.3097349324183826,0.7705608911491588,96.51367201152001,8.301516414479588,0.9080422459618629,0.8619720344148561,0.9960884898530032,0.5362552600797481,0.4719464229258547,0.9196286827052784,0.9958304917559024,0.8641262814339082,0.6910312422675828,0.20814490752673498,0.5402792087393418
53,0.3354624198899746,0.005199149426651034,0.0022643671229913426,0.21471996095286708,0.11311869770982086,1.1308276369944381,96.39342167975458,4.840860536750503,0.9065586280933361,0.9135662814125605,0.9801758525342279,0.6269329497575137,0.2233747526236956,0.8750451091111592,0.8537534613916485,0.9373918188949759,0.583964579884154,0.4468063793402356,0.5282004876375118
54,0.21982425862306,0.005970194098841608,0.014839441797241028,0.2672689454233058,0.2930488827066613,1.1826461422135472,96.23843765243764,8.097471392353354,0.8863969224047429,0.8683767209137125,0.9878956441430898,0.5364995938589493,0.5584347698791227,0.883793710170527,0.9275447433999137,0.857876742171678,0.6456993924208493,0.4062195103475865,0.5114762742366423
55,0.13386703939241112,0.003947933008968086,-0.0024518106852559,0.25272531448446106,0.5166373136498944,0.881997799009573,96.48089500207406,6.467383084125336,0.9045073055103683,0.9041747435445368,0.9881199900259136,0.6664738025545991,0.44081707264450093,0.8939019257138109,0.8511402493060886,0.9282633791111653,0.7070476263797401,0.3793815481748653,0.604616129975615
56,0.20294799866481578,0.0023745734000670407,-0.00031964284702524614,0.2029370501152061,0.07062799106268841,0.7245505646728891,95.97026062047101,4.845862017794044,0.9207353367093448,0.9155350517613198,1.0007205881022179,0.5428896477790557,0.5159010291267253,0.8957922984766062,0.9159120564065456,0.8432430947796011,0.6605777343943187,0.3609489554473118,0.5969331609280347
57,0.3562628011642227,0.008205913567400075,-0.0044315673004228775,-0.014808553019881987,0.4821934275737806,1.0300892307981409,96.49447713338604,6.645699612755708,0.9017468323065088,0.879458196360152,0.9853376973255047,0.6210574054791099,0.4598911759441671,0.891641424613289,0.8348729344269751,0.8933561953035718,0.6635082756064397,0.379627030547515,0.5929410267141224
58,0.2609623542470149,0.0046315003901767696,0.004712532376057822,0.14729927038455298,0.5830215848212013,0.838136107027744,96.5021617971134,4.044583070564235,0.9320487782088851,0.8685324231701619,0.9984098075563966,0.5349540266722866,0.5541902814524957,0.9395567426805568,0.8200237514232612,0.8820130819081238,0.5782646033763599,0.3861051636586306,0.5860951333879424
59,0.1839325469007902,0.002536166718730373,0.013987262748938793,-0.039367216542361694,0.5374070056866751,0.5614698318712444,96.51113385737364,3.6100385473879446,0.9368152618410014,0.8626583265473062,0.9900260195696726,0.6701247086305319,0.489020081626239,0.9190565306389228,0.9245003432710008,0.8517642816927931,0.7144237125676763,0.3642807568711158,0.5568792112475501
60,0.05060926545792335,0.0017665512700516801,0.012613024946356471,0.15732448902197985,0.7293528461208827,1.314713476803077,96.38635344486893,8.670463411686583,0.9157821843960212,0.8760468587500131,0.9950475701316502,0.631594951069568,0.6157890876668853,0.8697531950457311,0.8986625528395081,0.8688313795966222,0.6311671287575313,0.25688965087772203,0.6054434701158737
61,0.22252462027280506,0.00644133313526776,0.017230258703798455,0.26424457700962656,0.4947779699662401,1.0747342252374803,96.50940064070751,7.994135627690002,0.9160557915275652,0.8926435081948975,0.9912720345270575,0.5041518180610245,0.4245146271746221,0.9017882207909239,0.8212117110179811,0.8942506743210369,0.6469632193500086,0.21045304064336445,0.5745003838161367
62,0.3494809497429884,0.0037911105973338216,0.002912356560525682,0.21861942466573692,0.4634673331176248,0.6984516261156049,96.49936353460824,5.336248641772403,0.9233854670702202,0.9325420771931374,0.9946022993307302,0.543817413821072,0.4655210459078863,0.8636085283477101,0.8372801183528904,0.8657884615723119,0.6579920547972219,0.21865392582863707,0.6083248445391234
63,0.10888719487598877,0.002028665191355857,0.00039863150611189283,0.23365642724298824,0.056554780394816984,0.8055799485266731,96.44177722208791,5.936811054387569,0.886890372496968,0.8624469808726353,1.0026523329792114,0.5741514120600213,0.14835062707828056,0.9656316797298938,0.9883269406601194,0.904269073617357,0.7325222292343773,0.3506882104400514,0.5923780336025277
64,-0.041697851387040935,0.005520977313373589,0.005614217822453129,0.3040947886074762,0.1208533738701709,0.9311158002529671,96.48186131861134,5.401368290693881,0.9137658888886884,0.8367234260055382,0.993733246252413,0.4931118251793935,0.41318294486629215,0.9417584025266851,0.7683499758119747,0.9225103423499759,0.6125732782365915,0.41329583211407805,0.5490022280230927
65,0.16797183012630493,0.0037827992943648163,0.00873967986744824,0.24400303468222528,0.3594605363076903,0.5925603248226237,96.4675279496093,5.745605375072422,0.9453505692767098,0.8788536426088448,0.9926552805606744,0.6253884242987631,0.3853191228457385,0.9016353074407623,0.7986875479224852,0.8876205930613221,0.6576366051558415,0.28057560263383796,0.5808339355310357
66,0.1644752774835067,0.00017925855549922372,0.010099905032203399,0.24549813928880895,0.48685313564361565,1.0323169939654666,96.49465948892362,6.675388136862433,0.880245294011711,0.8677894719561513,1.006268016339057,0.6431162109479704,0.6746239341740158,0.8715972961098366,0.8559640754577842,0.96388142887231,0.6250885834161187,0.43995575034051165,0.5968506876031996
67,0.04027229812723929,0.0020287501353281638,0.011999300106200473,0.2452234784176041,0.03599632202878794,1.4780562192027435,95.57484752934349,5.7360351787304955,0.9243536539554044,0.8464811229511185,0.9990069004160038,0.5604642168158022,0.31534561377202996,0.9208640137201562,0.8324208253694039,0.8985913512035936,0.7254269157914638,0.310548774997893,0.5840506408752809
68,0.08163190695755673,0.002392455988652441,0.008975244508235938,0.03955113932452842,0.3163774443554701,1.3631397485817784,96.5316482959773,6.369544706936385,0.8808838429807445,0.8882699780098714,0.9887073716585391,0.6421062139325979,0.2892555270453476,0.8379865362186115,0.8491090919589989,0.9366007434343633,0.6339352391853456,0.31237650308667,0.6260031885675233
69,0.08565899078042497,0.0038984574393585826,0.010131156365764827,0.03402922168607779,0.038979295258918495,0.7425952991926046,96.51071656525392,6.513484390657501,0.9341760102974729,0.9147809673601403,0.9993957331499731,0.5180319996151517,0.5823286846214653,0.9552092264543198,0.8967534839298154,0.9594762258752358,0.5688846818433076,0.318886648198046,0.6151722050950422
70,0.3264930695565245,0.00046908903612177203,0.016571543177756512,0.15558830847016936,0.5603260982562263,0.9202893839084053,96.51085808657602,6.891040024679723,0.9112130705665967,0.8576018424675306,0.9915947950382475,0.6044157444623922,0.2973846154612818,0.9199234064721089,0.8137205797670549,0.8908096421265407,0.5723230662425214,0.273259302205366,0.5520792421772837
71,0.15881199501883753,0.0025797388587409766,0.014882642841862657,0.24812492055222593,0.2491529645376977,0.9179665140590657,96.52488883488533,3.451980411061935,0.9265572552179507,0.9099700059671263,0.9853723518656822,0.5812367323624116,0.542033935148559,0.9006521414616473,0.8147261210977369,0.9152112089896028,0.625192177166161,0.2842872694804685,0.5865182128365084
72,0.08773776943075716,0.0035859903055876813,0.012711865426818151,0.0708503986081529,0.16513673951633628,0.9293827515445873,96.47883762886187,6.6697575537255105,0.9162637194825066,0.858153756533092,1.0010281598388262,0.52140683649584,0.29256708363017697,0.8724489255697239,0.8686844059837329,0.9253894621430353,0.5719265228720802,0.3162594639425535,0.5545501389493426
73,0.13871269169012412,0.0009965993397098344,0.007535807902357016,0.20998167357078062,0.31528645222472057,0.7370471393893497,96.45966204909001,7.816929469117541,0.9008240837139804,0.9049609392621254,0.9982702985630724,0.5658351128421082,0.43396486496057707,0.9033704645233945,0.9297422312962973,0.9263783095142383,0.6827723871974443,0.304184714963198,0.5517406096481595
74,0.24217753340751225,0.004629752097339549,0.009602816454578276,0.035435099794488806,0.1983768755031306,1.0645523859882258,96.51063769368706,6.548089040076199,0.8953482064713117,0.886080949155474,0.991938202243991,0.5589822944591638,0.4705743998480856,0.8963002428900517,0.8396881914593843,0.8798964665019479,0.649370305891383,0.25566456426191114,0.5435163160837133
75,0.14614053420665074,0.004989700650525907,0.005534347562006846,0.03453260146577361,0.2805599323242932,0.7300175835072298,96.48656032994062,6.710887394125329,0.895313064285129,0.901857778441311,0.9898345931447022,0.6513379117806783,0.25653477573415373,0.9344614673804031,0.9238257958253216,0.9044813767554588,0.574098837742776,0.307107766640492,0.5701114842365915
76,0.1530774746538303,0.0004051594025376269,0.014198158200249035,0.2053097272836757,0.26761750954072056,1.0784417400267012,96.50271389808145,6.162898760865218,0.9386642816022824,0.9163414244548029,0.9982237030973607,0.6782288727265495,0.6860413380995195,0.8667890424893021,0.7857197168507892,0.8849095241480335,0.5798759364461066,0.36378363522063817,0.578913028120491
77,-0.022604015755614076,0.0036953323493116863,0.008323479388951572,0.07624132309938723,0.4170401681671826,0.7368712474063355,96.4080109618193,7.08510318712019,0.900148031535025,0.9222583567085972,0.9892950369758161,0.5941564777712526,0.3080696095303387,0.902491902414693,1.0134846558469122,0.9091627246192752,0.6915824111146837,0.21033956606813253,0.5778445661746848
78,0.2197435685991391,0.0035863265997446627,0.008933382754792971,0.25362755157456474,0.3079667743626573,1.0165626796692726,96.29074516370632,6.7602180946834345,0.923442222954546,0.8892795414428636,0.999950334550054,0.5181231474178805,0.4513093863340661,0.9188767104566749,1.0184293173367618,0.9254542921921863,0.6175430907913068,0.2681951601870566,0.6060279325519258
79,0.2139767467702973,0.001131671550166438,0.004416180536763788,0.0098002953406916,0.08056823956940387,1.52191003510119,96.53331578633771,3.660627633789069,0.8925801502875701,0.8629006991370386,0.9898494894676251,0.5852167594917705,0.24266592846910498,0.8993892341202088,0.9056246422622101,0.9528650299807475,0.5681376667619578,0.328572950826856,0.6258519233233434
80,-0.048488988524592685,0.003595895124240767,0.002102304862540931,0.39652837809020397,0.4592362785562053,0.5479354749811667,96.34392781374348,6.930239142955083,0.9020778298813646,0.8940365242403805,0.9877435656167288,0.6093959371587222,0.6066088500418774,0.8768975550699957,0.864439142385493,0.8748342603719929,0.6751625883647573,0.154007534076857,0.5982086953953935
81,0.12544162127383984,0.00725580770749315,0.012676358437589144,0.2037202254560571,0.2341023350663515,1.1090425201836935,96.4720706162369,4.25206260690134,0.9176866085083735,0.8439316776057546,0.995546189218305,0.5561218519747909,0.3705033049428764,0.9283945502243921,0.9723740371652977,0.8989741870243846,0.572959534746699,0.3312326236958271,0.5543004027991473
82,0.2987585287136815,-0.001868312602721005,0.00895969210955854,0.2862669469187795,0.2011596314027269,1.3032565450931206,96.44343016875513,6.483202694550302,0.9101888531870005,0.8321677267640674,0.9899162767903216,0.6545184856133452,0.6128043248472799,0.9309075795353224,0.8415706727941533,0.8904020079196364,0.6317110291910009,0.27326622481702567,0.6155249462323619
83,0.1501396908813345,0.005643446167828357,0.0018173927973534655,0.15213592086004396,0.47238693498545836,1.3585378223016138,96.35671423722665,5.681315168599119,0.9108237783986055,0.8308651651977723,0.9907404301645698,0.5942687142573035,0.19830057302054446,0.9294358334292144,0.9600920870062534,0.878199490416158,0.7611310625546267,0.425201036489091,0.5399041902775599
84,0.3901524890305234,0.0002830012641920855,0.0021961775846889194,0.05044649197958419,0.21917185726381375,0.31790524217801996,96.49971454104941,7.545459338019324,0.9204658348648989,0.8798898242432227,0.9941289812380808,0.5727388651667799,0.21745174782713841,0.858433287327997,0.9662086956695957,0.9592000071566412,0.6519274525115356,0.4036593004065683,0.5536453277140093
85,0.08165059038896302,0.003929513167405487,0.00942110974926668,0.10445969184285249,0.07007642958473412,1.0487438208402158,96.49312456992028,6.575210859734526,0.9038210872321466,0.9016655087492537,0.9944913286469651,0.6554355722494786,0.10557938755764124,0.922316988454329,0.7314937850252092,0.9414545563869144,0.5839299646100609,0.29072871431245423,0.569570158696077
86,0.15285950849946567,0.008354340570355912,0.013279553475390865,0.06979630531482404,0.28993120164840985,0.568235387496905,96.5033045957737,9.378717645344084,0.9440489866480142,0.9415272063239669,1.0030907021826874,0.6896025981718807,0.4677227444187237,0.8972790542543272,0.9449955289459869,0.9085046074654629,0.652417093093495,0.2780597942927514,0.5203200690481683
87,0.12961453004246215,0.0008963663935957059,0.003279988314356431,0.1457918225350826,0.23851947980922492,1.3250375074862568,96.50866674357472,6.240366614643545,0.896777648092561,0.8598910243786332,0.998401481254854,0.6551813318864029,0.3835019628860334,0.95541917620852,0.8386580076362943,0.8878614859264559,0.6382966198215598,0.33137403171230556,0.5760253432444996
88,0.13747117003689624,0.002525397540745514,-0.0011916074491283854,0.08639758668134129,0.4340577018160384,1.0416853463167746,96.48674268547819,6.825522306357288,0.9515904880402595,0.9068869533841976,0.99871262260276,0.642724485097647,0.36970081395840904,0.8689063251462147,0.856644391821008,0.8725702116959576,0.7128590386644078,0.3037885384296482,0.5661977737934353
89,0.3218180270235851,0.004944708110823259,0.008908464024105611,0.3175518020458591,0.11793151784208383,0.719200843223211,96.53451200510179,8.10795707565498,0.9267643597939152,0.9092363746790151,1.0063427688149391,0.4958649064168542,0.3020575096461595,0.9363370497687358,0.7762781034632595,0.919467620451822,0.6010907209505216,0.2600722958042542,0.5490486156855422
90,-0.06039596481408799,-0.0013682980276535027,0.015539152183904767,0.07590924378301811,0.31130779415958804,0.5613036984420916,96.4893890782642,5.200509761441995,0.9286916717524234,0.8793272753410568,0.999463870853483,0.7090172066970749,0.39337594725241587,0.8755535327294883,0.9124265366608811,0.9285985672395439,0.619902117751104,0.2371661207769451,0.5536171691868079
91,0.3250329823009625,0.0040167131551426035,0.007437275899831864,0.18262927479155905,0.4760810515293893,0.8263626389886554,96.42912560745306,6.550518332923222,0.8939847202919798,0.9000024210667193,0.9862388812890035,0.6290982049495742,0.43660109064772584,0.91418430896792,0.9902414898622094,0.9015689857131524,0.7206265394459357,0.30537841386393083,0.5143493966868679
92,0.04105246120520967,0.00376074433315632,0.009305713164953015,0.10607963922899699,0.23322368222859197,0.8672240516851157,96.52818242201786,8.823159055443572,0.8996469056006272,0.8872219771878099,0.9890171746639101,0.7033732017001767,0.46270323964723664,0.8876116433874595,0.752256294953279,0.9152429046819093,0.6618464417496297,0.3002451785556594,0.5985432920190872
93,0.14887035662412013,0.006172011094363447,0.009032415450957796,0.11519606729046244,0.3405255612285123,0.8785588986932437,96.45101386568945,3.09019478773878,0.9066413304755154,0.895102101447246,0.9997932533338423,0.5309032552580933,0.38920150448601987,0.9580456134742624,0.907741637803791,0.9084234386456804,0.6232513340775754,0.3053466870502681,0.5674506123493359
94,0.24911627983488022,0.001729441225086648,-0.00020879046806999545,0.10021269069439452,0.35343981390960594,0.47550606014066465,96.53120163678481,6.951521414234212,0.9205537708110074,0.9236001558266054,0.9974238780372945,0.6030353047080607,0.37351451383618905,0.9410147972185577,0.9160985387277847,0.8884615259835865,0.6302052588134925,0.14117148064689533,0.5290607237509474
95,0.4155375400109195,-0.00022503804558881907,-0.0037756133486947898,0.19109066279906217,0.16276949373614302,0.9339666371445758,96.3089351285788,8.022112749320925,0.9080047655805875,0.9043893293867318,0.9937866843018337,0.4810975613524301,0.2849254774126865,0.9259784757804979,0.814647306712736,0.8768437543515704,0.6965776055573061,0.2739447626476423,0.5388935569740038
96,0.024321657105859318,0.00043414365063937973,0.0021112955824533408,0.1996632033316488,0.27997469368158906,0.5305217575485035,96.51808993800994,5.706048212323704,0.8985899562949478,0.8978594247532445,0.9852227956203832,0.49539329517576147,0.5046877133116052,0.9035725375648749,0.8671686058681995,0.9103179347844035,0.5520675892785412,0.31355367601006495,0.5380289833200008
97,0.0882361537816599,0.007393581889235058,-0.003532407568366866,-0.010450804716599732,0.4154772924769346,1.4353677607186395,96.40926255849203,9.53237703607181,0.8978854425977679,0.867237783066826,0.9835254145675966,0.5585020307751751,0.28556058300037757,0.9490955560741303,0.8022498634698209,0.8856147426428226,0.6057421523764117,0.43511077226921496,0.5457820572869342
98,0.27858241840935927,0.003596345598626451,0.008635999056377243,0.21802281873464396,0.06575151899523457,1.0098877476870933,96.43357653693906,9.318250091940815,0.8808325799009091,0.883565171509109,0.9869761640897792,0.636571045775511,0.4407589764050404,0.9258949224059734,0.9205948344962475,0.9091129679615949,0.5691170090831663,0.26048713994929074,0.6271605066287447
99,0.14215499429168196,0.00769366517790555,0.0002771796748769883,0.2106911841272998,0.20509016942022384,0.7421903516637434,96.49396978224318,5.921685325432471,0.8919864414232703,0.8953270293969383,0.9822890739372526,0.5258910164351172,0.3047948427164187,0.8546140220839301,1.000822380207777,0.919510787697011,0.7499265032341541,0.379532814271627,0.5828832937869706
100,0.13791180629402316,0.006564094587588353,0.0076333890590259456,0.01096570781132164,0.32324344929766635,0.9771514427115381,96.49695851119174,4.939254403621083,0.895524473028264,0.8978676543521058,0.9961341570627565,0.6742751876420974,0.320764685764431,0.8957579964572886,0.8334360616367178,0.9183259591322972,0.6008984989989843,0.39311444704133003,0.5626024977559672
101,0.09506744756960207,-0.0001586753907480299,0.001970258101748801,0.25102032717409906,0.5158227780392496,1.0569611290440981,96.52700801879355,6.3661079825744435,0.9359501799570995,0.8494403653434612,0.9849581827425515,0.5136548623031867,0.32682774318931584,0.8926957763038392,0.9411068375160088,0.8978998743305833,0.6385983602131147,0.4199167054146834,0.5889250346622246
102,0.15791740228707019,0.0017988428034796183,0.003953481609792109,0.06909213213338486,0.17696790781371108,1.0340344345323011,96.5288184289081,8.36480278850247,0.9350039147633225,0.882867859962746,0.9931161044781117,0.6229150187592529,0.5140865743920677,0.9011157217135187,0.9527154162423971,0.9546144168227462,0.6670683463893538,0.43925060030299573,0.6229551996297285
103,0.14043109902100442,0.004692694404309296,0.002172598823588585,0.2880287040818911,0.3549769567407859,1.23123043332451,96.52042420076538,9.073697421001548,0.9215734699565069,0.9038995485555446,0.9916723682659897,0.6125237206950422,0.31323123051064267,0.8915123015230156,0.8956472276606258,0.9566516681352302,0.7019570216030779,0.3131697367162233,0.593638598231956
104,0.1904857757391064,0.0035826765200475488,0.0008643145253408313,0.0733062037044506,0.36339539489305217,1.3055413449521953,96.447952418275,6.354396301225788,0.9395895320596908,0.8688944781145307,0.9869921477832989,0.5275737165937254,0.20588439898433689,0.9441507743135208,0.9518266515707762,0.8862304545198358,0.6864252195710908,0.3112403274946964,0.5848481505288685
105,0.1387673598176872,0.0046597279074892224,0.004418735648798858,0.24153877986807945,0.30748661746961653,1.0264494362615757,96.5246961309507,5.128291712804153,0.9188153709318776,0.8659869338157251,0.9919110695343057,0.5489082635564175,0.3591010360905233,0.9294497570577979,0.9041318236999594,0.9289453304656702,0.5936625292479357,0.3517109286461222,0.592757864577853
106,0.12440699698731034,0.004621061164228384,0.005705637306888714,0.22402859532275105,0.7023715512134232,0.8765570590303647,96.52512740739077,7.060200960872594,0.8964218307489779,0.9237230807190421,0.9996574709728403,0.6016368748098261,0.33806858200921086,0.9315913202023552,0.8676062404707477,0.9394412349018515,0.7385514319316413,0.30460234846756007,0.523292944012525
107,0.2508756023532843,0.0026085665134533385,0.00799022100397353,0.0983582298571089,0.414431218742249,0.769501406471056,96.4110782826483,7.734304333783252,0.9007340746172335,0.8862416342509298,0.9941897388225734,0.5905442938762042,0.15616200148314346,0.9295513392107331,0.8417301050231514,0.8488644651084547,0.6079610430511136,0.3976378596437049,0.590850550539014
108,0.16368137705623514,0.004903028150738701,0.009331302728444343,0.29419445779075004,0.12673553233331497,0.6811694652405412,96.48858162360628,7.31050362744316,0.9156742107022265,0.856166133007679,0.9961506796000931,0.6843691017637105,0.4438187955162522,0.8883861962807182,0.8956181329908647,0.8994986301936522,0.6359814792336358,0.33844991749490255,0.5473609097696849
109,0.02079217873334746,0.00406916511683437,0.015238961005542548,0.14527682551937407,0.22663904817548722,0.5213468993610663,96.43499566576976,9.37426512949511,0.8935731097364837,0.9412336950258734,0.988976938288002,0.5019832795052847,0.5614875147784698,0.8970877389563812,0.9830532178188635,0.8845967260740225,0.6680327648432512,0.17969257981365208,0.5532429887520582
110,0.2321338297688148,0.003497905990949816,0.0017182691944678617,0.23574506597492262,0.5004926410621833,1.1701855291745094,96.30208756626853,5.403769301933118,0.9513080628603681,0.8565581055778617,0.9996070033686567,0.6001998823362117,0.39994827457771437,0.9271569345741242,0.8084977983679831,0.8814425034105623,0.6752599418383232,0.280828195138102,0.5960206996250865
111,0.12849794556412733,0.006776946534548571,0.0042757708099321005,0.06454914313397207,0.39521390009229085,1.1140360003234506,96.44459897825129,5.992666961064815,0.893818277017671,0.8960512068385468,0.9969850895876825,0.6700937144005084,0.3423693416963032,0.882002465521129,0.8390617888395531,0.881003431764427,0.6483837468859343,0.2839227650672614,0.5961397595177158
112,0.14704614354483858,0.002435077391488241,0.015205232350771793,0.33890277971520333,0.40213165657480504,0.8596602744824603,96.4463657572863,6.044648200431775,0.8997507736203975,0.9262583684048443,0.9976979836211817,0.5369566841812514,0.5799148371389582,0.939137318896133,0.8014616120576447,0.9052095025530917,0.5880373804828772,0.22961493597859448,0.6106728843644754
113,0.05963162175535226,0.0020094699713313667,0.007526046849747247,0.18327625473353354,0.004884386988440348,1.0490909635428225,96.51142305311879,7.071316113364613,0.9065203262677148,0.8382485422825107,1.0001671606959992,0.5531476080601021,0.662148119815592,0.9508930222649004,0.9569470194454568,0.8802576651004494,0.5878374494874994,0.334824395752778,0.627467644900917
114,0.3276783118271376,-0.0027373986194798292,0.0022186722492235286,0.3194711851822189,0.3414267164699824,0.499419623572784,96.51722822418901,4.339401479775466,0.8841776684292589,0.8617596197456326,1.0055300834712386,0.6336621166191044,0.44278476112786097,0.897160943593961,0.9534406792497103,0.9295496889527646,0.7365773212622602,0.24581742264265383,0.5882908010637022
115,0.12941506532150035,0.00345905199152565,0.01751927152141038,0.08897997990137155,0.08340496046947043,0.5402688434863157,96.37127443190501,4.131785095728266,0.896521848079097,0.8610352325345831,0.9911172766986096,0.46724049214772556,0.6103247781209472,0.9086684302184146,0.870916453604301,0.8955512118361937,0.6097798970708328,0.2622807495636499,0.586279403794489
116,-0.04475606947473526,0.003678783789928482,0.002515759030911933,0.17247516642814997,-0.056724553285615764,1.411211769708996,96.41970800674598,7.643780542388967,0.9456607478998597,0.8918132765977748,1.0034319434142442,0.70284385026037,0.44083504836516874,0.8979469567938464,0.7399105532585266,0.873584035306807,0.6740756528796706,0.3230081456190919,0.5946028889136035
117,0.09868541006235175,0.0004958635644342459,0.013853802185116018,0.28470186639722317,0.5295171435913221,0.6748513533738614,96.52814326592085,5.174636945838156,0.9113681411122505,0.8690851585364161,0.9897674127460403,0.6002029340792597,0.3358861779759476,0.9428191207964051,0.7606375246466941,0.9197255166019864,0.6520512874016853,0.24641993675831736,0.5319503692553292
118,0.3142424606730443,0.004822265610177075,0.004299778325118504,0.14053230514729112,0.17352540341682393,1.1160465978015743,96.52801349142784,8.516083935574587,0.8960355715988226,0.9008286981543374,0.9959017667311296,0.5963520949105005,0.5509469648949692,0.8961822819086928,0.8282833067936215,0.8947167784860228,0.7140384191613154,0.38974361958962805,0.6134358676788838
119,0.3827973668071639,0.0018983165481348918,0.0002916342957533201,0.3466438022514676,0.5341982462269537,0.7063396534488374,96.51288077867372,7.336241654107764,0.9157748896761663,0.9017027493432939,0.9918324374614529,0.5186570634789067,0.36371734625351776,0.8861348569278042,0.9191252628072909,0.8416741732376161,0.585343851680024,0.3344987087515193,0.6285443977183961
120,0.2183395723646219,0.004953130505684024,0.006027749894717934,0.033988648627241894,0.04951437296116018,0.4466550146561349,96.49955959477975,6.0245070634537905,0.8981111211795624,0.9206359263732017,0.9992005539225095,0.5991290142891055,0.3656136961144966,0.9142348842281446,1.0104380363519583,0.8975421408305393,0.7360261127187442,0.24777838131521968,0.580804810679504
121,0.0011301631530395984,0.006131924598490687,-0.0004787648856259376,0.09228287822017434,-0.022038449527969517,1.1601736640269364,96.52256771739104,8.268237473467925,0.9056686776880045,0.8858104221291134,0.9875425802751708,0.5043618358313938,0.5738243598883228,0.9135139860376321,0.8331308790863352,0.9222488964381995,0.6840538192386618,0.31331414583330947,0.5802727222032358
122,0.15235111298565818,0.002565199791968562,0.009768704712065712,0.06821543787372726,0.0714833660101975,0.493062282752333,96.42981279695583,5.530887139840066,0.9258833458363516,0.8522884820781401,0.990514394735519,0.6221383461990312,0.45245206823521467,0.9068093359444862,0.8872667179614644,0.9038294313324244,0.5827234952793906,0.3214524124410547,0.5776494887680713
123,0.21225979033259162,0.0020509371008814352,0.0071966400293214505,-0.004464702098407769,0.5883577298586647,0.8307954999459902,96.51957563220559,9.590875920116407,0.9310036936085381,0.8958092626762322,0.986836850325929,0.6802164624660628,0.5123123014387487,0.9089020870533262,0.9224935989503633,0.8462389522717931,0.6418888079816376,0.23442506034098443,0.5826035674609139
124,0.31908075668781943,0.0018701505622594425,0.002837748374555021,0.3093887800614983,0.2267885929998318,1.021940497531787,96.30562280245698,5.128614818724979,0.9217348189603225,0.9136607203259898,1.004712888483705,0.5694508261403809,0.33921633257993605,0.9304713893814793,0.9522694921821963,0.9439010170064278,0.678335477184355,0.48559844484148085,0.5800085062015995
125,0.2861756500206575,0.004960705107934761,0.0018455557899056934,0.013630701977842968,0.5892580741627818,1.227981635479551,96.46996122135295,3.997305698747402,0.930254551842188,0.8632160193461695,0.9893611514634212,0.5355657446682582,0.5406254640803991,0.8634467172187325,0.8288285465878105,0.8921438018775831,0.5728712022834975,0.394588728924893,0.5246753938048703
126,0.08308115069570857,0.0032650278848509705,0.011618533009625315,0.35935032220012225,0.5955333644194647,0.8924704474914161,96.5086776513446,4.588862502652908,0.9335177930952847,0.8903751921212011,1.0039267627229493,0.5941159215769,0.41279807864114854,0.9241004010626488,0.7832518104963244,0.9405796753669831,0.6709441713908142,0.310967895379229,0.5933694468789378
127,0.338842532628301,0.005079831617085855,-0.0031379601409948594,-0.03659397950839541,-0.0632013459648132,1.1426578387989914,96.52256687833182,5.810552874418768,0.9257841271219319,0.8693024441231684,0.9955654342385102,0.5334138376036947,0.43766177424352865,0.9352039355921962,0.8927950814595508,0.8662914557273097,0.7064594168075748,0.3386453117249954,0.6065868201499814
128,0.13350133794961253,0.005096629581736777,0.004722119416922217,0.11354748499961667,0.28485530130797615,0.8815746109908997,96.52372394099888,6.959417103242086,0.9163180539826045,0.8761194555685385,0.9868571028977102,0.6231416906179332,0.5559954500749518,0.9118938082493127,0.8103095539926926,0.9074101420477403,0.6562898581215966,0.3567723578757542,0.5339391329703482
129,0.13719250436658748,0.006109288559333131,0.011761858535605615,0.2380217424577763,0.2704377114696504,0.7757222681817934,96.4305920032866,4.317142533655641,0.9391422917909862,0.854145491535222,0.9883040746711669,0.5823800004994011,0.5348915090514104,0.9363424730220691,0.8503904262706953,0.9184857398227806,0.641973903202176,0.21005346062263758,0.5402574091175851
130,0.2424748290552683,0.0009204448331694348,0.008702309403511294,-0.04575824801662215,0.09491837426497976,0.7428560321727157,96.5009188707193,6.0683940635290705,0.9201026868173233,0.9246507143710906,0.9894873293717383,0.5787811683906436,0.5258987864059822,0.930168436750156,0.8575889418177236,0.9191346664561806,0.6325000430796792,0.3868640319124924,0.5140034580360768
131,0.22748287206257375,0.0037681421942957036,0.0015194182052526645,0.1381655468068671,0.0780972469842337,1.1028531411688949,96.35702888443488,6.2961422595333,0.9165763566348009,0.9346069954244444,0.9909465440745001,0.6030720538633767,0.3664137269240995,0.8956261072061367,0.8855031508597333,0.9032354564157692,0.627103702467268,0.2494031604637303,0.6064341600139009
132,0.1977032972901279,0.00960728863326932,0.00011482162837985962,0.1892400709956953,0.21359372054375234,0.6959556866366196,96.51526202874558,5.880277448784933,0.9129630115598321,0.901810106261848,0.9928485110263692,0.6841309008468806,0.37484320172368457,0.8823114818927005,0.8843787977041596,0.9037617020270495,0.5873594331944109,0.3890851432688278,0.5915600482461106
133,0.3335882629949406,0.003489438006353222,0.014108635432531227,0.03255886268176372,0.37217434565931534,0.48413409311039507,96.50035250574449,9.292858423197336,0.8957561814681299,0.8763392702399638,0.996147355203296,0.6026654574036024,0.5401190743257229,0.8991449672627598,0.9987695562548934,0.9411176019049541,0.5860109975739025,0.1832522711130258,0.5668692634259721
134,-0.03719717057771604,0.004571170522133705,0.004476649787883515,0.17147153047181146,0.10159659846506519,1.0073324184282608,96.52661645782331,6.89274477777979,0.9162622777954446,0.8668344947982091,0.9933117321846102,0.6328239843717888,0.2823255078674299,0.9208379208401909,0.8276605648728662,0.8859732917109515,0.6314501701526853,0.29910116931757974,0.5503467714233113
135,0.3505209703339568,0.007189783416730413,0.0003405737705901831,0.2937438121776673,0.3459860455620994,0.7091957073666599,96.522244959277,9.124096131650221,0.8945734857870087,0.8893237912398221,0.993570028458275,0.5410121286829112,0.45682312185706553,0.8903351759168261,0.7078517498428636,0.9099591344677047,0.6822305172356146,0.3974950381955682,0.5702207304095654
136,0.16351792821290623,0.002670678793103665,0.004534068236590184,0.026157913148493875,-0.017067004731818214,1.132509029333483,96.44130734892362,9.062052528601667,0.9012379121305176,0.8949587945500261,0.9920902090640841,0.5239516896560036,0.5596234051382905,0.9308697420746469,0.962974079019554,0.9524042041675339,0.7105048229101382,0.308572560014349,0.5520762613124003
137,0.3070621074415589,0.0024116283843962838,0.003988241445276194,0.09902213625946363,0.5175708576406203,0.784941927002867,96.36973839415604,6.737198977699658,0.9159315323030152,0.8642535579636546,1.0050963170774037,0.6220789428511996,0.611062572632733,0.931888812450669,0.9469107665459442,0.8933555886524795,0.5976580845922352,0.39704424022455753,0.5428156381334281
138,-0.040192221358356095,0.0023105071737518044,-0.0010107645838003257,-0.10274766731500001,-0.07008426316060568,1.3195777805203226,96.49359080716127,7.997787523882838,0.9132341649746265,0.8543991679720077,0.9875385490220604,0.7255606232808955,0.3258962429564827,0.9343582677659474,0.8187130418838189,0.9318698784365033,0.5666316403425711,0.2944440721768591,0.5190237040131129
139,0.2098825833196566,0.00011536045236463285,0.014691053083503828,0.15375164901740687,0.07892284324861257,1.3387280445133007,96.51990957777592,6.523947616704932,0.889324223487565,0.9065502627651207,1.0050798057932404,0.5826940645170147,0.2598272055073237,0.9120067654266494,0.9399768718562079,0.9314992146191532,0.6457189369508948,0.3254508834403447,0.5516875505262093
140,0.02085322824545216,-0.0006635458903487385,0.00023777455118824745,0.1588201228619575,0.2169046581099644,1.2663041905338683,96.506475120887,8.98067343405425,0.8860707714676053,0.86883653197301,0.988483464387778,0.5279816265119571,0.424874567201454,0.9265339972328129,1.039904433790521,0.8396908139819996,0.7068401530654658,0.2832098141996315,0.5502793812201913
141,0.1257522651388022,0.00025401372186425976,0.005365857043103039,0.06555122742304047,0.15361685594740876,1.18155902633083,96.51937397830592,7.106197474454191,0.8938396601077926,0.867127816474209,0.9893188193802351,0.6792460963056153,0.2630200675218888,0.9384830151005303,0.8954012795954857,0.9042344288759282,0.6245179315684162,0.36890285184963223,0.5935180287987768
142,0.15431805068106808,0.004962961064539991,0.008010980017242791,0.19461129449233058,0.2959383145346794,0.7136591530598776,96.51337246737778,9.794687695614638,0.9220001636695581,0.8915043205801595,0.9948168566537176,0.529202920295526,0.5395704327605301,0.8964013597617319,0.9766628706118923,0.8889628622025673,0.6497618769136609,0.3746075151530829,0.6305067785954139
143,0.0008560003424253337,0.005200216167643973,0.006967498629591956,0.1440588086569153,0.23618474242478216,0.9792173783304613,96.50519975086965,6.362788002630671,0.9033836160764158,0.878133134947316,0.9822086760321248,0.641149360858731,0.5232871705283396,0.921246618789396,0.8108397781083999,0.8718268643272997,0.5976381490524996,0.3799740674769453,0.5754819639235669
144,0.1861114142713304,0.0038835458603253444,0.010622958107009039,0.21410345134204545,0.39023180232675786,1.3070854467718374,96.5293996172625,6.2551991806834115,0.9123710093303172,0.9113164271236655,0.989546637521321,0.6022150473592608,0.4887227906133219,0.8742239607948459,0.8952256404370088,0.9536118881294211,0.5993788725877349,0.3260473953547927,0.5202137242366989
145,0.28862645804437087,0.00482593314265451,0.003593249255987869,0.00854584554467655,0.5510988365056002,0.5866620904230853,96.49361681799715,5.464548819673736,0.9098178843933863,0.8675579635272428,0.992054240912183,0.5962462656080922,0.36084912736638536,0.9085748050203608,1.0286331520921084,0.9142385834442425,0.5539920000360364,0.4020868205734133,0.6273519753326331
146,0.22506799019020488,0.006115533941363483,0.004940977121064993,0.12773009543763958,0.5796760561239602,0.9249779092399931,96.51306117640644,3.9775601485349266,0.8971900495252323,0.9234189221403942,0.9878263455308031,0.6167473839170668,0.4018342347945817,0.8986272826909691,1.000646931972146,0.8894674448576138,0.6051548002468159,0.4272524485371213,0.5452365726619344
147,0.2257154449058049,0.007770499706828126,0.010548479497035908,-0.06396578651480656,0.15791385788417703,1.0400129443970854,96.47024426399715,7.042986699708323,0.9228629386993902,0.8457490963399741,1.000069896639192,0.5794366751143343,0.4315365337225113,0.9660853533200282,0.9377708614508102,0.8979963994629533,0.6109978585137164,0.4043294404685486,0.5786469422539783
148,0.19170030568843344,0.0031608539854953628,0.005401123536566996,0.09920471052011118,0.14471820551020603,0.7033083350381601,96.50110821841706,7.484693505049715,0.8823820212695154,0.8745510272351171,0.9855199804161998,0.6611333403493747,0.4161030700575035,0.9001923786046124,0.9686387616537894,0.8888414491482299,0.66083967615236,0.34891386225036874,0.5730027319217267
149,0.2815851869235175,0.0007365747812923466,0.0065477196035090435,-0.0875315631489886,0.10471497607640515,1.0393426118058953,96.48404594913886,4.456477238948997,0.9044173784419782,0.8777612972806259,0.9974989212637743,0.686226170452906,0.7356523409464293,0.8916431093723476,0.9668642081971615,0.8749445319988413,0.7077188689436716,0.4425987315895183,0.5341136746200779
150,0.2897119501365166,-0.0017715898897893343,0.010287887241018423,0.28961356667209837,0.09633271991041245,0.7118140939771347,96.50610313796528,8.381224150401327,0.928116464151826,0.8927834309303161,1.0006331080254673,0.6702428735675681,0.3217189111774017,0.8997700523237802,0.7620619775920946,0.8692349146450419,0.6346676638492724,0.21756829155244412,0.6223201334636334
151,0.0400495936612176,0.008036661408419287,0.002036416485409309,0.31807919776135785,-0.030592943470138634,0.9358615529575807,96.3194127407696,5.551976098590665,0.9186820384811439,0.9130700949100248,0.9912341563452404,0.6554734043724775,0.30007255802226934,0.9446160880571509,0.834844649162519,0.8525027441801661,0.627897251671388,0.243164621598688,0.49540941251551945
152,0.004665119283642244,0.00392042522122708,0.012180293578185349,0.1779814998321898,-0.20533851017588856,1.064461118626391,96.53227003886076,6.908758321392148,0.8975468744246686,0.8825591288250823,0.9946614486273762,0.6335256931971899,0.4259557705257464,0.9573230514101342,0.9037884261044248,0.858661670721826,0.6017929822933252,0.414502704291626,0.6160749267222544
153,0.08569446384583071,0.004451949186332086,0.009433441856508074,0.27363956425295655,0.2089886864906525,0.9020910427727878,96.52626852793261,7.489502248809525,0.9336401143999074,0.9100940022243916,0.9861958543877826,0.68685079141282,0.39944073131378816,0.9021468429900799,0.9890290778015762,0.9197110471207145,0.6531205571136292,0.27219352941770447,0.5764245593956205
154,0.09452891675001542,0.002391890087673502,0.010223134971760434,0.2501022626274291,0.06456537023469386,0.5616927423410456,96.2686608452984,8.776865776097738,0.9275128809306229,0.9146803586178412,0.9881152422335264,0.5437283856295827,0.34896789180945115,0.8989339395876468,1.0328327232819026,0.9117908498319753,0.6906056173033337,0.19353131494252881,0.5662692304408372
155,0.40270180881896156,0.0035880992352948613,0.0033891555269354237,0.09923226668951149,0.08331174255602886,0.7108524112135632,96.51922350701878,4.403411572307663,0.9037560464837919,0.8719427871893639,0.9968675729590943,0.5760496448197348,0.4872741442125125,0.8738351202606056,0.9523744011488565,0.8823320707468951,0.6717234298854462,0.4059850478976058,0.575355951409273
156,0.16934502580381805,0.005633928442798378,0.012200092247881291,0.19508787479377668,0.12434244291026225,1.1115404503211161,96.46869004663169,6.8118427125510115,0.9261558471327848,0.9111643170207513,0.9896733704989609,0.5309165288150457,0.6661104780972086,0.91564959683097,0.8688411832199145,0.8625932911783013,0.7062821881920752,0.2311420984893725,0.5285439558828822
157,0.2554575535437999,0.008522044913686197,0.011983812043249597,0.3891094897866154,0.4400499084662146,0.5469533014182454,96.49915293074352,6.508360760922285,0.9046021179090977,0.8785128407457515,0.9968945599009282,0.6295674932052147,0.4330538296423768,0.9335680786377895,0.7407280257260097,0.9274622731985579,0.6135170763875903,0.22449774143977821,0.5924287274136525
158,0.33341188529344135,0.004997823388464976,-0.002873492137993652,0.10124842521909382,0.47403935056727325,0.940826040245839,96.51218855481561,8.60379895799522,0.8982238451664488,0.9110874584456727,0.995867025305985,0.612459486079801,0.04803675515285932,0.9373176746856343,0.9651192773612631,0.9093247242153097,0.6726957697590057,0.4284448379235041,0.5933227412029728
159,0.09498710881455502,0.0043153602200708095,0.0030646393382724344,0.21605298051335076,0.1357344199449828,0.6178121300268518,96.51781220940748,6.557376363572688,0.9268874487601404,0.8947495068676394,0.9909787854632278,0.5714334829253782,0.503157594173606,0.897152750698842,1.0052167034567323,0.9183874976729116,0.6542919898919995,0.2232113545507879,0.5917705404366034
160,0.16619468962154607,0.004544949129674137,0.009046606962456943,0.2791102881317792,0.0734336393249411,1.090331488483642,96.49394992450826,8.638157058249938,0.9084929859781455,0.922116358203823,0.9985420229231181,0.5301618839417784,0.4537573892980143,0.9393213010830251,0.9395686447500557,0.8630613383322272,0.6924120304665153,0.22740088162321956,0.5934396937442377
161,0.005417761208974359,0.005246428276899152,0.010499216647545523,0.11437104197445894,0.6494615314947177,1.151443458349149,96.48446659749547,5.979798856013775,0.9161630822965976,0.8527732699225757,1.0021489225268352,0.6430672429569666,0.736784550176595,0.9307384213716622,0.8968655946317169,0.8626613676635181,0.6373859036706151,0.39134333982153047,0.5837901891709653
162,0.3882432968834627,0.0008391734523304885,0.0047419361775078665,0.13628345182270768,0.43709159127669966,1.4579241278483117,96.40632165591911,7.2110493119235155,0.9169452640790263,0.8699260519320346,0.989732142160042,0.5310189932628574,0.16322009162517329,0.9485728398510602,0.8486000002236571,0.9278178925560908,0.6630499517125434,0.41041117514750136,0.5870518067587318
163,0.04975667990170071,0.0014069728466947905,0.019019857454526955,0.3224108041870331,0.06839297681591866,0.8360947841693913,96.27133324892029,6.173077626756645,0.8895821067117488,0.9263214485645485,0.9950534497839246,0.6037532563539204,0.5463515259140165,0.9187036641197327,0.9195573902269003,0.9410007131521358,0.6075375061183064,0.3258525660285633,0.566391419968621
164,0.3929624974774425,0.0033762286919599756,0.009852773076536694,0.3677374148473347,0.07150080781031662,1.1930746608270968,96.4863645494555,5.908926274684918,0.8873648678479715,0.8915078505139452,0.9919021961453424,0.5542737181926757,0.17281532818394102,0.8785813812454771,0.8711225588501652,0.9469709833858622,0.6932373983322744,0.21509489709976987,0.5190854559594413
165,-0.0642537115854937,0.0003785121725326814,0.0050873036995116565,0.14147552066648994,0.18207836411132,1.0324736284918588,96.51134809716163,4.688923731711614,0.9297289218708512,0.8764162011084656,0.9996076858867112,0.6242152352956507,0.5282051858318914,0.9047236280161425,0.8850722478561224,0.8915991985230729,0.6447792007355858,0.19778575517259978,0.5245616759933552
166,0.11535921696877979,0.0014940223000654723,0.0051869053541577816,0.30023198838249754,0.38220201587150593,0.5523305026093959,96.47494131752157,5.43247050538586,0.895482022579809,0.8992065380304253,0.9982727585591279,0.570933812822066,0.38983802717312505,0.8877784182900271,0.9757844821039594,0.8663079157063421,0.6713303381183106,0.3328476955613513,0.563932827453395
167,0.16174280750417203,-0.0006477905482498649,0.009824437768260003,0.23321575373828282,0.3281200232862083,1.000276691878967,96.41888125372596,6.395687675663493,0.8916043548853739,0.936838449259434,0.999842806552258,0.6957180426716476,0.21496270863055542,0.9110436306177809,0.9251314499429256,0.9075346733252369,0.6418164850827041,0.4384574909054124,0.5633049268278848
168,0.11821873905435218,0.0022557404299892226,-0.002133314240143098,0.30010477418692016,0.012715826143556985,0.8547750580328265,96.43092091450161,7.543491395285661,0.9000348115087361,0.8618856520701278,1.0041789028973762,0.5741965995503815,0.5046795428226057,0.8955612683487307,1.0726303664477612,0.8826235873056828,0.5877113577941175,0.23069890757785608,0.5159395625345535
169,0.2966531758094145,-0.0006176737922846472,0.005761110984951821,0.17632668835169374,0.031300879539196635,1.1316980091209914,96.53122289295177,7.63881236499169,0.9234751147778859,0.8217043085322739,0.9998372296888599,0.5527337189400156,0.5595777613173446,0.9055498042127524,0.9203091135272399,0.9318812805534175,0.5996878575750718,0.2185824869765755,0.6056348678467888
170,0.07300227944280001,0.005514612162695304,0.011487628688518214,0.3482380243905494,0.09164810764426906,0.8831040100669746,96.53175177994801,4.868388725229814,0.918619227588543,0.8881390701754375,0.9868929214870851,0.6122330108161931,0.3112313437229618,0.9305704351134076,0.8611439951260992,0.9163214547970444,0.660176591201761,0.39667452588194335,0.5505228226135908
171,0.1421696763124383,0.002543886266928314,0.006088372918400174,0.21729760233263623,0.28828051318590303,1.1287668078471584,96.50486188968962,8.418046599375263,0.8979889097619836,0.8757397847316766,0.9859478004238249,0.6272303370896816,0.44486608518494214,0.8786798305819812,0.9565190869503516,0.8873685478051254,0.6381383641077262,0.33362619090380125,0.5406221910928172
172,0.32794716996867135,0.00025464574266651765,0.0013024790399633734,0.04788384029117891,0.5796888538675435,0.9456421879813399,96.52136702364444,5.067875144255708,0.9070278527354941,0.9253825821737317,0.9902618436894106,0.7050832805472484,0.2627359253859015,0.9644990528803546,0.8020369262336637,0.919330862048471,0.5880462446924013,0.42543791169582174,0.5378694661027967
173,0.04653696976739319,0.0028635250816000115,0.0024887524984842603,0.05342099084314897,0.08163993537936609,0.6250341955624197,96.4958596232974,6.405514310081636,0.9177016715457654,0.8725635352600315,0.9936718240110075,0.5632933780865401,0.5278601938662282,0.8936808533009772,1.0504302379650778,0.888109483187513,0.5904673369974329,0.42230696602079026,0.5145640244179268
174,0.29280054025466595,0.0072052074538071055,-0.003036167227332906,-0.08198460263674495,-0.06236906722213664,1.2482564483889051,96.45262597814121,6.3559099822244365,0.901169235823485,0.8637511423753449,0.9870239769918365,0.6463963341980664,0.32033576411105796,0.8790314671806465,0.8403487594087885,0.8885608900725237,0.7419133848529438,0.265227794419143,0.5756110494311231
175,0.27200933269796396,0.002315971235948241,0.011115717082454903,0.09317146334076964,0.28440263596669196,1.158288899963405,96.35024509062548,3.934543463564599,0.9305035357635201,0.8853193820887112,0.9926184938058307,0.6672677980783205,0.5003827361818881,0.8961403543821209,0.7235793177691048,0.8601445452627056,0.6482114336790523,0.4011574966807625,0.5529459259123807
176,0.1576050186230116,-0.000801470900584409,0.008730160441284128,0.25629933794498533,0.6222532450300167,0.7123033848384834,96.49248157086987,6.442305499042149,0.928492313439202,0.8733260424375802,0.9846578481049769,0.5801368473345725,0.6605964104667241,0.909492084715354,0.8929243411562416,0.8871870860380567,0.6263662998728695,0.260516505574191,0.5470867916733927
177,0.3941127044960288,0.0020866118044861647,0.012094248784013818,0.27810406906606655,0.3157898116750336,0.7229838732075015,96.52269413564714,7.096142679783111,0.8947680013317738,0.8714299092020412,0.9894080397733441,0.5190440846057752,0.6100888979736515,0.896041446726176,0.9898157874893619,0.8533233798725136,0.5845852730329135,0.16550383243873115,0.4940057854797998
178,0.3113657722303324,0.003150874598211463,0.008232476899523748,0.14163902667258327,0.32436256943305414,0.7525470118352225,96.48990705749054,7.8758468891675255,0.8970124968255548,0.8758844296497942,0.9888336982134264,0.6626287418968917,0.6798199008720871,0.8863462547393771,0.8615449062122079,0.917032580221846,0.6724567913847729,0.3045543949271538,0.5498116584064838
179,0.16347030328080656,0.005912407490977695,0.006071241750391611,0.2002261500188829,0.33940630815257483,0.9658002512075718,96.47697967205808,6.742480587822325,0.9271130282888249,0.893196036161987,0.9956374474826144,0.6223672890697538,0.5428884251370101,0.8718561386858076,0.7227523654893233,0.8881196732204176,0.6533467569636923,0.2982705871823895,0.6267672071668495
180,0.3376676960617192,0.0006638890948066321,0.00853989007412528,0.23969942582912152,0.043097190824443105,1.2584590705449976,96.5252624959255,5.242014097559524,0.901479185386318,0.8634974777899401,0.9975248360137104,0.6843208252450299,0.3999779417715914,0.9371646888165738,0.8375936082879535,0.9531970021274324,0.6805552649980415,0.23189882901575115,0.5397789284389463
181,-0.010855527909317847,0.002487722418358061,0.011012073696911989,0.06382511581805811,0.33293059229182986,1.1553613121673876,96.50980898286218,4.445710836185424,0.9200806683943633,0.9001479714303338,0.9896416909838003,0.587415587811858,0.3581080153643553,0.8600833487041636,0.9990544382390001,0.8871787549400252,0.5833536361749784,0.25356105917047544,0.597910974690847
182,0.032310610921537336,0.003280066673953539,0.012581331064405572,0.31363621360489946,0.4410125043983991,0.8793822469236122,96.4083323215013,3.71765631323141,0.8947882112616238,0.9073074510429445,1.0016767990370574,0.7066168667330666,0.5392295679558453,0.8546207332729073,0.7796594635920255,0.9211271559325526,0.7257338484741326,0.3289357519338083,0.5773890152259177
183,0.4113247978610878,0.002250595084165332,0.0008255615782260467,0.17759465949791142,0.2994802252275961,1.329974037484632,96.48259353762569,5.280157671904631,0.9173971172820178,0.854114971859261,0.9927541568962792,0.6028650539403533,0.458116664389354,0.8976535754968719,0.743891142218391,0.8843513661615892,0.679439188374524,0.3672728283930562,0.5196310088276848
184,0.08823624032616505,0.006654921106453392,0.005370493285862842,0.16964328583001367,0.34534700033974675,1.0164124228230373,96.51918518998099,7.788376860479212,0.8941160538819077,0.9192677271192153,0.9924442849325079,0.5112617353445905,0.25803586287414537,0.9100892292599035,0.9897501673968186,0.8967602376177157,0.6390161401733011,0.3578903799734501,0.5670382282378293
185,0.35724820708158705,0.004208180810027473,0.011577815391888291,0.25230711650857346,0.5650179070374595,1.0746277250110814,96.49843385699032,4.727470219624407,0.8886039649890094,0.9191824090284871,0.9963194981379101,0.5920899833698586,0.5155807807808657,0.9119729423221399,1.0129212595589716,0.9440982809380916,0.6939853661275902,0.3728455307790777,0.5767710958572261
186,0.31194525387341554,0.0006956306101313396,0.0005354836594825907,0.08424869191242794,-0.021522675645991363,1.0138225653772328,96.44967780372171,7.298332053015669,0.9322328715092323,0.9348698543111114,0.9971282935474225,0.6413461502664175,0.2763513649668743,0.8704247246904963,0.8829879494205379,0.9235446520078493,0.6306992429896131,0.1911022564578021,0.6432590550527665
187,0.332566936017085,0.0026809121299224995,0.008550927665140038,0.11385560242955073,0.43044871153742476,1.1468515286363548,96.52183298119903,4.255557915404661,0.8922455813837872,0.8842590778574697,1.0015540677402353,0.6102821753163511,0.37750061619080977,0.9012576562825424,0.8093456248789299,0.8620329112408687,0.6796469653663749,0.34206023293137017,0.5710466036613017
188,-0.02979301325590819,0.009377094233148715,0.015351364226017978,0.07925348986826336,0.6164919561146495,0.6036311769836902,96.5357552111823,7.638728318698941,0.9493308173004853,0.8461267856259582,0.9837171832984011,0.6610367240400363,0.4963410396791501,0.8832201262910321,0.821330545699833,0.8878940501774546,0.6125113478591688,0.26760459734317027,0.5723500709413334
189,0.08260469774058193,0.009556839913982625,0.0036785190816715535,0.30172504812132905,0.31672130616561855,0.8255726505153064,96.16291505061626,9.325981139831987,0.9239927609137861,0.9274410295510953,0.9978466673529861,0.5532526485812754,0.3881237302521185,0.8924914157262128,0.9279935429553731,0.8629951768179281,0.6706079248903083,0.38624082809516436,0.5980141475563509
190,0.15365490850119598,0.002952477421131475,0.016499872500002115,0.18053665442285616,0.41002073875226663,0.7505824050582794,96.26133110362191,5.709438644617342,0.9261018771171776,0.8881557016626089,0.9830670230898427,0.6039262554981417,0.5757928093169883,0.9321448656597138,0.8958779552309916,0.9468044734973196,0.6045039140046214,0.47697028918884277,0.5804087801229973
191,0.330033503445218,0.004668301601447475,0.01091867699129943,0.01548607264615487,-0.031437452743386496,0.993711143332282,96.45155701669246,4.869933772208034,0.8968307018669006,0.8790237324416441,0.9941005083539487,0.6055836039312736,0.6038961703097754,0.9330544615059987,0.93091523616443,0.9000764562226858,0.6725316627935651,0.37463033320623285,0.5422801088328143
192,0.15229319689372528,0.0043023679689159836,0.004778055995625716,0.16930134700811705,0.3245600614823197,0.8820301688467719,96.441490263834,8.793746486106674,0.9069006135987303,0.8870436572098748,0.9881732452766911,0.6331999238637757,0.3769459225309633,0.9229975348089043,0.9682009477809632,0.9002708781523453,0.7121051997692773,0.3235957873025178,0.5052176481438289
193,0.21410287775027612,0.009035649112511554,-0.0019639247170888862,-0.00654135988712462,0.6396971012963171,0.7355500560564946,96.46782833281077,4.116895822661629,0.9221236256326505,0.8885211200288625,0.9949148504657375,0.5349979871382299,0.17274103928632917,0.9396373488870311,0.8310003271263351,0.9007714542301983,0.5984054132752655,0.2615589290021644,0.5684901829847857
194,0.2752671835047772,0.004415866292821655,0.00028752902060643487,0.19146926510885004,0.24166695810689165,1.1352171037615975,96.47742884842822,4.347807562300326,0.9468930026377833,0.9347507384524795,1.001890320937237,0.6495152675665614,0.3044346060498915,0.9282985932174046,0.8428988074046131,0.86284804565544,0.5949808392589152,0.3720805181213681,0.5618070702037439
195,0.12931363261603585,0.0048763993919299494,0.004002267990474822,0.08957907660750182,-0.1657670716474759,1.231808935976481,96.3871091575415,3.7611525707079103,0.8985607526522507,0.9005682332466018,0.9889431604485465,0.6588019623211973,0.5533997624592103,0.9113517764724902,0.8725830845608962,0.8621415675678209,0.6939086488354891,0.24777320576447096,0.5642564819553993
196,0.17989874060621297,0.0068957852695220164,0.0073615501632830265,0.1574991157734893,0.10166363595292147,1.1643905060874298,96.52668833723,6.298705822842337,0.9162635496218999,0.908679340816927,0.9938276340765979,0.6173460339900123,0.45005412966854164,0.9001693605259593,0.8907632028016911,0.8730122532524601,0.6840178860435827,0.2603209847681287,0.5316328907668766
197,0.2579999358356703,-0.0006501026243492633,0.004093280769096167,0.3113276930361255,0.3915573170968887,1.1185468215237182,96.37835077769647,4.767041854321228,0.9295658819994937,0.852202732597149,1.0022203503442184,0.5093137267463058,0.6646868913019651,0.8979496927868631,0.9968799184506283,0.9168568292586335,0.6420612045509916,0.2858209358083408,0.5284947525041991
198,0.2681774067342129,0.0035745603962967667,0.009088396126204958,-0.1117109982898356,0.610081881865989,0.8215300992560406,96.37390236538813,7.02712826025942,0.9316532297342576,0.8659428940844922,0.9931304340532732,0.6415877543117408,0.6330077580374605,0.8835884039464594,0.9426131165870798,0.913432884403235,0.6285022448879184,0.4071094300470974,0.5393851703824537
199,-0.004442294989791096,0.004149420640708109,0.003365492643197949,0.26488162988436365,0.023992588035214146,0.9991239762275818,96.52541660313594,5.23008630582267,0.9364533682082017,0.8784860187006153,1.0007945219751573,0.5625243252801562,0.20273799332553527,0.8891579307994913,0.8535478491390487,0.9537449030813535,0.6104229393013749,0.27061724918013497,0.6209103481576053
200,0.3023648076982357,0.002144259231298501,0.009316772804239603,0.030728120508757617,0.2844841540039231,1.2898476862349637,96.50933323628334,8.598616305116016,0.8971054984096171,0.8573085207915306,0.987993989027951,0.6567964485344,0.3611370774532442,0.9058470462708651,0.9630341775875363,0.8686722981385222,0.628106471627933,0.1740726692790441,0.5949734606456281
201,0.15364471406757443,0.008299764656403691,0.000963101637677875,0.05692064237344473,0.7494388514987254,1.1851970844506605,96.53241239924208,5.853141153393999,0.8974031468143518,0.9187799361348726,0.9960660740549035,0.6097083063912295,0.21823833312011626,0.8503373888469448,0.7107205475637066,0.9197289165280876,0.6910559215289402,0.44461538368861914,0.6158445812073143
202,0.38027702790984097,-0.0011083120587414394,0.010621659181128036,0.4064946491357664,0.3001980089218534,0.6365103414538149,96.42597577913389,4.158893052743835,0.9037948211332429,0.9136081760438599,1.0072751136008131,0.48427222377464635,0.34958811382286376,0.9073980017969363,0.9424847017015737,0.9406801577404637,0.6819447526663748,0.22828463816688715,0.49520856446022155
203,0.16281378366464855,0.0004049393952963347,0.0175404324351013,0.3779481151509907,-0.10277363531274386,0.6110780787347216,95.67782918326213,6.040534776253831,0.9113133640652988,0.936245865995353,0.9918431695867975,0.5440549594209941,0.3616639160008307,0.883262275435359,0.7556946128347575,0.898285909687707,0.689072037602126,0.18205194338189562,0.5268913228996746
204,-0.042899435296567895,0.0009549360860575022,0.005339359543084513,0.2676091411530877,0.013736065098086447,1.493110357259381,96.50401388050264,4.81279270809758,0.9054395438551462,0.8471638241151715,0.9908408765141465,0.5271962495354294,0.6046498543913282,0.8812577323990864,1.033440248741465,0.9163085506704983,0.6607641576919993,0.2947374752739231,0.517245203191288
205,0.0809241256310127,0.002830647528883904,0.013633362884940561,0.3441693681397009,0.5256891825019647,0.7529129251486382,96.46679573059495,4.529790069267595,0.9285011879787762,0.8401328122858203,0.9915697610454097,0.5307977266388094,0.6996463952911559,0.8908293951133954,0.9674514187488257,0.9462161510643979,0.583816393166047,0.28267872956003176,0.5024494292077666
206,-0.03856573447365347,0.0038809130677875696,-0.000736538354890866,0.15024889865668492,0.37870247997880246,0.6439706368741149,96.49007906463103,7.79244898813579,0.8874810029763336,0.9073801331914121,0.9889078498221868,0.5966811356028661,0.2341681556040158,0.9025148067837128,0.9508597895952661,0.8732543655106528,0.6567898692059616,0.2357628839535389,0.5459194282067038
207,0.13501637587509266,0.004395824339045517,0.0009221217020400916,0.3506929286640488,0.3325606586242117,0.905787257329738,96.52651577071668,3.9250680312343085,0.9305647490377961,0.8936401239943128,0.9921880034594024,0.6046810212660799,0.25360166691366903,0.9037136944412271,0.9638234615965134,0.9109520225249979,0.6730781315851009,0.22483017681540535,0.5727995069542519
208,0.13197727394133035,0.0031544196266568153,0.01483965391292285,0.020677649556237118,0.3973473743472085,0.9933801152261016,96.51509729345167,5.1772450452050585,0.8959456948308401,0.8954469262615682,0.9838360011078816,0.6609184190007645,0.5899113756159886,0.8926388750750281,0.7750736438321566,0.8721458580387706,0.6514691402784613,0.3527567899399311,0.593513199906855
209,0.0971264635276402,0.0018199926760746055,0.016921367616575877,0.24516990648578862,0.3743825679539712,0.7341209796743854,96.48772578319989,6.091311816324041,0.9430650363889962,0.9006896719758801,0.9819299145131501,0.648648599657483,0.49722212406115607,0.9251940858436448,0.8380401418670994,0.9122895688022178,0.6187848065690724,0.2515249174974199,0.5600981672539714
210,0.08713577603462803,0.0039457563490904665,0.0038595688615506436,0.1277933579707079,-0.0023167898833064138,0.8803455849629497,96.51341330159325,5.817807316855889,0.9102763606123305,0.8929978520383173,0.9902407466062176,0.5982823558603843,0.5028295429140215,0.8676580161491947,0.7823654193631836,0.9161792072976663,0.7067839786682536,0.31732467143568505,0.540917021013562
211,0.12257961485188426,0.008985028152261623,0.007722338656477191,0.19427595870154557,0.26806362479033774,1.04014203426923,96.52684412255887,6.089837494180066,0.9359510311947636,0.8469512956726919,0.9878939383713569,0.5579735674027642,0.18916229056635803,0.869174443179427,1.029736825972944,0.9008461362687236,0.6562561970500851,0.34756418581401327,0.5407151793366363
212,0.265163804884351,0.007662683922898077,0.0009312946876663042,0.28215762752681534,0.18255450398408432,0.9680625858370531,96.5173577189956,5.421934927166925,0.9420809189778551,0.8805662181023882,0.999743962340538,0.5775418793788164,0.37603599961162054,0.9230194389972708,1.0848821561752422,0.8376582989334646,0.6583729855675475,0.3656291628597784,0.5667743515757222
213,-0.003977886993440288,0.000690460792913765,0.00022307886920656245,0.1523449286396794,-0.025431056905206917,0.9591341581816063,96.4297809127054,7.933469342346675,0.9385630926595967,0.8517475684642821,0.9968996267076975,0.5224113288491874,0.5465935194185115,0.9236212182246473,0.8467308350851347,0.9222856195382522,0.7229601170339198,0.23788288455031983,0.5785141409018044
214,0.15590122585908217,0.005846558970706128,0.007206054210321338,0.21690926212839864,0.28308779244526844,0.5663170418910388,96.48719773526288,5.631495033114142,0.917546108249582,0.854423420637776,0.9987674407361379,0.5514429344476626,0.332300790708888,0.899109893062207,0.810926057307775,0.9108844126007617,0.704294731587889,0.3477127594367593,0.5609312657591308
215,-0.0073943993324628865,0.005050078637799821,-0.000845317970157875,0.2257131159391354,0.23249616507042162,0.829402828811934,96.3665667502971,8.687743765450662,0.8867426084724186,0.8550967900245489,1.0072703506297271,0.5793354331715126,0.38208968225482975,0.904808894577134,0.9361127296980931,0.9449707061174569,0.6382416065444935,0.35460738061784725,0.5270811892522017
216,0.15799461271279866,0.0018664520875871092,0.0017993480394146713,-0.07567251927252841,0.24422476087100842,1.1033571672301985,96.39079682282194,6.196064469479589,0.8837531515630705,0.8999942507247624,0.9901475889109114,0.5995663903061231,0.4296403466909304,0.9310966206405998,0.9215268086829644,0.9147686637177858,0.694528988686153,0.3861101704414201,0.63511858602938
217,0.27265919029629526,0.0023917727896951234,0.00366820049045461,0.36587944980936365,0.4227223663181885,1.2218461232493156,96.52374855340271,8.175617732234164,0.9219389643246256,0.890882924535244,0.9930845580668932,0.6507574411026396,0.4189925994436177,0.899793008326256,0.8791412493641169,0.9584692630253331,0.676918335008342,0.35012901343391506,0.6266602290580788
218,0.282203613593919,0.0005264125699205907,0.005221951025699246,0.26150675131986184,0.45109691363719684,0.6066462888381763,96.41283862889594,6.969521066205466,0.9157191413476937,0.905717036027773,0.983520560524316,0.6277131949247395,0.5904177653706648,0.881448757621437,0.783931617731959,0.9230748104823192,0.6516272792600238,0.22037272748241588,0.5779675152497706
219,0.0858842559456285,0.0055000170940796515,0.00943577580741647,0.27253078651165624,0.11649076134077971,0.9659094804752253,96.51796296038101,6.36917199372065,0.9325370419421787,0.9142070879453141,0.9894193311552388,0.5840804665253501,0.44096578586219426,0.959738304359942,0.8153189463945067,0.8976492232755413,0.6139247149060924,0.3202728933695603,0.5770948800213934
220,0.023016963054723893,0.0034167790707479826,0.0033053467667317456,0.2328805845997155,-0.15006016342718576,0.8109556783615872,96.43405116477227,9.585389174670787,0.9171756051216627,0.8661204609534688,0.9858885082380464,0.6098534534370145,0.33694855435262044,0.9089335667821375,0.8181501260402233,0.875674723078752,0.6297139819328916,0.419048438019271,0.5784304473877726
221,0.25200419869984886,0.004653261577010129,-0.002029164083552251,0.11689891739873544,0.43341084855206746,0.7985808150984981,96.47571353169216,7.504134902143693,0.9357157692245764,0.8502790875661084,0.9876231022269083,0.5151125040385358,0.2685580210965359,0.8708964084942032,0.8729201933550801,0.8899110615142413,0.6110784501759452,0.4139287244623971,0.6084260219721824
222,0.07290405652030602,0.0002685040811511684,0.004812528864371815,0.2293117408702815,0.4027462318733117,1.0744955301445263,96.48664451554922,7.4467111809046,0.9227534439986603,0.928414004215994,0.9901371776318607,0.6471464551249566,0.28627053207293707,0.8955570158405008,0.9050629992375879,0.922920488433491,0.6661990603945891,0.3582928853054697,0.5374432761271843
223,0.28126418826305644,0.0015378943322996341,0.015055707529160956,0.2927927054507553,0.4994493236282279,0.6688980513034197,96.51122867106571,7.205624450707859,0.8963422168118143,0.8833217551090085,0.9950868060219286,0.5246141562971973,0.20432725983930683,0.8975123666969881,0.8372403956447007,0.8958500678986574,0.6034475090324991,0.18185921037249264,0.537901504940833
224,0.2710460618105055,-0.0001908277431243912,0.00706367364359135,0.17820796893574203,0.18342561022997322,0.7887528153864847,96.43073995739607,9.879139687326607,0.9025722078226436,0.8527963445610878,1.0026535357602615,0.6093060276789777,0.35217659825296005,0.9160633101872211,0.8022540942483806,0.8669411303200885,0.617650741514987,0.35933312412597124,0.5106102019610085
225,0.23849163347821845,0.0038453185138797013,-0.0011238706353408944,0.26219695273969923,0.11962808741180189,1.0009515629550183,96.50515835728137,5.755892205329823,0.9108671832005597,0.8479322842413204,0.9967221487220634,0.6468019889222499,0.6268833606825335,0.9099791300523713,0.8251121948468433,0.9331992848691484,0.6533194793238546,0.3993366841716469,0.5620240775767094
226,0.10429368235775553,0.002324229390109089,0.005992283496922708,0.33725380556644036,0.22084868959325474,0.5663852868552937,96.52448328959473,8.763363145757282,0.9322302481495222,0.8474122053549941,0.9863579424810723,0.6053963211381767,0.6303109162856131,0.9146329340823904,0.8345228912822366,0.9051921766039887,0.6706393604815402,0.33835537618442646,0.5332986046150302
227,0.11665258387144682,0.005258158192387965,0.015476668059943861,0.09439068646125676,0.24511749211297998,0.6745214666506436,96.39957757757956,5.590083099476969,0.9262780802182313,0.9032569026884832,0.989872580979535,0.6039244827529205,0.24557204307731514,0.8720174346405277,0.8818800824079008,0.8551475870158868,0.6330455889295606,0.26651496264127783,0.5498905612448104
228,0.2305782533789509,0.0016325487418612956,0.003039707830894218,0.10211222420039359,0.49680744039778485,0.7991405687772519,96.3916825896739,5.475732547401012,0.9298095758656698,0.9018905178809049,1.0061007617306472,0.5861637579551727,0.32655607281791027,0.9412815739422166,0.9131533252582598,0.9021170422889149,0.6502426611013281,0.30281381595597345,0.5733456709407423
229,0.18006902837451885,0.006243364501704567,-0.0027684311051060307,0.2863419584331949,-0.015926445717117377,0.7910823617852165,96.43047649280038,7.468411715704738,0.9151735121278287,0.9124826361830225,0.9840545607659407,0.6400952813528875,0.4818273686520438,0.903137944277185,0.8779436396503346,0.9065832632091124,0.6231038797583297,0.2192421446730901,0.5447590173616796
230,0.424447510632129,-0.0007481402040877163,0.012344612677126776,0.40202781119160874,0.45050897962484776,0.4421536599022405,96.5165894204347,5.597270207996556,0.9184866941404349,0.8794158181925139,0.9928454677953445,0.5987828154510918,0.5630207034924468,0.914140947307604,0.8108680095917725,0.9361753933101211,0.6565583696363608,0.21487554875813503,0.6105730281206139
231,-0.04063264125422014,0.0043497663525101735,0.007555272371132626,0.24365145255227275,0.06667614710642805,1.4671150844039813,96.42272778088575,5.6986378482699935,0.8846757229433944,0.8403259992747553,0.9957227504628557,0.6220393119962745,0.36446653559881753,0.9061919090242246,0.9191841710206275,0.915350631541425,0.6669356760075554,0.19334428253974761,0.5792630927577941
232,0.3254264950750343,0.0015769332642812366,0.003892705265819598,0.30763558071497077,0.009868842233054509,0.8462199762035479,96.45956387916104,4.492105600824231,0.955981704322021,0.894733563797553,0.9929632659495451,0.5513973334297365,0.37203439783291914,0.9132656540607881,0.836248636612988,0.9753614163977229,0.6275824035235195,0.4338268356409656,0.5712775672894211
233,0.18674504350223242,0.0010914088131987808,0.012439112700875374,0.3032601762848416,0.16470185552749192,0.7616729474278023,96.3056387445822,6.920406059739981,0.943560549571778,0.9142465909679584,0.9988187159517925,0.5258411219615885,0.4695773099991404,0.8967850172252319,0.9678259143594775,0.9369360826164276,0.5921729768408754,0.3899970653096858,0.5441282259523678
234,0.09341023738557058,-0.00040607341593024105,0.005630415500552784,0.23526602642723715,0.2978107655594732,1.2942561724452366,96.4508701068761,9.269884235859971,0.8847051974344391,0.8670852913494485,0.9967165428097757,0.6600288014416338,0.4398811099188598,0.9328486958021878,1.0740121674086303,0.8975168935469812,0.5982377514958398,0.19810692684961678,0.5240723528281627
235,0.16612417812233035,-0.0002728311480570925,0.004528275533705826,0.2664045609071871,0.314041576976355,1.009712602200993,96.1506527594604,6.003640815268557,0.9044363006813982,0.9250884711957672,0.9935441056610114,0.6052002107743893,0.5579510537150718,0.9535597359469251,0.7724892404802642,0.9471799101238652,0.664751339077503,0.4342823216108428,0.5711535428714234
236,-0.0019342759573191814,0.006368104372083754,0.004129619939251722,-0.018048938740596043,0.03112949258253822,1.5239343183560707,96.42393882302942,8.681272685325707,0.9359414787604678,0.8982345790288652,0.9958517495155855,0.5173481922398997,0.43271493168784586,0.9001663216940209,0.8511474954107237,0.9295271356629624,0.6591837133953645,0.27807754930712547,0.6093160667344512
237,0.06622074365446684,0.00034739444244504935,0.002046885683283068,0.21804759136159751,0.04952596537709303,1.5090078853657087,96.50915116043218,7.324016491085832,0.9220734583278445,0.8735366888807811,0.9923165786207905,0.701007824023054,0.1825798041375808,0.9509349463105651,0.9732532216332647,0.9092499782226031,0.5864942855509355,0.30001892791702667,0.5557265446458172
238,0.23810389373172564,0.0083673494691175,0.006265443494020029,0.10940304027468933,0.5126935524790551,0.9522128173050284,96.50062380155958,8.2398121453104,0.9056253264753304,0.8638549746932346,0.9931425245863134,0.5942915870241358,0.12982140253375896,0.9113211534819501,1.0067744187559549,0.874098356051876,0.6209617817989179,0.34093492412076937,0.602165089257733
239,0.1912067194667134,0.004888587322493816,0.008023210193627488,0.028417879368438898,0.2879340540497651,1.4867470011884345,96.25445081800198,5.367760309657152,0.8877774054786691,0.857507147564275,0.9943982522100392,0.6109257112079078,0.3200990649802556,0.950750295789501,0.8815847803388879,0.8936649648732414,0.6534158374098081,0.42887013318068046,0.600485601193278
240,0.12230464259560415,0.004184747509334828,-0.0022734761217857924,-0.01313194162766676,0.0948940727324967,1.2359772449187678,96.50209299425721,7.24083403436937,0.8818232750576364,0.912413153907384,1.0002755669647272,0.662318121682614,0.06455607809563829,0.9306464140339827,0.7566817466932989,0.9078804537887756,0.6313665397298694,0.2944973247186509,0.6267633200316903
241,0.16086564012670299,0.004497361739859019,0.00463804517291208,0.10247914283848739,0.48710044051684953,1.1941278489660119,96.52124480068444,5.420147792956423,0.9087087611835709,0.905494390061463,0.9915392035763223,0.6563902514789824,0.6483864110700678,0.8757169729230103,0.8695485837367322,0.9116928641079194,0.627943728234356,0.35151196684889185,0.5655912791967739
242,-0.030373594523292108,0.00461959664543715,0.006142795628839334,0.10996430242329058,0.02092019012865981,1.0092570930297022,96.51399756649812,7.188469803070397,0.9011776561116875,0.9123518419737024,0.9845776736931078,0.6509642997935707,0.43548231887332384,0.9261614937561106,0.7776053345515184,0.8414838991934367,0.5906868740522999,0.1997667659789843,0.6004868787067994
243,0.3218100343839917,0.0017330034599806839,0.00999074347302744,0.24341863490004945,0.5030105527986902,1.1801610648056005,96.52019122198809,6.918092273777909,0.9067319389209629,0.8821118064546384,0.9948091234990961,0.5929765580129471,0.5940504537717507,0.924535719829403,0.8694149449153264,0.8944068894136348,0.6000293975925506,0.2687069083939979,0.5873558781795338
244,-0.0025669264716849938,0.00548649488430536,0.005462295618751861,0.28974213210187316,0.2755731628062766,0.9712102414642606,96.49999870243924,6.584130191185587,0.9389822436330917,0.9424786683623495,0.9834775378103225,0.514037006968376,0.3066322289892627,0.8882711406965238,0.8648929113130573,0.8822257167704737,0.6533371484463824,0.3744173355403959,0.5926591903069716
245,0.10337437607891413,0.0022147724933401186,0.004837682889693435,0.18586412946029152,0.382675142425144,0.7425415514147958,96.52023289526278,7.149064444396551,0.9123798524805026,0.8672537587282096,0.9882415813500958,0.5307358195284475,0.379333359407553,0.8796658462637462,0.8760843343770999,0.9292415321250617,0.7262888122985307,0.269142767275287,0.548599508263842
246,0.1876917792983537,0.003095987556371758,0.01976775563956021,0.1299711331185351,0.004015026695104007,0.7381518466341275,96.52318134936868,7.4747298412652246,0.9100023760342677,0.9012147675517196,0.992457492821436,0.6804459137723173,0.6066432731439132,0.9261152603473992,0.9055812265862945,0.9405242995731067,0.6912653479068445,0.22448481506423676,0.5341204279714711
247,0.4354843379217091,0.0028159426919494683,0.007631472781533673,0.2087773635717195,0.09024221701779656,0.5159222685688865,96.5214039422502,6.955210761891072,0.9120805848137579,0.949820451840862,0.9988422214758045,0.5235233880833733,0.34786089695338795,0.9379545994721601,1.024968451703626,0.851864854211215,0.7049908002899145,0.19440375778226504,0.5469009134560253
248,0.27524576119432553,0.004643212187422182,0.015306313387923754,0.3014365145790302,0.6736817752629934,0.8658920090830321,96.5285049004455,9.286249526528941,0.8997307447720143,0.8770574437720345,1.0039934348968942,0.5434903248149883,0.5807308413512855,0.9421459017513718,0.7553660175860737,0.8575501397398817,0.6664958119391582,0.25697919165607375,0.6125212744570036
249,0.4106842667058999,-0.0004312949519512401,0.017344002459201216,0.3733043195763329,0.12040635684049167,0.786676526179928,96.53212795816584,6.5658486938620735,0.9368805177203293,0.8714460851517613,0.9965054102461905,0.5668844740662159,0.3503572876554638,0.8964302965428353,0.8328268295241094,0.935376816328573,0.6552591595555761,0.254057374485148,0.5886487491605136
