,AS%,SrAc%,HAc%,MAc%,SlAc%,N%,MAl%,SlAl%,Zn %,Fe %,Cu %,Mn %,B %,S %,N,OC,P,K,barley
0,1.2999999999999998,0.0,0.02,0.17,1.07,1.63,83.05,12.76,0.86,0.8,0.98,0.35,0.010000000000000009,0.96,1.0,0.91,0.82,0.57,3.907089849230001
1,0.9,0.01,0.04,1.29,1.7,0.4,83.11,12.55,0.94,0.87,0.99,0.67,0.44,0.95,0.56,0.61,0.84,0.75,4.118141046930001
2,0.03,0.0,0.0,0.010000000000000009,0.030000000000000027,1.7800000000000002,89.27,8.88,0.97,0.83,1.0,0.87,0.0,0.96,0.94,0.9,0.64,0.13,3.2
3,0.0,0.0,0.0,0.010000000000000009,0.0,0.020000000000000018,99.65,0.3200000000000003,0.99,0.92,1.0,0.58,0.0,1.0,1.0,0.93,0.55,0.12,4.132324538390003
4,0.53,0.02,0.01,0.010000000000000009,0.0,0.63,96.78,2.04,0.79,0.72,0.99,0.65,0.10999999999999999,0.93,1.0,0.81,0.55,0.32,3.808590748800004
5,0.0,0.0,0.0,0.0,0.0,0.4,95.96,3.63,0.84,0.81,1.0,0.53,0.0,0.99,1.0,0.92,0.62,0.24,4.05
6,0.03,0.0,0.0,0.0,0.0,0.99,93.21,5.77,0.97,0.97,1.0,0.61,1.0,0.95,1.0,0.91,0.58,0.11000000000000001,3.948394343820002
7,0.01999999999999999,0.01,0.01,0.28,0.15,2.72,90.04,6.78,0.94,0.97,1.0,0.55,0.7,0.95,0.48,0.98,0.59,0.38,4.013321021520001
8,0.0,0.0,0.0,0.0,0.0,0.51,98.65,0.8399999999999999,0.84,0.93,1.0,0.51,0.0,0.86,1.0,0.91,0.56,0.49,3.877991281650004
9,0.0,0.0,0.0,0.0,0.010000000000000009,0.22999999999999998,90.49,9.27,0.97,0.97,1.0,0.78,0.0,0.85,1.0,0.96,0.82,0.47,4.3357563197200015
10,0.2,0.0,0.01,0.11,0.17,0.20999999999999996,86.67,12.64,0.88,0.93,0.98,0.47,0.0,0.78,1.0,0.79,0.64,0.13,3.983630405170002
11,0.0,0.0,0.0,0.030000000000000013,2.21,0.59,90.74,6.42,0.89,0.87,1.0,0.31,1.0,0.83,1.0,0.9,0.81,0.79,3.3
12,0.010000000000000009,0.0,0.0,0.13,0.3,0.74,95.03,3.79,0.94,0.89,1.0,0.72,0.33,0.95,0.6,0.93,0.69,0.09000000000000002,3.4
13,0.5,0.0,0.0,0.24,0.37,0.57,87.17,11.15,0.91,0.89,0.99,0.35,0.02999999999999997,0.9,1.0,0.98,0.78,0.39,3.9840093629900006
14,0.04000000000000001,0.03,0.06,0.7,0.16,0.31000000000000005,92.87,5.84,0.89,0.88,1.0,0.47,1.0,0.96,1.0,0.87,0.61,0.08000000000000002,3.5
15,0.03,0.0,0.0,0.010000000000000009,0.010000000000000009,1.36,86.55,12.05,0.94,0.9,1.0,0.7,1.0,0.91,0.94,0.97,0.91,0.24,4.175196899029998
16,0.03,0.0,0.0,0.0,0.0,1.0,94.25,4.71,0.91,0.99,1.0,0.65,0.67,0.99,1.0,0.98,0.61,0.22,4.195500166010002
17,0.08,0.01,0.01,0.030000000000000013,0.0,0.17000000000000015,93.88,5.82,0.92,0.91,1.0,0.61,0.59,0.95,1.0,0.93,0.59,0.34,4.0
18,0.010000000000000009,0.0,0.0,0.0,0.0,1.5,96.66,1.83,0.96,0.68,0.92,0.87,1.0,0.7,1.0,0.92,0.65,0.51,3.904436073960001
19,0.0,0.0,0.0,0.09,0.12,2.32,95.76,1.71,0.86,0.91,1.0,0.63,0.10999999999999999,0.83,0.07999999999999996,0.93,0.32,0.36,3.918234576320003
20,0.01999999999999999,0.0,0.0,0.0,0.010000000000000009,1.44,91.96,6.57,0.96,0.91,1.0,0.67,0.010000000000000009,0.96,1.0,0.95,0.55,0.06,3.9
21,0.0,0.0,0.0,0.0,0.0,1.12,88.83,10.05,0.91,0.97,1.0,0.52,1.0,0.82,1.0,0.93,0.59,0.3,3.9476014728600006
0,0.43794651891157005,0.007461513066290237,0.010201629200484463,0.27301941081391573,0.10685822589307659,1.114978696100296,96.5265012270235,4.548072438919572,0.9149315383421235,0.887883009500074,0.9995023996257463,0.577022190473829,0.2675023835998982,0.9038212109606948,0.7834825887105438,0.90051481980467,0.6975525653942717,0.49114799788909913,3.7703416396164933
1,0.2264989628560632,0.0037588545944870974,0.0045077147852809534,0.03322393114552827,0.22305872874208968,1.1779575357409904,96.4921423112578,4.9638355221666295,0.901703586337764,0.8957855741361922,0.9984401183716243,0.5848513395309383,0.4965649575082974,0.922658681261581,0.8728627945974838,0.8631121703337863,0.6496839117895569,0.3579916782529592,3.838870251235618
2,-0.03460847170302972,-0.002823696518702183,0.0113916452118136,0.09417793914097981,0.6832141089870447,0.8423393498618474,96.52250255045813,5.739685258360809,0.876802715555252,0.8737756423471386,0.9950717093663483,0.5842652252184954,0.3201438898176948,0.9229683369597649,0.916092215865081,0.9361533272902726,0.6328664608405915,0.2200414734825031,3.869113985573163
3,0.05265701026687877,-0.00033562403834424973,0.009481959361342508,0.16823517593311985,0.39244994198642047,1.2869226733123598,96.41867260766611,6.423748449998617,0.9152036097635362,0.9322868458551845,0.9931911235973662,0.5556670168465369,0.37647018339524113,0.8850166967283633,0.9485145148671404,0.8863760008367998,0.6434922290596209,0.31022565936401264,3.921262534167598
4,0.01748969132528891,0.004998785184827309,0.0036390513182771997,-0.11723608682453629,0.1769234347684886,0.6995625649867951,96.35584888748242,5.5738596217889915,0.921530330005544,0.8918474204259992,0.9878210219946584,0.5553139953686137,0.4659525018960477,0.8856647534559414,0.854182953538172,0.915001728591115,0.7152725965898261,0.26234820674200743,3.701665006361401
5,0.24469147819316045,0.0008966979339197494,0.0002785251847989877,-0.01778060164543535,0.4534288681327995,1.1646479285160092,96.52227656384102,9.039950533483863,0.9020532832825424,0.8797832726259973,0.9817530135797823,0.6663233146760159,0.603421959513353,0.9639878097272373,0.8271125069499078,0.8883412239047435,0.6431124420422595,0.19716038862512794,4.081116260463947
6,0.0038485566049757114,0.007147188603005058,0.012862194388476487,0.08960392580439322,0.5230711753942457,1.0253615684725468,96.50547076699834,8.089605918835453,0.9174258322369105,0.9268324990689444,0.9983176163254981,0.6748404956427188,0.7138400630225857,0.9144055490444478,0.7853660165923804,0.9152838920031434,0.6716185817286823,0.2018433244529349,3.997469656798437
7,0.19782090363634927,-0.0013344837382234013,0.01117817452235349,0.11543272695192056,0.513126211929368,0.6280395272254526,96.40090021459974,9.18867735143977,0.9303116977481346,0.8389465080250965,0.998064913492399,0.6479964825040049,0.20127879686947478,0.8764111679145046,0.9009331274355119,0.911536102663886,0.6871312322251348,0.18502538479634023,4.121081311289483
8,0.2014947306071744,0.006984348419773162,0.006275991387264015,-0.02730420836790809,0.397824170060018,0.9250763061882965,96.53219060792108,6.660006420187244,0.9178200659362733,0.8836363467545016,0.9909610049257808,0.5322884279822983,0.21516285014325348,0.9255074278224962,0.9243578269854308,0.9410559013470801,0.681386206240501,0.18783015826223037,3.7419376856299222
9,0.2519373150699263,0.008393142318060272,0.002858622999916319,0.10923749606904384,0.1636400948079431,0.5309684007165909,96.49708688725269,5.792756011377207,0.9375122769082133,0.888601651346866,0.9964547324955353,0.6003609117781559,0.6256456251051004,0.89293793489186,0.9804695674021386,0.9366341823349288,0.7036525984052561,0.30757571956202173,3.810917341070943
10,0.2735657592603196,0.0079423095970526,0.013830786050685589,0.13357833275669262,0.02180874703737118,0.9320400608016755,96.5321833360745,6.648995383219351,0.8980249171151741,0.8664552008352581,1.002404130892087,0.6205131941634915,0.36310328273812764,0.9181107356789258,0.9052861441233719,0.9424770387848392,0.7087697243569429,0.38136934095294345,3.7666442752964686
11,0.32838621533415946,0.0006011889134532379,0.0076625800098517735,0.20261271337078846,0.09119010086248222,1.0404262115799594,96.50148803255819,7.536511314341655,0.9272218102714742,0.8386731440744455,0.9923921741032996,0.688042383522473,0.4509931458484379,0.8766105914054957,1.0376813676108785,0.8983848522881344,0.7362990652699639,0.2455820538462256,3.8526489088598592
12,0.08490792701959857,0.0021933171989278076,0.014649494691667646,0.08846858730288476,0.21657693749822396,0.9863557036814108,96.52935290963248,6.6137088291072645,0.8755363989291266,0.8276695067197117,0.9884008336436774,0.6030808978169896,0.2571242761930332,0.9548158560995804,0.9508859989099033,0.9088645964163047,0.6030948302009029,0.312565595864953,3.907639054173483
13,-0.05118231461515424,0.003037859878458376,0.009482280474634817,0.20976593101469926,0.434116355186561,0.926239130652059,96.5091019356245,5.866237237041723,0.8922323655321261,0.896572191762939,0.9861590371446899,0.6749334512162276,0.46159635441888697,0.9148936337223237,0.9266985769317408,0.9116595159613828,0.6511773998170732,0.28748244699063735,3.939811390317357
14,0.27794729374031674,0.002823469527922149,0.005643112478425967,0.1738829632891214,0.3291748932539316,1.3259783532490113,96.52433365736681,8.575548988673287,0.9064798897701879,0.9115650904263521,1.0025400493379772,0.6199008660448816,0.6607237591776651,0.9108545950239398,0.831210281305067,0.9239116564278479,0.719754917317134,0.24944025816142784,3.801623791597371
15,-0.07481560299421394,0.004475283601417082,0.0048950889009134295,0.30482535589690585,0.5698662311591925,0.8816114814471744,96.4932439960162,6.698839489760626,0.8974030616905854,0.9165280291868146,1.0053465876548282,0.6749832281846556,0.39389842487404664,0.8824133842890931,0.836401432256296,0.8828224275556464,0.5602900268573346,0.22525272177991335,3.803086295595003
16,0.04350537684216613,0.005184726363696756,0.003280128066479422,-0.04641575857710886,0.5816910626236989,0.6446284845748882,96.5310176031288,7.64162186059035,0.9096483898189779,0.9328168633094904,0.9986198488238593,0.5089381442890479,0.49885813712169746,0.9331287556675152,1.0014695172279566,0.8788344397109391,0.6170273390858869,0.3434755897945128,3.8129438942817555
17,0.037277522252674444,0.0008540864137621682,0.009495710246609217,0.18811675397443028,-0.017997269522318504,0.8366253811933153,96.50740479850492,8.50513284895447,0.9383040393705511,0.9105579908954382,0.9962813443841945,0.5478050036465034,0.4465701061199813,0.8952180880338251,0.7926224185121611,0.8743584583167554,0.6528115918504486,0.3603191571782448,3.903053908766078
18,-0.004264054036004439,0.0028251768194098564,0.0057387913497751325,0.09825267594571689,0.08320617003416955,1.1894017878222043,96.46817961893835,6.489442004004305,0.9356607591513142,0.8872091431515702,0.9925219755334662,0.5436691223839866,0.4101303812355631,0.9096030476229718,0.9156321850267077,0.9221000598308738,0.6541391512502313,0.29167465559842076,3.9785733910922723
19,0.2582416495477059,0.0006305312909894792,0.009663229171667667,0.16938883041417496,0.1461412100167751,0.9941843466441941,96.52182794684369,7.77711562608427,0.9290169497840292,0.8897670533271873,0.9986881765228093,0.6637283455904031,0.29098167343244463,0.8713651451298601,0.9467783431770231,0.9141261611296364,0.6854056766901643,0.3039325678188262,3.890399091156879
20,0.06977444430671471,0.003731971937615693,0.0057645847749798525,-0.023098591018804487,-0.1419210821146833,0.9024474003847643,96.5227609806985,10.006236574212451,0.9075591511758212,0.9008753250420096,0.9835259589071493,0.6593590178482078,0.38038806184428153,0.8688116583954759,0.894741959367216,0.8894402856485752,0.6575751392264773,0.3628543425813132,3.778416034521848
21,0.15383211473906075,0.0039933916522473046,0.00435370591051998,0.04251761185696025,0.07462728593248424,1.4319913010825887,96.51931104886427,8.51062371194181,0.9272365444215869,0.8736437898095089,0.9836821362056616,0.6143577414366492,0.11999372942763686,0.9098721578597585,0.9435561356156216,0.8672572345207346,0.6643728833786677,0.2800806749668299,3.9418305430981997
22,0.07374304949836659,0.0012903179483057655,0.012361871385907778,0.09126081368143941,0.1308406124298496,1.1492648990653729,96.4969453659306,7.112629680141146,0.878773875539689,0.8989194572915801,0.9894071125641926,0.5570663692727976,0.4122833231231083,0.9541483480628711,0.9647954937268398,0.8888837173803545,0.6444826982860224,0.33436270287240144,3.8750592120279514
23,0.09945405763028368,0.0043396202538568025,0.006606429176400528,0.18754522695004228,0.2119226844222778,1.0167863799111712,96.49245863658446,8.221744130036184,0.8954868034400715,0.8517082432123507,0.9992612163784312,0.5128792020946016,0.6843978768031498,0.918688041808462,0.917132696972937,0.8959467465210628,0.6655147815278913,0.2621526359306239,3.995949652807054
24,0.32639296301833015,-0.0005566680196419974,0.006900760941722594,0.16753556767121108,-0.046923821454446735,1.0728918383973136,96.45775906277464,6.427999009509055,0.9013756222644019,0.8921227463727498,0.9987545702461369,0.5211374470136277,0.5012122181542855,0.8604710010887648,0.8224094731114995,0.9110127582883637,0.6509985162487182,0.3583986278079043,3.8233976729974217
25,0.1966548004285079,0.004078736637752627,0.002787390121692844,-0.018106519333864035,0.5370462404856338,0.7123180334880714,96.52704969206825,7.20417761921007,0.9129846748328961,0.9186833663431669,1.0022244841843986,0.5467765990051632,0.5318865747325228,0.914717639057029,0.889271715629375,0.9287689095062714,0.6034993763686574,0.39810042136653806,3.9796246084810396
26,0.009875353036440132,0.004539140056122038,0.007926185868890354,0.2709442754157281,0.10062100980982447,0.7756760286483081,96.51819510009909,7.228249010311557,0.942344635501595,0.8978603621974697,0.9933054982127577,0.5448885315665172,0.21931718589725768,0.8775853475129463,0.8754894788444322,0.9188491226088491,0.744767493594743,0.3923731119032292,3.79022181921209
27,0.257532412237134,0.005579787719640563,0.015136290683729778,0.16347110249843175,0.31898476969002165,0.6957229527001818,96.47301315942956,7.93401358447868,0.9324909977230765,0.9075236842270774,0.9894270458598898,0.576797130920713,0.28906770252869457,0.9114839514481037,0.9402000992063198,0.919029593999737,0.6182339314754445,0.3113092715500278,4.018850372431063
28,0.055090071576182786,0.005712608914831047,0.005610085071767501,0.24156074192790228,0.2664706779477502,0.6943041758117268,96.44100332979887,7.455662534946895,0.9084365864528599,0.8700412864634387,1.0035846306587781,0.5912638445518117,0.5559831330789067,0.9454289959059475,0.8117982215516572,0.9244072306796274,0.6814187890581334,0.30180099567817625,4.041394228807887
29,0.0772392031455418,0.0010255946469991174,0.01765989019801819,0.14714921132281045,0.25911763422339096,0.46083045011341023,96.52103587493818,5.396468294943315,0.9175798354466114,0.9353463082645344,0.993910365706707,0.5501976063515733,0.45025177553858553,0.9093087001567075,0.835146762605743,0.884842431948123,0.7160186907143423,0.39992507803472427,3.9702219863167834
30,0.06457820021863195,0.00569181128912399,0.011338008889736415,0.16088510823926525,0.45708709072831444,1.1234324707251864,96.41076167763524,7.362005294303947,0.8881536045473397,0.92165278196083,1.0032243773215361,0.4939523210870041,0.585506882317179,0.9479173664706565,0.891159599610102,0.8980853189204352,0.6226162966291673,0.27952339066423115,4.004694119057355
31,0.1074792634119138,0.0025633630256310996,0.015498014405254286,0.03092504037246825,0.29037812506578536,0.7103067977009921,96.48588432789414,5.863272243691061,0.9129661941246486,0.8823397591730078,0.9901825514739993,0.6323385482036558,0.6479151666705987,0.9310340664185839,0.9740737058414175,0.8814871349019618,0.6232267739054638,0.38003149858839347,3.965491734034657
32,0.11877877363804244,0.004055289866028363,0.010894893350873158,0.08102229596977165,0.6904674517304892,1.3065765306148074,96.50962103359647,6.831552991174491,0.8912414536967209,0.8868199819326203,0.9922691713563806,0.680834177741597,0.3165076094968199,0.9038180482664772,0.7054096727500468,0.9000096253212879,0.6206014832404154,0.3384004325415332,3.9741482989946326
33,0.2417293601421573,-0.0005064950741379697,0.0036747919061195554,-0.045916378450637535,0.4752243294509767,0.773429148668706,96.50712762927526,8.321114944231837,0.8918627271842883,0.8818994012665196,1.0009727476425712,0.4954468323074119,0.40709877040309633,0.8780387751189757,0.8366449601726837,0.9304823942980892,0.6841508055203867,0.35190269905309124,3.951122019756096
34,0.32999211480834245,0.0027409135753911976,0.0028075239251206183,0.1295474491318058,0.1470897497015059,0.8792383893951252,96.48928195837019,7.6022544075211576,0.9178524663633252,0.8854513426220489,0.990380159555015,0.595409966270869,0.3130329913612081,0.8971074060817553,0.7674937522812084,0.9300087484123964,0.6102415465319162,0.4280085289943238,3.8585976160805933
35,0.0548429615597083,0.00440227402191785,0.007840327297814751,0.09986991410729547,0.5282350472047195,0.9488488966533737,96.50662699060618,8.588418486422261,0.8985040478421846,0.9050676135411425,0.9877102468020691,0.5984695050479222,0.4218227831567721,0.9698523399799738,0.7899292841512824,0.8965082885973348,0.640682153070226,0.4130590069126686,3.9442384943933146
36,0.209604839093785,0.007996008776265724,0.005476492557517921,-0.038223279687243344,0.07227264291640145,1.063518000916507,96.49911181684165,6.0532855313658605,0.9254663074799683,0.8840507418409652,0.9909136806208123,0.5676921069607591,0.35888018138866473,0.9332247033920836,0.7837153030437651,0.8933860990606239,0.6205268916913507,0.42888570983824786,3.842581069302669
37,0.35516052961978395,0.008105302255891296,0.011167354361219402,0.28323588539170885,0.7088565330304815,0.960134349096675,96.50918947746999,5.666480755720688,0.8929548759412295,0.8598681772866336,0.9978574280038169,0.6060641421704496,0.6756639787405818,0.9024956107411057,0.7755642420456244,0.9208337560753942,0.7341177472522906,0.3576788949685808,4.069882538135954
38,0.14555702060779813,0.006090643710364664,0.00858452459562011,0.26667083511813966,0.07673058268262264,1.0529679439503197,96.36440197750449,4.399666304801125,0.9122763115342949,0.8656688830484468,0.9974545772178569,0.552791951756267,0.3378751084409686,0.9031407777356018,0.9729312450432431,0.9320901049647302,0.6238668706619948,0.41309632963431175,3.720903117178537
39,0.02793458474475044,0.0047358517071365855,0.007272957747835445,0.3256723051941396,0.17119889062105526,0.9107014843804576,96.45811929886726,7.757575831853609,0.9027019209656001,0.8471911865832745,0.9932866996638445,0.6100250267020331,0.5940377885464981,0.9364848862158253,0.879655067560337,0.9680302645286991,0.6945173536668449,0.24572519407828525,4.082092265496923
40,0.24271024029098753,0.0011506629987781377,0.0002668855063611506,0.1065840301822839,0.314734584983502,1.3659402588016802,96.52181228440489,3.926635845796154,0.8982720654585614,0.8816384291196836,0.9863373643523664,0.5838972659046456,0.5314171746581159,0.8926718102581399,0.8862703819354676,0.931651535206647,0.6389580008035344,0.3266801462818126,3.6969412984407155
41,0.11435248546717537,0.0013513881936586987,0.004145210668001688,0.037202928503260915,0.24008593603161119,0.8756983441563454,96.50155431823671,4.710019472295635,0.9035109821249768,0.9177617887467319,0.9966747765256824,0.5528089628793071,0.37003835123955486,0.9045107612617541,0.8871894717432199,0.9215024317600135,0.6455083524300758,0.39139547661959206,3.9313404792443976
42,0.2245440344834564,-0.0005604290846097141,0.01086463927760686,0.13250382907081107,0.04869248130676598,1.0058252032930872,96.39413823633012,7.913302955149617,0.9361204847549935,0.9235502212185384,0.9887872827984899,0.6000341820665147,0.5608689178346924,0.8907616230115679,0.9143130157228486,0.9353526818477714,0.6643945080008721,0.3294120299599919,3.9098280355237605
43,0.29299242469514714,0.006274919657954297,0.012112984161667197,0.23251759805313632,0.4709757267369984,0.8402151874836313,96.47543048904797,3.9108293297593777,0.9121046183484244,0.8962934218049138,0.9990653017691681,0.6988362664901115,0.37560440497664505,0.9470177909957422,0.8206795436124606,0.8965200141396806,0.6486057034373104,0.27212116234186734,3.8215808739581885
44,0.32239170509396986,-0.001894444286345553,0.008757959693885172,0.29864872024864325,0.28231153955854177,0.5471376104244351,96.1286571016436,6.730777520007634,0.9364647438388034,0.8949044755236142,0.9959023356706429,0.5916738947011683,0.5126805473770498,0.921286386993235,0.7859905655575375,0.875429643346542,0.6108776101326583,0.41123522533760415,3.7422665028553688
45,0.26570808836810356,0.0026906062136983063,0.0032695353982834094,0.2718260458118541,0.2926272684003517,0.9663729225285769,96.3953881548844,7.351337591437478,0.91843787875581,0.9011033598311915,0.9967005334694886,0.566470749905213,0.5678062756207249,0.9133377256630919,0.916802875515552,0.9268982704090203,0.7229361721562445,0.4410729067210835,3.9510850262972994
46,0.0978934718408275,0.0021684942642616204,0.009039716255635398,0.2586646734076487,0.14150646818217152,1.0471679009419634,96.50121533831106,7.725198874686891,0.9093558538702683,0.9019340325959663,0.9843511106734137,0.5966029503640226,0.6315049039566749,0.9099228591578293,0.8967170683100782,0.8525793137806741,0.6620547993015534,0.3420005468924671,3.842982734918021
47,0.00578701097648418,0.002563141959531427,0.00709509397150296,-0.09026168680382776,0.45623994036947946,1.1914554549266279,96.49256883302894,5.782427521285938,0.9082253367363976,0.8848339468625966,0.9922375938394606,0.5299272307751043,0.46712975521907973,0.9250691189565037,1.0787470253067815,0.9174696272613242,0.6685949295973747,0.3857118155510637,3.9699573351212436
48,0.22066547121313507,0.007471496924309521,0.017238517194949954,0.07381424974624165,0.26034766887505967,1.0924767799701633,96.34767477254226,7.794000695843262,0.9069839242289133,0.8924376686717687,0.9982740299060254,0.500690388959973,0.2346440430595857,0.9257024816147169,0.9979951086541199,0.86202922260732,0.6712796100692698,0.2695440537276014,3.9825215183082583
49,0.19647924489980756,-0.0027869536622933395,0.00846627948765393,0.1441615576313191,0.4455003469255969,1.0766765128385742,96.50787774821968,6.277323549796296,0.9061546763552593,0.8813858003449649,1.0000008241371812,0.49754838391689793,0.2946275171591493,0.9016757590627043,0.8740029750777226,0.8546757099201255,0.6666244144308042,0.42200124598803745,4.003342834440017
50,0.17713951851125823,0.0016568857781817411,0.0048560082825588186,0.1547924675607741,0.31869990024879746,0.8300016816189085,96.4004317398675,6.472883514341964,0.9253822059726102,0.8672236372586452,0.9918488434106785,0.5986247846489291,0.3280841154780423,0.9316285009318825,0.9011020968432973,0.8684463802972373,0.6879336317450336,0.28478895724184217,3.881032109702903
51,0.22918117052313935,0.0032141336803133917,0.01568960144997966,0.30609121010954754,0.11370095959204987,1.025930869738643,96.42228252012531,6.155767814403645,0.9124467253728318,0.9115873710223472,0.9973277735807559,0.6716734710520481,0.39154573998263326,0.9106892783313906,0.9069040727235546,0.9365029605364256,0.6279226970735595,0.3101545713305329,4.056707634791618
52,0.28118948508255076,0.004383011152607935,0.006445663580469906,-0.008192351878955895,0.5927082536607375,0.6193594774852503,96.52656667364282,6.850271880800836,0.934663130276887,0.8647778512010106,0.9920873149048949,0.5831219819383542,0.5384521398012885,0.9349653379721856,0.866879396299583,0.898514451477692,0.6490588066323455,0.18983563417203328,3.7919637144278444
53,0.26933711328495297,0.0028073474678708115,0.008217808806148866,0.1138658537929955,0.39817157916716733,0.6805760759254735,96.45538592360859,5.885147895118453,0.9293633895839638,0.8609844778109614,0.9934040277118176,0.6186804942244106,0.3027222211651819,0.9051983515220147,1.0043142353650645,0.8951597945824326,0.6859628039691932,0.3942921473645975,3.6815417989052777
54,0.06770016597065041,0.0030315141401837343,0.0001992165334100621,0.18944809350039513,-0.007591055526241508,1.118666856063732,96.52086946152582,7.4203851329511785,0.9076384315825909,0.9270952631445646,0.989745282464504,0.570152534965782,0.5709405835389085,0.9016106927860315,0.8406427124689598,0.9144973652075477,0.6138353820932266,0.29530701713089164,3.8654927439965276
55,0.22447769048397773,0.007029123540555002,0.005908750735855131,0.14735026765220807,0.14933817321838755,0.7143138849474444,96.5246273280945,7.099136798686231,0.9345882043376952,0.9010447239393055,0.9914492946460196,0.5545066720548165,0.3387857665108606,0.91095979645008,0.9181383351095691,0.9248117536678779,0.6551217265963589,0.4188649684956284,3.796813642482937
56,0.02546665109072352,0.0002350500388723165,0.00937316640404434,0.09044254228436624,0.351990145960121,1.1415056803155927,96.52618406263761,6.562469350168839,0.8918460259013191,0.8878496011241024,0.9966252180732325,0.5734774095815375,0.38889176105458817,0.9544191069443048,0.8759478881831414,0.9186826358656294,0.6369300528633886,0.2519274290801047,4.077451000886503
57,0.3569274629637882,-0.0009886869449440383,0.002102584819059156,0.31692558606938565,0.3714799883055889,0.8188303985759179,96.52442343670357,5.961837654615932,0.909110813113952,0.897201984214901,0.9906616566419438,0.5596718957397657,0.5409500910861093,0.9445481036199874,0.7780636784565762,0.957856447968194,0.6343489433160968,0.19839458246007033,3.7554889288668494
58,0.29081088208122713,0.0037170925949375957,0.0032036094825556435,0.039695433120361764,0.5095376679072964,1.049139940231659,96.52098609075767,5.509462480335146,0.8984276825374881,0.894198614391107,0.9914745467672309,0.6039201090774896,0.4350348959311271,0.9069487922526598,0.9285348459742581,0.8749374008030704,0.5782887070396963,0.3378958163435342,4.004270656285968
59,0.1791961182230753,0.0025635023243336078,0.013433366290134632,0.012434931778909863,0.19232200067783123,0.781762769746828,96.51253900188398,9.361239165160788,0.9074061636474241,0.8797670172720256,0.984306361774954,0.5941510771752118,0.3891218889712702,0.9263630904934631,0.8587618534653118,0.9358064008287119,0.6585388173422305,0.18800671455021103,4.025214107758139
60,0.1089899690212831,0.0004646124181906649,0.0008481729289992702,0.20112942305520465,0.3596519175230219,0.7991996934966007,96.49055453152347,6.1450828239171615,0.9164028832981653,0.8993516617443291,0.9970020159307545,0.5583763681088287,0.7222145369534441,0.9114931462643294,0.8750975312722213,0.907036065056637,0.7252209787284596,0.3853049097507746,3.828083870341773
61,0.242541590504713,0.005691252447200921,0.009315790242792362,0.18186295384526444,0.17551687057656434,0.9079186250259937,96.5197979828994,5.857055119006875,0.9053803371802002,0.9375685891307474,0.9991851407387133,0.5835714084424058,0.4363925626149458,0.9222820958410989,0.8741856604544744,0.9469614962398657,0.6623825825263293,0.4443155642837731,3.977300430227001
62,0.13672315824258977,0.0016741368165686089,0.01177818737265565,0.2824635289326656,0.5062609846893874,0.9513454325184805,96.52204778035984,6.911944935370663,0.9087430981763086,0.9132542558873055,1.0008053574726765,0.6486693890214533,0.6532241144004547,0.88729936424559,0.7833968903468693,0.8559989158426111,0.6021573040835126,0.43166645574728046,3.889028899225879
63,0.1951144864166702,0.00703673132036833,0.0024566149374632843,0.18172135801371203,0.47327760121755813,0.7540575537501216,96.47776223462574,9.086802345253552,0.9139223687163339,0.8997326978602649,0.9821235622622183,0.5711342313295934,0.21170860986497272,0.8787156421546978,0.7855830555324972,0.9127731763130243,0.7047601482387791,0.35654608067179455,3.7663747310391873
64,0.20672124745407394,0.005456161768277717,0.004424076305576648,0.20137960857097936,0.4388165746732378,1.1887277768404234,96.49733916439209,6.737544896618173,0.9182572542489438,0.888886889640416,0.9853850391644876,0.6498962326613168,0.5245370296411469,0.9141956079925154,0.8755979660458406,0.9109589892671593,0.6959157313473721,0.38178621656415546,3.965328585624336
65,0.35150372900763416,-0.00036004084199603046,0.0028097929749621876,0.17065832845503578,0.025194725112530736,1.4804029458492938,96.4938215484473,7.288140592290746,0.9188814873350987,0.8928002124855975,1.001449527329138,0.5815122321098604,0.49571507833250184,0.8775031052801134,0.9836330711183203,0.8641173254121612,0.6786037356344722,0.28458776395715135,3.795326003965666
66,0.35435953477033827,0.0031713571841375738,0.011071080978007224,0.3495863219056924,0.4623149158058917,1.1146807356436472,96.5056452913165,8.219880215783027,0.9482080905389456,0.8671038032063338,0.9970679487973743,0.6002881015502769,0.529619215669994,0.9427582211655859,0.8183627119066357,0.9352962121328493,0.6399326281830223,0.199697308587777,4.0102861846527045
67,0.009061722689242269,0.005315823855094633,0.007502163115820265,-0.039625212191797765,0.472068019469459,1.2973992490170985,96.50403765384726,8.777608629065632,0.8921001543935518,0.8689447421909853,0.9912954184906261,0.5653444160610054,0.1902882058760317,0.9192628602496914,0.922684589919093,0.919745093890547,0.6482487066281459,0.43070684113128643,3.9476479502651878
68,0.026372934966966216,0.001270947663695691,0.0014648705546064615,0.14619342651050396,0.3697845531618949,1.1682664046153417,96.48161379614086,8.60482265152923,0.9267353279464557,0.8759387623052941,1.0002942535134876,0.5563340752255119,0.3598575511465598,0.9266346929147283,0.7455249685068228,0.9510935162101561,0.5907919703116592,0.28357932227029553,3.8636816506323086
69,0.11603320012063545,0.005217244845770925,0.005843974948440522,0.11774262577957591,0.38473729850650545,0.876477816760123,96.52261694219872,7.213872068428596,0.9278666104203718,0.8843984729101559,0.9828686657568368,0.6632136280550607,0.2859030857720756,0.9291213543540288,0.9601870859119483,0.9227488987556822,0.6724024330985582,0.2967850072215581,3.954281712202879
70,0.10020563556728775,-0.0018057481905421834,0.0047193494755718695,0.20799881395593783,0.6310882258066219,1.090681746999455,96.46626880140359,5.02006987936958,0.9262695879617535,0.8981836797183972,0.9941626717345914,0.66960043250719,0.3872098704081236,0.9059004407758022,0.8232123242951125,0.869753740200832,0.5959084253939283,0.28088466989778144,3.974234010140093
71,0.061253353783124784,0.0018430135514280264,0.018773270486912692,0.24122453684311687,0.14777182334844105,1.0644584463838147,96.51448953488858,8.854336839136522,0.9234254504771541,0.88768696569875,0.9836196680079544,0.6291521330116558,0.30740013887881307,0.9671806787685923,0.8034894887586478,0.9102239081287204,0.6321580386141421,0.3503957636947562,3.997121084813953
72,0.114367569665338,0.008040775426180521,0.003259511236296456,0.09571708047005886,0.18632725929450764,1.0440764841203103,96.52307450916109,5.283921831661413,0.9240344429267862,0.8998747686584623,0.9847284212045818,0.5496883934782562,0.43308162671643546,0.9309166716647874,0.8842027144035692,0.8901176042839963,0.7026043828035986,0.23580997646482,3.9200762165630127
73,-0.004835105226115188,0.0060970695689234345,0.00025587719997410656,0.030641019952388993,0.26441669327884293,0.8874451655012425,96.4646522139693,7.387429842829099,0.926591420802377,0.8957704482188152,0.9903136755445981,0.6011322169539461,0.3453036306268802,0.880514196709102,0.8502119268549336,0.8745442226775143,0.7157353218237625,0.23712378502184728,3.9556338485432203
74,0.3218591509360919,0.0021108662498529277,0.0009663964409658624,0.2935096162665626,0.32010897258575916,0.5473478845406774,96.52126717559703,5.538960307006475,0.8851177133972689,0.8809705629216077,0.9846508496779007,0.5781185706860683,0.520553996862504,0.8824518042215644,0.805872356464061,0.9243132363055788,0.6849331583505871,0.3898863472777875,3.786399364594295
75,0.3551178479061844,-0.001382322018649244,0.000126885085909096,0.0866872912932779,0.2675085160153826,1.1677144296508077,96.4083054716062,7.255060928187898,0.917042160849254,0.8536834464906345,0.9875673472014156,0.5865354282834769,0.203483590751046,0.915477887742523,0.9037792214720031,0.897510096740216,0.6668083914368954,0.23506832879346146,3.852134150942712
76,0.059878019052372555,0.003584350869274528,-0.0012424799355304989,0.0814963854961804,0.37684966981238716,0.9444670368520498,96.4916911770828,9.108362520322716,0.9161456191559191,0.8563902331384191,0.9960292528862852,0.5629069783808773,0.20481755366616708,0.9489478495809076,0.8560664961529865,0.9287560577612454,0.6772606451362764,0.346250106915718,3.6706870759314967
77,0.028519309966675177,0.004139490843291699,0.01115913340866405,0.027188382363937044,0.11733007706988641,0.8363821097497146,96.42166133661466,6.375623727454732,0.9312104406646836,0.8585359517140747,0.9930057611710335,0.5037419150755079,0.45572192437243925,0.8883235979672118,0.8284816084042862,0.9472582338962061,0.6300163078465713,0.21692479182535634,3.8926373204158335
78,0.11666204776762783,0.002568588256437256,0.002804744259917053,0.1749617616476939,0.38380177813294086,0.9067639890383441,96.51185852485499,4.787987425736648,0.896603517368293,0.8886340088757121,0.9879744142635937,0.6011170169912563,0.5427525770539293,0.9248005530465719,0.8613654835545148,0.9164564578103875,0.6093401917880965,0.3267515718512107,3.8260608761163657
79,0.025998899797406827,0.0049808321233341364,-0.0021695511967718033,0.19273650208448712,0.643011043318952,0.7914159268990251,96.49455376746165,6.838554144243769,0.9140498756060356,0.9362366788049192,0.9926643158448569,0.5879150607551695,0.4545056983972616,0.927154607007546,0.8215885156298129,0.9428977574081724,0.6231821849070406,0.2047067416593134,3.923217258014241
80,0.25460627124600776,0.007770133577130318,0.0036609374505092718,0.1090453775908482,0.2575053223740654,0.9761289961810456,96.50151012778437,4.642459089967741,0.9019080033242672,0.8438750090430895,0.993621470345205,0.5946698276988708,0.3498426371301418,0.9311894494723656,1.019980664955711,0.8939717256725273,0.6837827661609116,0.3075758336366608,3.8696832385531597
81,0.03927079493191668,0.004639646658302073,0.013038911174134499,0.2896788402920639,0.3499866698373921,0.9039382899569924,96.50729935672936,3.5592978385682015,0.8896466970779939,0.9296211621664587,0.9911815571806448,0.6232217477469266,0.37461111662988233,0.9247031978752142,0.964832975556555,0.8965226234702821,0.6286821510266263,0.4300586971599881,3.9218447694051015
82,0.09534866121195959,0.006347514047317423,0.012140444323154287,0.23761623707511692,0.49694654938897886,0.9302697961117282,96.48350503562712,5.4395198579140915,0.9089486918054194,0.9272044143621792,0.989657312482156,0.5734131523691615,0.34810612769977545,0.8812164256342889,0.8786273988992468,0.9279612668672367,0.6821595817263938,0.28263477800799125,3.969847888715364
83,-0.04282637137080683,0.00047278351066244555,0.012001007433916622,0.20263921107340074,0.2195791295004878,0.9149903958495408,96.51820209225927,6.754328435670129,0.8898684259170271,0.8772068861291196,1.003360671571079,0.6278960396405716,0.5529765736903838,0.9462669082710753,0.8365615887372172,0.9333373747376476,0.6907181288530606,0.2613476190159194,4.086634747621103
84,-0.09031782129842997,0.002079233914592348,0.010876583109127905,0.2048734092572001,-0.1333371285467032,0.7480682034518904,96.53284843035108,6.570421099053085,0.9429877347228691,0.9015179649833805,0.991537325212313,0.5835895934865962,0.22363093324405403,0.9342907985030416,0.964659334365326,0.916057478736034,0.6278929962156738,0.20330159213236965,3.920866828440504
85,0.3423384826413465,0.0021358130709496397,0.00556783051988176,0.1864059023076513,0.665280925145451,0.4894273837208924,96.52283481791002,4.6148259041745785,0.8913010062836995,0.870692760424094,0.98814854325247,0.6096844562453574,0.29158596718395613,0.8831539542461893,0.8564745583304829,0.9006519025470837,0.6961753220852206,0.370039747830765,4.035115674472157
86,0.1492984286554403,-0.0006304200941678576,0.006108225860765239,0.11792341415902581,0.2811684322396791,0.9876682832697509,96.48411978635039,7.616709703800959,0.9206966920671007,0.877939610786596,0.993137369839592,0.5014324879040268,0.24911395973163156,0.9118037925706719,0.7658133444037524,0.909775932842358,0.6713721285194589,0.3893744990602036,4.0478935358403
87,0.22640649259773515,0.002654655618659977,-0.00035585990367527527,0.2470686878047511,0.12229987340322157,1.1222300048410607,96.41538657206658,8.474010409866398,0.9206307590669036,0.9128324130968323,0.9859566396607153,0.5679324659039576,0.5714469732935846,0.8629353951650531,0.9647642720152309,0.8495574409456597,0.6415090810051042,0.3207732301082606,3.7978566207553084
88,0.07189302324771023,0.004218526915263836,0.006280389056415799,0.09925200822113646,0.275268237067456,1.2544627155440338,96.50165780220743,8.058420384475735,0.931284290949009,0.9034295784925838,0.994412318545995,0.5631627327519813,0.0925266734787003,0.9285832223535121,0.7626764587384416,0.9384553489137915,0.5562528140948778,0.3339644597126847,3.9748371517008985
89,0.11317013989205832,0.008411869052076833,0.008341661298447963,0.11425294185354345,0.27807807628053766,1.3765834872377727,96.38989399509913,7.927566240770697,0.9269486976316278,0.9440366888131098,0.992425789949398,0.6512729404988443,0.37025790330622965,0.8905687030154277,0.8599629177173502,0.9057693105003144,0.5707880773185725,0.4195569921363179,4.002326442092809
90,0.008353564639558164,0.005256484254939245,0.010595840767881908,0.17040117057080212,0.47238845937042817,1.0066893546120237,96.39875529954206,8.172163478043872,0.8896872995668654,0.9298702023430564,0.9897157054608657,0.512775634906614,0.3443614836084604,0.9325378786413195,0.889758711742739,0.9135423173166758,0.6649615564064809,0.2419005183309768,3.79896561625146
91,0.2587442389433884,0.002008055571836813,0.010318147193823877,0.29878211408861705,0.29213876339470946,1.2579902488454069,96.50976842833313,4.5029606518389445,0.9427150043661191,0.8779920057413271,0.9921633149782446,0.5991028309890704,0.6493645482219573,0.9116593726339461,0.8888272863471606,0.8923340515582648,0.6216141665807877,0.27853118195478405,3.8734415662507784
92,0.2996218966970754,0.005818743937558367,0.017457360878653207,0.2097539725920517,0.28694027455749554,0.9809247438936557,96.26964925706184,9.701561738957695,0.9187967083199452,0.9228678850770156,0.9904982621337275,0.561775641531036,0.41809080348462346,0.9037344824187021,0.961942529156946,0.9514160548105395,0.7276575446961535,0.46334802709562933,3.8527044750947512
93,0.19523444219166378,0.006163160685415078,0.011111331850789793,0.027556062197295395,0.05348121261142541,0.9777134602233246,96.45902408439493,7.701665186092326,0.9359602632541567,0.9203412891939275,1.0004243941090678,0.5150764932445977,0.44270125382928244,0.9288521131481108,1.0525034915588374,0.9088219292319055,0.6251546243573399,0.31268231766073323,3.825002032330301
94,0.10994967631147065,0.0027226259146497706,0.006716973557958509,0.11436240983999413,0.08832776674984236,1.1954274676369174,96.51061392034244,4.539217059930595,0.8834228403953128,0.904750900794762,0.9869956556329934,0.620448896276273,0.4293468378341287,0.8867360397597563,1.0940623146185886,0.8726608049257301,0.6592459772226752,0.3256255227274555,3.8645546341188943
95,0.2107574871765019,0.006905059927728194,0.004395354530668578,0.22385241239985748,0.26888396879516596,0.9648752766183372,96.50842033984988,5.220542207428996,0.9124552081012516,0.8932079106530281,0.9921277593336609,0.6553110394398697,0.4403064170820322,0.933254581178419,0.7682128699033933,0.9330127554945623,0.6578649131336567,0.4464541043534051,3.7807380660862773
96,0.060644732096071685,0.0043331520997882764,0.013015292160804565,0.23056615463338465,0.15069336031920885,0.990540803394865,96.49995003700437,5.931992380085965,0.9231807142317658,0.931259790969198,0.9937737567608603,0.5677631478329871,0.24760534052285427,0.910035946869184,0.7881492737073935,0.9011991313730126,0.5748289500905149,0.2952807174572501,3.956393107454047
97,0.06966790293001966,-0.0012851955277217897,0.0015672279040272906,0.2716570514548911,0.12536830081869188,0.7907462650731779,96.18918235893197,4.691622416996348,0.9064083734247669,0.8794763734155283,0.9875959899299562,0.6121491901344069,0.34246918029984713,0.8911548332445787,1.0035870434095604,0.9417507751007543,0.6579886761360794,0.3991795049456481,3.7586221831363362
98,0.26265621348355156,0.008203192066060197,0.008425728306102215,0.25232567345821866,0.16164393927815032,0.745739154717768,96.49440609303859,8.191929737069113,0.8907954283763186,0.8693316222228173,1.003193136418438,0.642935709555012,0.6617604246311801,0.9235366785930981,0.758056520259272,0.9370544477972051,0.7569784046773564,0.29052234860234727,4.0044554019581495
99,0.12164825852341377,0.0038369524149895026,0.010855189727504242,0.25075480064606914,0.16128568222214643,1.294969152729688,96.52844169131744,7.600853413951042,0.9515211322908004,0.9341075971976986,0.9975590501099133,0.7038488623478167,0.39400399636213723,0.9340872095264993,0.8480457431344869,0.968914674112573,0.5852488740369106,0.25335326830871296,3.979585455296057
100,-0.04617782260536829,0.00046315307604040314,-0.00023494763322589804,0.14438835919478532,0.12186340299048429,0.8544448900209165,96.50745346393978,8.815968616559358,0.8959897610831519,0.9335661028661791,0.9913793822123766,0.5163444546308529,0.6623734370102585,0.9261211628056162,0.7437795787390129,0.953473839678868,0.5858338999565732,0.33402529118597746,3.823186741188425
101,0.12461815030732087,0.004411679625610422,0.010578800054321883,0.14131683270761453,0.5190850859523857,1.0866473314746725,96.5049228613264,8.338610500102853,0.9011721617594921,0.8845351385898329,1.006677917630733,0.584764917354014,0.3824023953075592,0.9264002317727094,0.7376278976384912,0.9254354190087086,0.6169578425717188,0.26713919781835654,3.72985815021369
102,0.1386545388735154,0.0008162032845284027,0.005824302575768351,0.08516881483919209,0.46590509056537277,1.0433852604343237,96.53022273435923,6.410952189995377,0.9086812782017339,0.8911588815680248,0.9899951759297675,0.6595584240040984,0.39324210471162296,0.8871980303973644,0.8473102115256522,0.9166726144163271,0.6606648670333695,0.4065597090493367,3.983990957764629
103,0.028523922279714453,-0.0009638362446580937,-0.00023431128618043532,0.21544804197137343,-0.034135188730105404,1.2295739025783403,96.53165388970545,5.024362779924833,0.9148226996747842,0.8799822614584266,1.000858510659788,0.4789093000174802,0.5203160015452069,0.8730807891172595,0.9524424808296135,0.9071435260494843,0.6334138386800364,0.3891359299232158,3.9160124223213577
104,0.13862604536790749,0.0009685193566650722,0.00126802901096553,0.2665695826356096,0.19857968074303206,0.7704668433567894,96.4849496159209,5.615104794986519,0.9292546215306581,0.9219559284315533,1.0004612930030934,0.5674211356791143,0.49083289839388317,0.8575475264132423,0.8579447323675734,0.9068819854246107,0.7002865249960512,0.39603235129586856,3.9135778416458242
105,0.095866278806419,0.0009316073182172031,0.00330674700159511,0.016686662247058948,0.22780361182211017,1.0686688512607745,96.48925482878869,4.334258185750933,0.9099320059577466,0.8488582918839165,0.9989860234239473,0.5775396885866023,0.5615736305717605,0.9167990550268619,0.9097859320768494,0.8943954763331468,0.6162891366087213,0.39337868766011125,3.7028835091007894
106,-0.034423225735179,0.003194206495020613,0.014062835179330869,0.12705034581431957,0.4116890983373408,0.7241800209148475,96.5123678338027,5.29866711187203,0.9119691036822268,0.913649452033079,0.994191177789415,0.5780807668094877,0.3456381047807373,0.8900761581351955,1.0108041277719795,0.9064037123777571,0.6021635086332153,0.27310829238587564,4.051423197639253
107,0.2541571459910961,0.004359443376900959,0.012096672510962386,0.183181105325462,0.6016314715115227,1.4108004823657636,96.51374165343543,7.536517672310486,0.881744144004384,0.8610488284386926,1.0023831466023303,0.6284583806374003,0.5200960109676781,0.9480736499190866,0.7778873840652334,0.9228597258702776,0.5814621972599849,0.2833122907295224,3.8339644223401685
108,0.10765999888379013,0.005270395771644786,0.009894224732123601,-0.016778400249403164,0.22015523180391458,1.1846745582484446,96.52885031315853,8.964424403386777,0.915389318093888,0.8746305073356394,0.9941849363345293,0.5043962015539221,0.29605082021207546,0.8689085297207404,0.9121977591029637,0.8732900897073006,0.7266815209952593,0.30120819822149686,4.047904382272011
109,0.17098463764397165,0.00806368676851702,0.008178667865983886,0.08342045741520544,0.4195007825267737,0.42963626982255443,96.49470731529927,9.376747522735393,0.8957701417658207,0.9032064916549062,0.9937149427695279,0.5610009349215375,0.4750039849959064,0.9123485925389021,0.9214043527414977,0.9532622768104161,0.717839160378162,0.33756041971528966,3.923715728901719
110,0.06450989114980099,0.002056020797617392,0.0011351862510262673,0.18422214569644335,0.4131565049875058,0.9532342630969042,96.51376402834802,6.523765650123163,0.8941208610531526,0.8822671531696622,0.9892330510943569,0.621095727959933,0.6040161933099796,0.9107599265327474,0.8486326991223564,0.9220920795672088,0.6995385532310939,0.4253750550070186,3.7427011423184062
111,0.07546659859102353,0.0014794098191120066,0.011841916149828434,0.0426057663760029,0.5580120995975348,0.6634149341008466,96.32102401416213,6.242994453989867,0.8963201651132002,0.8573404673737458,0.9879554607790912,0.526660810427521,0.5232102247708479,0.906152959413716,0.925685983108324,0.9513672693427855,0.6073283933420826,0.34712696116238767,3.9999498046546287
112,0.23787184245914755,0.0043961649384912605,-0.0010613204796325578,0.1437481058655501,0.5893563792679248,1.179998350115938,96.51190663091704,5.309425885073004,0.8985489049716716,0.9040884026796413,1.0034805874809263,0.5383859077599387,0.5609784552665358,0.8810861051119574,1.0336390953337746,0.9099369487621738,0.6499494737986429,0.2962763109018789,3.998704968030557
113,-0.018966967654051814,0.0008207761409212088,0.011721343535833317,-0.051014621110586855,0.3790061339196976,1.0073034294647667,96.43611441139902,6.094824563827586,0.910779041409707,0.9304220737436468,0.9970531241807195,0.5528864258572311,0.3573373970254128,0.8595472379503963,0.8074013168106992,0.890407084054378,0.6322802202106225,0.33197761078504495,3.8359837706696607
114,0.3738841584032911,0.003505419782375503,0.01272629743408235,0.3430876961564018,-0.11480383333840893,0.491838027813355,96.35257907369451,7.8722738317882035,0.9082230577410151,0.8404138606718136,0.9931869716363874,0.6075715879907884,0.1929047098599581,0.8615913472978934,0.9353901521595437,0.887328251798138,0.7082975791636689,0.36697707504589383,3.9109823917881075
115,0.18797486510199177,0.00011348603772919552,0.012629728264823451,0.21256054457366946,0.650264456964023,0.8579640766212875,96.41376886588667,5.568975127371957,0.925602110841485,0.8830798841289705,0.986596282077628,0.6603572191592407,0.1923803927497819,0.947014864713135,0.8725193324646491,0.8943220179512925,0.743320884769694,0.29066107586480716,4.109036905101598
116,0.2559925207661156,0.0009987125857355518,0.01600844252654139,0.0999788145753832,0.5846044813582324,0.9913029118312952,96.51748050132841,8.651928418739688,0.9295523952994852,0.8785354816237245,0.999512116086762,0.6864373813519902,0.43178623985908476,0.9279337361333992,0.9055817760496964,0.9010975215786768,0.6089503094761333,0.36777711643113453,3.9113769937517184
117,0.17595991626968313,-0.0009127122090264697,0.003801090286707112,0.10592458060072382,0.3993558224464958,0.6707529338527991,96.48436535101602,6.266877407005595,0.8968789871626166,0.894604138422721,1.0028945169738581,0.5475992386568941,0.6356792951335587,0.8835062916674933,0.8763351747281255,0.8824884527294522,0.6286430718906391,0.3150548505991261,3.7831642685885982
118,0.2953801672288711,0.00452530365953605,0.008435541596156015,0.15695930784585832,0.5270792797911342,0.5129416470355868,96.53007505993617,7.60760236758999,0.9340193222067943,0.9260123669222962,0.9939071690203435,0.6611301857893636,0.37929907817667585,0.9297668328897143,0.9123513274011699,0.9112815960853362,0.6850822938130183,0.35033265697934685,3.9470906583441994
119,0.17851189672898887,0.0006650759574002986,0.0018959809790597883,0.22548713553195127,0.613982109438157,0.7787990796290418,96.37648415061405,8.438802400559075,0.9490065762311248,0.9128759289970317,0.9889703201135076,0.5388309990036885,0.30633546676884593,0.8659564837593646,0.9051217568638911,0.9734869083770401,0.5865947016029374,0.2673056280287854,3.9887091903231524
120,0.18395716244893934,-0.00027563241672830556,0.008076164884900911,0.09636990224788039,0.4070643536320738,1.4185750421680665,96.49270168407241,6.535068377833743,0.9023152331012032,0.9171411674858394,0.996236120235433,0.59421730482243,0.4667976025932729,0.9390286519368535,0.8844985950674042,0.8961791298255445,0.6395348492616566,0.3332253935660353,3.995526424694046
121,0.1575996185004328,0.001194015955103967,0.015317796580165622,0.20043767672426813,0.38224269567971064,0.4851818718513825,96.4926323218434,6.420616620518204,0.9100813654725268,0.884127680709149,0.9934401499078864,0.6691977289688049,0.5482456219581797,0.8711339989717464,0.7941490985408636,0.8857389258268461,0.6886334200011673,0.4466582260747213,3.9022580931217696
122,0.20875636440155704,0.001276128775402658,-0.002597961555936278,0.23987960840523953,0.5365831642375521,0.5980174120023692,96.5260766630572,4.254603130142372,0.9184558901709293,0.8606661165375048,0.9954644307259972,0.54591516911192,0.36344462152145596,0.8787164474045508,0.9090899528694404,0.9449319559743973,0.7235799527401101,0.2914680711150333,3.8357531492845087
123,0.30144261999645805,0.0024178059994902808,-0.001474755200297123,0.24302235394284474,0.12028995409518439,0.8652142493884873,96.3776216352326,6.111999496413226,0.9115412841106334,0.9441914488847816,0.9819713806253844,0.6394190078623613,0.38718706300720096,0.9186303341694956,0.9510834830481005,0.9192403406910168,0.5748732830470598,0.2721207779259603,3.85357787792455
124,0.1517363835474253,-4.52203623850303e-05,0.004032878001996117,0.3223230460300217,0.24732954309546687,0.9645931819258099,96.52049104581673,7.513432493002944,0.9107747836736817,0.943297897433777,0.9966989920464283,0.7043996358713667,0.49142466234261173,0.9450780763741543,0.868674002929503,0.860835606128993,0.6989632132367509,0.43494041664106853,3.8584691427912015
125,-0.039072742729951926,0.008804058901743518,0.009211721269069079,-0.029031265836828662,0.6231561417926879,0.6726618021934962,96.50102906716378,9.83508901496797,0.9405668240924709,0.9418199069876104,0.9990268949499008,0.7133113040582595,0.345605126185044,0.9030707639295723,0.8239696910238022,0.9417572582274869,0.6329972267868685,0.3114600329055782,3.8192617799690147
126,-0.058039225576621334,0.002061212380257233,0.009314129951389452,0.07438109249207844,0.5462761964980669,1.0854795181936712,96.50770462233356,4.930654433322894,0.8875726580571817,0.8828354908788035,1.0021080510008817,0.5624905177068562,0.4117718884783963,0.9304007942639565,0.8769442203996448,0.8942345359401738,0.6303177703632195,0.3268108883195364,4.023801038458883
127,0.1857786506490219,0.0035509339936601516,0.016212949180151412,0.04136811692517635,0.179877453546897,0.9163115560953435,96.51191949649177,7.45228288092423,0.9273987516277384,0.8535607135905677,0.9988434546142527,0.5246283653755284,0.550126498189834,0.8948842342294656,0.9335533237937591,0.8873376853444396,0.6427187349806874,0.2512733844808997,4.051083412307381
128,0.25771576440757793,0.0021563542176267414,0.008854054881833733,0.02829405226658316,0.5328630445221022,1.3902678359135874,96.50982352655537,6.597427385334924,0.9042783218048799,0.9024017532668421,0.9985019480171637,0.6055141810138938,0.17475003807160774,0.914291036481768,0.7425021274215371,0.8892395657547656,0.6245817554648458,0.4349754578699299,3.7857133277885695
129,0.17785691518686728,-0.0006846929393213778,0.011277174202644596,0.07282015575539426,0.2272173307039289,1.2674305137327648,96.37902985629341,6.911397695910494,0.8863199705199105,0.8878474508391897,0.9959955237233473,0.5703728977044401,0.4232357957141805,0.9099749741393147,0.8974920962983766,0.9052349115112978,0.6162712613129367,0.39541743586053657,3.9284802413070867
130,0.2387672980905398,0.0028940153792717015,0.009042350402244877,0.3060014341094679,0.3533295663117493,0.7892840939945476,96.52438539935217,9.194595712140945,0.884900954238489,0.8708692535579659,0.9957260481660787,0.7034570551478082,0.6195385360315269,0.8783049925768863,0.849333341149695,0.9177920318624703,0.6676367990556518,0.36178022515566916,4.087729576704042
131,0.30282465429007965,0.003296327591516393,0.0069235081155037,0.29024275536380617,0.28629395322882295,0.9889637745700377,96.50479532432468,4.609674375066607,0.916482203945261,0.8544127543950123,0.9955752244994077,0.520914426851923,0.4997549756510008,0.9378715891191504,0.8956332539906346,0.882800600298075,0.7305392742036798,0.40564799328042883,3.918892617084643
132,0.2624295381519994,-0.0004575160502834799,0.007750157837323929,0.15568700599403773,0.1541680363291206,1.239830705264076,96.46457641895293,4.110639339122769,0.8973387359818685,0.8985924788791085,0.9945954051917847,0.6343642728677736,0.5228436941838285,0.9320365259057061,0.9786427028784029,0.8886309972552721,0.670162860591514,0.4798859244519298,3.9720198171370993
133,0.17962985319227304,0.003907867513786539,0.007897154230962013,0.22352018895184061,0.3037899207711838,1.2232882470992261,96.42641740397104,7.233825796706252,0.9390072731158252,0.8746551321347664,1.0004744539819903,0.6573689785792876,0.31008025918000864,0.9120091225809384,0.8820735535809261,0.8950087238423696,0.5839938837778872,0.31097490706286707,4.0120871616335005
134,0.27288848232641494,0.004086966732166391,0.004522770928240062,0.27348292017655834,0.6711071244998795,1.0933262069079408,96.5280576818802,4.8830074515846364,0.8794522221910753,0.8970676630346405,0.9923591127376952,0.5298155286186066,0.3896245239767593,0.9020409073826074,0.8475576439486938,0.919598917777168,0.6541527274242448,0.38152597012040856,3.937080227524723
135,0.1506941611624288,0.007235759518217661,0.01032467619591933,0.19037705800292468,0.23848034654274827,1.3765297827351475,96.4180374398351,7.234913009376495,0.8931040081368607,0.8526095976125059,0.9858603847256945,0.6818175960070764,0.2780382517351639,0.883925815237922,0.919818540411611,0.9380803069759083,0.7016507359719777,0.2648256453750373,3.984728688942003
136,0.13926611580087678,0.0016820534300762634,0.014542769749199172,0.04825353796760547,0.02340912082533464,1.2315889249439689,96.53398507591041,9.877632909265547,0.9034039962537986,0.8893826651963208,0.9818607006922168,0.7159669193341152,0.14960587729511599,0.9091612294949439,0.9024814812408194,0.9294851939017067,0.6619849574285727,0.332077004174348,4.105722329434043
137,0.022592721890469986,0.002219360762004908,0.004342779239272742,-0.017836722905770097,0.2204247510430014,1.1414405295269525,96.3150345297495,7.35339769444316,0.9113450230449991,0.8587554511387695,0.99371257050897,0.5503763994011447,0.37589286450993714,0.8929421398276922,0.9069414165151557,0.8934982515494932,0.6294840305234853,0.3559274304640322,3.918878422425515
138,0.364914808069841,0.000548503649964957,-0.0009615528410733638,-0.02863009341182915,0.28398274130178447,0.7023602406821828,96.48671835276075,5.31171027299824,0.8928567313339714,0.908539928283454,0.9870909443653081,0.5727169595043529,0.46136478522020696,0.9215002562488814,0.7527067939909734,0.9517250326881143,0.6913674272386452,0.2824588655385216,4.0493843639733065
139,0.1819782357941393,0.00014731397466731305,0.0032298955453007126,0.11016180556976313,0.356227240453848,1.0096593088126102,96.2989240333154,7.765131036492518,0.9102807257203792,0.9110547652264641,0.9908576570893671,0.6932765849612476,0.34065379695396947,0.8921114085740064,0.9401946673168977,0.9131462046078243,0.6200067455927634,0.3953515413484679,3.9137220479103805
140,0.2839216543833657,0.006204112621537543,0.01148790728821971,0.022832895125878563,0.5122037463177828,1.22390941908205,96.39571119268484,7.536515129122954,0.9084213419470749,0.871435130920443,0.9839179022276203,0.6463197389501167,0.7020939049303934,0.8806128943503158,0.7988544198680185,0.905892928222784,0.6715544839269874,0.15278636662809855,4.010870831656875
141,0.27559017777971,0.0004477069205886504,0.005242273652788343,0.0806848927906645,0.730920410181183,0.9013856653971237,96.47791270591287,5.258279719498043,0.8809095936939352,0.8785489157564853,0.9946309103933642,0.6583022357250482,0.20804587057301258,0.9209915854861449,0.7460614168865808,0.8810251323318103,0.6064680449952101,0.2431876302971252,3.8872552740691204
142,0.27869844913650155,0.005117238613001165,0.003222872661916242,0.15413259008838484,0.37665821769542907,1.0437212705959955,96.41141502508272,4.531632548082976,0.9301063482694629,0.8948653985581115,1.0000695951588245,0.5254137604297638,0.30384121703152767,0.9026146566051918,0.9145461531339258,0.9081542908232,0.6422358945807363,0.3750139646548156,3.6590320635948794
143,0.3525677173356763,0.0049675370975079385,0.0086437024964189,0.00038822849710565266,0.14217031124839274,0.563021593398352,96.416121587945,6.901674666108267,0.9323282116753134,0.8557263401157726,0.9842470894785054,0.6153032530085849,0.33894696439051375,0.9464569008243059,0.7556451916045304,0.8845296996555557,0.6477115610359354,0.35344760720224555,3.865273755583207
144,0.14739640442974747,-0.0013825234370434115,0.0023310632583484073,0.3224189115922179,0.28038721263862415,1.0139469923483637,96.42843701951826,5.4351960757959406,0.8938120567919039,0.9045145807052289,1.0035356348650004,0.672949151619534,0.6822102493317733,0.8738739184516534,0.8279178464049788,0.9042492561199365,0.6141523738475183,0.3066274608419488,3.922229000772046
145,0.4374666754481828,0.0031044443641298903,-0.001918771665467815,-0.04714364141459956,0.6263114414260279,1.2909733819437004,96.49521103051885,6.195777725085273,0.9236074296126848,0.9044842553919138,0.9993568819612055,0.6812252618332937,0.6564061039253173,0.8658372557278046,0.8875874918720088,0.9535873053602623,0.687307647064122,0.4545416524780792,3.691486899094007
146,0.0909170174634796,0.0026965082903114973,0.006288319763259407,0.22625887042326373,0.25207256943914336,0.46947566333095875,96.50945322175208,7.07804163334701,0.8958365321127991,0.8604089557947499,0.990113435267803,0.5855093952114288,0.5540674081317408,0.9058643047535321,0.9650042718925483,0.922053992111286,0.6653506090633655,0.27728548689595567,3.8709625916864785
147,0.03752843004566911,0.004333768884794947,0.009608672249440488,0.229290688641485,0.43362773662753257,1.2467750306724483,96.52060907348061,4.850029696639352,0.9115612926453905,0.9028123313198189,0.9896401621224219,0.5337798117592566,0.27944299546106516,0.9010285592184352,0.8522384267602021,0.9248884000134036,0.6172496429808965,0.31320915419202666,3.996261722377126
148,0.016333976003492373,0.001007877357972014,0.006261751030362657,0.2064755901657049,0.2932599274910487,0.5723770822013882,96.51475327917069,7.686923054590082,0.9314175607176964,0.875986390634648,0.9907550153241619,0.5660795528278426,0.446692582846361,0.916364961539423,0.8081306886927832,0.943158098435329,0.7180430411668566,0.41539487423059285,3.8489657283351493
149,0.252999959412712,0.0033056553691179946,0.008134480245998863,-0.02380521443825509,0.1977224889413439,0.7519436259527845,96.37529604275578,7.354920094941921,0.9369441980361263,0.9400013362991725,1.001026543045674,0.5834945781842549,0.24974070781834137,0.8805944060921618,0.996376979271226,0.9283754585095415,0.629829176960289,0.34884005439621324,3.9527986755971396
150,0.37835439591021547,0.0034142653409525545,0.015184058773458076,-0.06165618495867464,0.3767102683519838,0.7809635312030229,96.50116583381697,4.240965831966848,0.8861536201078923,0.9307423170163822,0.9872879659727962,0.624788567538822,0.25278661710731803,0.9454579663358201,0.8091294464361473,0.9225162236983158,0.6833187051426022,0.32529510104267484,3.7704486612191297
151,0.3200291317386853,0.0010363126468289166,0.0039032459227077015,0.12401075574740587,0.1498873683545574,0.95000818742794,96.53415372681403,6.986357391536748,0.904706314042295,0.909068566237029,0.9883477945585106,0.6321641299593721,0.4071278356521568,0.8903755834472776,0.8825770198149455,0.8873789875638812,0.5705683259030633,0.2785475805748193,3.8750211191511967
152,0.1276855853848139,0.003509861413860953,0.0011668254080358003,0.11825005250569313,0.24569391347372602,1.0733787923987577,96.51665262956276,7.181984008789003,0.9224968492387591,0.8968364580010817,1.0006560236738293,0.6017586987879068,0.2434040712100984,0.8884400784027314,0.9821934519074048,0.9159167697915342,0.620572514781391,0.3518720520418341,3.8691529475550226
153,0.27202608160513747,0.0009016392730289875,0.004074181086151301,0.2218801239405529,0.5479387155616581,0.8765352699755123,96.52029218878113,6.451332361533333,0.9099413210128119,0.8465924785255708,0.9941268618467983,0.639639212421076,0.6918937555459674,0.8543770280018114,0.8079867203179616,0.9399100275788064,0.7717005586240213,0.3805600985885939,3.925202009442263
154,0.08036339869128123,0.001999560939304309,-0.001277300375495105,0.2860586676795822,0.20939051259614097,0.8567134454580145,96.4134567358561,6.686162623329236,0.8902288879228464,0.9040212657922728,0.9946863687799709,0.5930240672176709,0.4619938612836562,0.90319978201248,1.005677406558648,0.8752900234503886,0.6609836967316869,0.27574394160465493,4.014376732122256
155,-0.007692702969161275,-0.0027369835469946533,0.011157167381225082,0.22754808297106557,0.127900481507532,0.6727966260274441,96.48484025853564,6.443959539771772,0.9406547337275971,0.8810889463649032,1.0010760816087942,0.5888032287081061,0.38564867020117766,0.8882413510931695,0.7827054448847899,0.9101481851597569,0.5873601040638284,0.4027304578151345,3.8438469773800126
156,-0.02360970363230344,0.00610785345327469,0.00802454247458639,0.16300785437440066,0.317302453562906,1.04682617845608,96.53220319380941,6.34462452699585,0.9077379288838825,0.9501219794129614,0.9986870836564765,0.5415624457443392,0.33456725340364174,0.9307697564977891,1.0077181907196642,0.9014485755212882,0.6142643812527715,0.3242703035137734,3.8625928401022223
157,0.25806395840606966,0.0027533741619880556,0.010371259784644028,0.15789695290207809,0.2504724216501144,0.6539699738560876,96.50109283566465,5.426587264893471,0.908278269015907,0.8790215612686727,0.9960553783060964,0.641775879977964,0.5100313936805705,0.8903714307250526,0.8037896660828698,0.8756143722586496,0.6675816091295377,0.33911986222359675,3.9754849131177976
158,0.3993221338940141,0.0014842800970588164,0.00783239246398693,-0.002520996746493559,-0.11656481703580274,1.2140857793447664,96.50115492604708,8.177353397173171,0.9546327154939607,0.845186070419729,0.9941999634428808,0.570366561467856,0.37532630203793316,0.9028753057719715,0.8627507516025595,0.8876713081180923,0.6579784488508968,0.25528784917432285,3.8648877099593557
159,0.10830319764607797,0.0034185878067510933,0.007369378953403446,0.11954277826240839,0.3011379229805852,1.2433435250030862,96.48995488386619,5.207464410510674,0.9122751461609133,0.9050571523272676,0.9992071571800066,0.627012597878368,0.4426699518927366,0.8753381666837692,1.0242584553531835,0.8782674085386398,0.6506708424837061,0.3990151187027251,3.8848441415777257
160,0.1798249957788305,0.002402656794988807,0.0010397617828136144,0.029302793636131072,0.5579692395643153,0.7093399219154102,96.518995003224,8.359941303877399,0.9113597291429615,0.9055116373760118,0.9844836625885317,0.6179330374997074,0.6322620316381691,0.8715637912182553,0.8580699454859151,0.8533714490534358,0.6373353780732922,0.2622810495955773,3.7611400240809343
161,0.11466267115534576,0.005411456649799923,0.007828466853988452,0.17289992689812325,0.3958269421431244,1.219624699896361,96.4590730295162,6.81238421470121,0.8953650284752587,0.9088380236956597,0.988589520575168,0.6157388127808969,0.5422052123291641,0.8543050010711492,0.8931520253895514,0.9426402376740471,0.6284298247327675,0.32312142764453705,3.8609119452010288
162,0.058989665161256005,-1.2243260694129801e-06,0.01240491368297222,0.0761425478795525,0.4974726040067996,0.9501568890722711,96.53076812285349,4.38846610690697,0.9147005134074092,0.8958448417066773,0.9874460097278901,0.6319350537655544,0.6481156177203701,0.9264111745844736,1.002619256399416,0.9051563290861677,0.6223830801896071,0.31150538616927986,4.031918210717508
163,0.05501777127840836,0.003430967596570969,0.01139066287650248,0.10274300284434046,0.2141766870108947,1.1893199977255389,96.48935775338657,7.238390757775423,0.8907430741645683,0.8403998475990984,0.9931195313720185,0.5629604590196909,0.26343662703839366,0.892191392858404,0.7924512512507679,0.9249684328851067,0.6414402593299952,0.25561632162824144,3.9583781044042614
164,0.1001914931769753,0.00567809860249213,0.0044801949238578295,0.30950336472144335,0.5319675038031806,0.850733458827596,96.5259692634768,7.474330681926753,0.9021258559365193,0.931019852653092,0.9950901190347013,0.6024204982486971,0.3926638298081705,0.9539975598065219,0.8137889821343121,0.9380835521937992,0.5961480369259844,0.3342095842347543,3.8627037466046783
165,0.027840159598776643,0.0068537349443061266,0.004649689826344587,0.1311881199464254,0.28720450712481654,0.8644413870689772,96.41685996006031,8.800129402397161,0.9037173608273695,0.9029398628439913,0.9964743862938085,0.5958374037855593,0.17381260504486806,0.8739072771451346,0.902178509092964,0.8759408821091547,0.6474347423019735,0.14197665382822866,4.056584778093967
166,0.048828556265040304,0.0019610041408386503,0.011114078952391884,0.2820462768207162,0.4029765203561854,1.0086191897790882,96.53329676766201,6.535829229908639,0.9262642669525006,0.8675654583404914,1.0038218161508012,0.6181859062167038,0.47142365350104537,0.8995699779031527,0.8289362306583736,0.9019980802024441,0.6212811354899166,0.40673406510318266,3.9597433729227403
167,0.3842369786509776,-0.0016782992898218218,0.004979960048615184,0.3617993891418886,0.2973520109870944,1.287127581305858,96.5296717521368,7.249357527385325,0.9120686645361484,0.9134616052763543,0.9969221464013753,0.6480140043222903,0.44553168984739505,0.9567148765960285,0.8601576769473225,0.8755873214671757,0.6272698696766598,0.42335038330452335,3.813242840364741
168,0.08533780884924708,0.006278380713047526,0.00433350404011968,0.09989619110832218,0.43053423662439105,1.2334366454504921,96.5285166472746,5.685735894603934,0.9305056979071868,0.8696360486426723,0.9964874070005899,0.6344934832842759,0.3677064375755033,0.8845351132247334,0.7854849373239658,0.8888085900989092,0.6841258166269905,0.2599322746541071,3.8528160073528825
169,0.2855724857282822,0.005206045888934493,0.004796956000375436,0.30802832143857806,0.038561755580456825,0.9193040201530562,96.53064366240223,6.820197583150733,0.9544484488506709,0.8510022730471398,0.99862847817598,0.6184355028685883,0.4372453565981824,0.9320574763255146,0.8064820044837143,0.8654158949657931,0.6161796062597793,0.3031187640315795,3.7607076182180164
170,0.12230396042126943,0.009254756088878479,0.0052271105474438395,-0.019110756589420408,0.07196817360680155,0.8508284965397863,96.4917451565594,9.18568971160965,0.9035180319205401,0.9014424918347231,0.9839676988286246,0.6791824808518662,0.33190384165571973,0.9486152280176777,0.9838212977393639,0.9346242278852451,0.6583437848844939,0.4070245647662819,3.8407362155506446
171,0.1124958971066872,0.0038983510240913374,-0.004377721576297328,0.0347428805315832,0.3045910437882029,0.5843428002428241,96.52223572962555,4.990881473848067,0.9048425229024808,0.9249833944828884,0.9855409898293206,0.5697556004758987,0.2336948605214355,0.9419173175409175,0.9673750137563605,0.9111370450172525,0.5974755723838666,0.31110395673300006,3.8806572288205077
172,0.3188403767793338,0.0004586242210958555,0.004741973263831767,0.1293463528283965,0.5271329345969885,0.878471964259149,96.19858429720024,5.807707955850902,0.9155963257448365,0.9167379929904786,0.9917603044888172,0.6597334975652899,0.2747165449138032,0.9161081286071776,0.9352772943487587,0.9540907039493215,0.6697184830407034,0.20652633528872372,3.8975964116028603
173,-0.04475490876019558,0.00637642958727537,0.009938959205784066,0.22968392481763142,0.19152889508379622,0.351964023235424,96.50651483635684,6.75658831513932,0.9305212554362764,0.8680874156706821,0.9835323381479842,0.5876714156236499,0.4687544443816865,0.8561806298715771,1.0026898386932532,0.9113175693987479,0.7382951915712395,0.3133169797286243,4.062693665731088
174,0.16726759378359968,0.005641111973353898,0.0073301941039637785,-0.02617666648771899,0.4088054937367508,0.7101363151159055,96.22401002911634,8.246619047293844,0.9194425171854747,0.9271729845001689,0.9982586041605472,0.562875333353373,0.4384881672938813,0.9542382993447297,0.9283292659903083,0.8600491036968949,0.6294193174273541,0.3092164222800158,4.100948369856184
175,0.3077664677147228,0.0030052525699311716,0.011318643949121212,0.08727077223619947,0.44357028057440595,0.9378864448119891,96.4077818986517,4.839582040046548,0.9032045017425511,0.8834683119511414,0.9858519835774633,0.6112532758836781,0.237306861528117,0.8936697584896011,0.8680172910837778,0.9056444902298606,0.7196562637859689,0.2917671560667236,3.912745762591008
176,0.0759250604707851,0.0023963810590182126,-0.0005302461304667111,0.18632133756745992,0.14243671524726517,1.2199611211722752,96.51937034238263,7.746019587704871,0.9019730997899963,0.9269472725816335,0.9973172086828026,0.49666592061062903,0.3202565742097842,0.9147051396996194,0.8855128529671763,0.8664617443943424,0.6574644254281559,0.3052397834867808,3.934551066486132
177,0.0939953087855159,0.0016346401048138149,0.014155973411356729,0.08461724103978666,0.552215944807336,0.9428452726444484,96.44609362241198,6.1167611003755535,0.934666200923297,0.9104221077031819,0.9879650118446275,0.5663029774782593,0.1843496855336712,0.9334641990861379,0.8882525140155566,0.9030115881537266,0.6473761382360458,0.32713279171504317,3.852351305544261
178,0.11063707895247807,0.0069843830091469265,0.01578964949732932,0.03393251835867918,0.42134839914904787,0.8096563734357616,96.5153389425076,7.432146285352554,0.9001311066087059,0.9263650403135854,0.9942659273865784,0.594364696593434,0.5935377700965825,0.8639719907482523,0.9666820337407017,0.8703938082664756,0.7495997382224293,0.32815276040977875,3.9860076727056524
179,0.21667738332611755,0.008080991808681296,0.003593793565631945,0.28170327953203156,0.6003652039130365,0.6610038572565498,96.47241938518683,6.985370180633416,0.933665410087874,0.8717639154833559,0.9863263744508394,0.6388823394703225,0.3476194064466372,0.8795204673371018,1.0002123019394564,0.9130513751748928,0.6178207453829121,0.4378642277741789,3.8966101826347046
180,0.054237282385830365,-0.0024730129763456455,0.011058640325427584,0.2995748381511302,0.512420581217028,1.4152776030169423,96.4771720963063,5.993120556726903,0.9111541586326919,0.9520956183089733,0.9988422031566849,0.6494612378173734,0.2100066589591118,0.8947170543813666,0.8654495025012465,0.9132813598930278,0.7005431107152656,0.28151763412874975,3.8384302841582865
181,0.1417877783200432,0.006386497918663236,0.01650270281969686,0.03779122884815346,0.05418143707474468,0.879160834857037,96.52999283213241,6.401700073751294,0.9014614873814295,0.8564119756817237,0.9994375201085013,0.5291708504418883,0.27899833255777273,0.8794854911821002,0.9191743936196677,0.8729107695392249,0.7169708568696747,0.33911839800528404,3.9196353021611166
182,0.22429122271134838,0.0006548189139188323,-0.0036580786473538124,0.20179385643889636,0.34712565626754577,0.5387851105475457,96.38710440287258,4.822032592820672,0.9284066820256058,0.8975596298530252,0.9860591832877802,0.6285765116787344,0.5423073337686243,0.9335419811166146,0.9626703019481506,0.8910660618487457,0.6214717159946836,0.3926545168485273,3.9726825966902135
183,0.10626569054299669,0.0012341464524249866,0.008446127367200327,0.15837056161431823,0.09660588615191237,1.4899368149583907,96.49585319051003,8.427142006825662,0.9503395648865102,0.8662011451542853,1.0021212952009217,0.5192934620654526,0.3043058386273642,0.8938068319717954,0.7499115257673372,0.8723778034093814,0.6673524188988937,0.2411536201008877,3.9108208121125014
184,0.29420420049286905,0.008863542741940523,0.0017594915480277267,0.21430935240905524,0.1322381898406149,1.1478339618503766,96.11028506091995,5.547623372576309,0.9086593688919654,0.8576289133916646,0.9973123870905338,0.649606989336513,0.6637382633510714,0.8606333134683715,0.9763738152157146,0.8902742591377274,0.6913540852734815,0.29539448581374433,3.8595848434332387
185,0.07586837891076394,0.006817649521300675,0.019352283884714574,-0.008978103573010071,0.09332962834376238,1.1089601350532559,96.5182068469282,7.354877163514285,0.9064643968577755,0.835172013884739,1.0009125944581732,0.5880329884222909,0.343973678796335,0.8853933772936406,0.8660267922357286,0.9040080675428497,0.6433885906511115,0.24503107646476868,3.954605949244421
186,0.28113280352252956,0.009043434780532813,0.0012916073197936223,0.027580321355253887,0.37212349146770785,0.5413848671915578,96.53434251513896,5.884370648566783,0.9022870648730466,0.8985066796223179,0.9978848328832786,0.5148395216118983,0.37768914039022244,0.9031792812098445,0.8571966554246874,0.9250966445734716,0.723941491811589,0.3642475470871449,3.83751334350825
187,-0.0006773035644950798,0.004750644546967539,0.010571801819774638,0.0600703332548249,0.3536431420490029,0.6476619234695531,96.48725814752687,9.50587242002234,0.9007284966889766,0.9491333087792669,1.0029779715549356,0.660023441401271,0.6107675966991774,0.9471005135937612,0.9403403136615209,0.9156198841269455,0.6554290626938476,0.26207433384822165,3.829481039363133
188,0.022040455948830417,0.0034707932603293204,0.0030568154807461617,0.1019960540923235,0.42403814984008215,0.930952149737463,96.45478515720568,6.782792774507843,0.9013468883501249,0.8769854644104512,0.9965815403198637,0.5737507987566005,0.2834419822963654,0.9198984924593636,0.8669341418570654,0.873819623020321,0.7003850435594045,0.2769967499204302,3.935908261018185
189,0.08693992072861637,0.007765982852278558,0.012427227890882,0.22905215076449242,-0.1328783595724315,1.080760673186699,96.5094118281638,6.898041147472959,0.9292274453813063,0.8924908671501214,0.9850212408159086,0.5714442866155023,0.1627787691427978,0.9266151557432211,0.8953341760413922,0.935964020476951,0.6889157289974601,0.2464353884025816,3.992364420427684
190,0.05589040461470676,0.004074871687012685,0.014293638297947539,0.14538478519065182,-0.08693180129722317,1.1647513562043852,96.50489433331286,6.156937680668702,0.8859130851073024,0.8944294372176336,0.9902991728210442,0.616895826754955,0.4688294619811586,0.9487150465109925,0.6940258953668107,0.9336885575022529,0.7234450008068457,0.24953944371611442,4.011562587174192
191,0.12039257411646047,0.004127618128985176,0.00930431270395353,0.2377220567292344,0.43835005969627094,1.083487269393318,96.51148402475559,6.828646264066767,0.9230405362825082,0.8848384945337127,0.988874344675911,0.5478929697726594,0.554388024052875,0.9015463000648914,0.8457594662548368,0.9499640975482154,0.6097711916469698,0.3024079040114441,4.029704200226586
192,-0.022841514241163458,-0.001655028876843385,0.0021742898695039986,0.06258680876658879,0.4761520063321097,0.6998305249225375,96.5055188730604,8.272813273360153,0.9367024388010049,0.8810185266450395,0.9966404797317397,0.5924607186004804,0.4906249926595944,0.9035544232141635,0.9115664839169777,0.912310294829694,0.6470031861970816,0.2931232816268532,3.8862740633681603
193,0.15548706331153853,0.004520657977216848,0.006169402239536409,0.18032623122539884,0.13227302026463328,0.6369020035013659,96.512264349832,6.430803494422754,0.8961470373016711,0.86682646193227,0.9897027970241171,0.6019844904881886,0.44008324085212325,0.9010616156531458,0.9639210348233997,0.9411909628328176,0.5555518309766452,0.3439689751098937,4.014594243056897
194,0.05578553303787581,0.006406940238558153,0.011038510366313873,0.08161705071001407,0.09237009890692402,1.2043132259615112,96.48077110099563,5.180259933473029,0.9018141025236908,0.8924701716763147,0.9976498163750116,0.589286474084025,0.5165089147980259,0.8994213211222792,0.8000302751335707,0.8957133886766739,0.646161345063304,0.4011403823595669,3.8664433755059613
195,0.11608196540386184,0.0033588213543110455,0.004354682140155823,0.10340204480358431,0.15341041699914912,1.10297426840729,96.46948799195177,7.560202075042408,0.9093285806024376,0.861973624870166,0.9942977549594803,0.5126494434673144,0.5899079320160472,0.9525823157852056,0.8505978383968857,0.9312711064994268,0.6211094544484473,0.33958334123154144,3.9877665849993633
196,0.05273688575428061,0.0015900360484858989,0.0115749104472735,0.12390509035919257,0.20730460446990184,0.8026276181445349,96.51775459400757,5.398500059573632,0.8942121353986091,0.8730451054545668,1.0011239562724545,0.48702413899995395,0.3869418886868425,0.9050308879799832,0.9999405497105073,0.9307023260279942,0.6462789724885455,0.18424127635658075,3.991942860996477
197,0.034168141089875675,0.004852519311826177,0.008917607838172172,0.16550990095699258,-0.013974240333051613,1.1396669177720375,96.52820004226153,6.635098106562943,0.8947992046091291,0.9153280389514871,0.9991636696837796,0.4872847472356022,0.27701292307696157,0.9272516755842155,0.8447962470513748,0.933632767528916,0.7118503170262769,0.3518994362058801,3.8068300875097396
198,0.2858217644482387,0.004052354122342819,0.0007633999243741793,0.29843758540117526,0.013884214046659293,0.9405283538090038,96.52475934007875,7.021089733947324,0.9415314744720871,0.8972564490132974,0.9895542847069314,0.5335879304492379,0.4474889927170742,0.8891345216989354,0.8761579929489068,0.933212550793635,0.6365400633711042,0.31342868380295097,3.7790362974532234
199,-0.019100368372463372,-0.0008668659941672365,0.014179814942630067,0.08799131787199796,0.0026239013323502425,1.387637700090814,96.15317553085437,7.6122091095972,0.9315778719854143,0.8929855171211302,1.0006589034394244,0.6458514494878324,0.34326151137474964,0.8725717273326202,0.9377624895288297,0.8677116819702556,0.6404287946695709,0.3492587458256529,3.9652950729314855
200,0.052628572760656564,0.0031477701725033517,0.007755191570851024,0.05004219369947452,0.45943108077501554,1.1603186142538047,96.52674930886678,8.797766660075084,0.935709295175215,0.9204577242702116,0.993337808216402,0.5301103805522556,0.3793185661149209,0.9124890456918596,0.797024837606869,0.9195290615384457,0.7082681522110483,0.2347499511637689,3.8520443593487834
201,0.23854015440048915,0.00042809474566408556,0.007914650439204458,-0.0533529949468968,-0.08995501120039279,0.7312512724361935,96.52893254096229,5.495466713821675,0.9037124352567042,0.9128790056155,1.0018462116377518,0.5967033409597926,0.40736938641384574,0.8660061911134075,0.9692561541494504,0.9225143866905907,0.6254898963108516,0.28562416799458,3.742688036213422
202,0.03485043760507914,0.0021302600646492366,0.004608214200328817,0.30683110992316764,0.26100163888979067,1.140803994854014,96.5137100488714,6.707116520656221,0.9287388659162245,0.8852067723418805,1.0024135092344961,0.5993158225423728,0.689497087371033,0.9413540232229457,0.7677396537360762,0.9525169633074954,0.7483537471407419,0.4702367351474802,3.864286421765186
203,0.04278268949732303,0.006254485103020838,0.007165119092036104,0.24257504137411576,0.24182223266892783,1.0450394867769761,96.50249574268373,6.064805686472468,0.9166570980749431,0.8694636714933692,1.003681684307412,0.5704157757676288,0.3579495904209846,0.9195550093055362,0.8388208209027347,0.9631824060149808,0.5764438161412183,0.23915916411375382,3.9771467376802234
204,0.42043852479254396,0.0007437314874355594,0.008234886266828612,0.0015061766144927324,0.19956891796137416,0.5658049666456191,96.53354988386063,5.267455903428648,0.8941593555680268,0.8647086391368555,0.9888885270765744,0.6856050746460131,0.409542736689234,0.9209630432078512,0.9045379578256164,0.9035605982558796,0.7373547041012719,0.3583759066400643,3.726073684180037
205,0.15702133702600193,0.008980725422406787,0.007582424082950201,0.1525343210028817,0.15365773073508632,1.152658300935733,96.50817002051532,7.413355823162789,0.9287377995475872,0.9312176996049766,0.987728056126704,0.5882329256108481,0.2877193719344173,0.9080168752516737,0.843071896443386,0.8635556054823561,0.6320511857884084,0.3134506462963078,3.956683423323339
206,0.27796027541608953,9.176108738263768e-05,0.0057226236347115555,0.23662215209249748,0.3334773058710722,0.540535678267289,96.49595751353996,7.975068139715421,0.9085774411360604,0.9283002262192962,0.9971205529343024,0.6632386521220832,0.3108626850685629,0.8778297675303096,0.8514337757029984,0.8981618903482055,0.6170539436233837,0.307184552936594,3.9791370839723594
207,-0.007861698933456424,0.005446714986759234,0.00936022757358938,0.16918898963254078,0.6750845284924933,1.2549242237376261,96.36320296187634,6.990629098862561,0.9090901729221554,0.8900043126386525,0.9857128100857288,0.5446019095093444,0.5246902375950934,0.9068841207688725,0.9065507865794877,0.8867066025367403,0.7080761446201532,0.3688849561952922,3.9385544644412738
208,0.10542405541210234,0.002295497620905632,0.003217481124511149,0.10206329601010337,0.3408351398865719,0.9498220946727837,96.5326118156505,8.608609215557133,0.9145525466335253,0.8964235547071825,0.9835498543667063,0.5889137055349719,0.4358078535320148,0.8880214737917893,1.0152325553986135,0.8879937188101128,0.6757209323389135,0.3953892141073598,3.9540324789319024
209,0.027260067053304166,0.002058159926847967,0.010278154342355761,0.05405301712667149,-0.03551114114478804,1.0867654186314324,96.49349179817308,7.595684324738678,0.9012165166587573,0.8436442816201789,0.9989414111337791,0.531819216556916,0.4606595372419495,0.9192138688022181,1.0073566097398363,0.9204839035577621,0.5944396461209654,0.29856709998536834,4.015568092709213
210,0.19927819855890683,0.0054345885876323705,0.004306118729688757,0.14578321320269488,0.5011514412502196,1.0422751654292102,96.46344117182564,5.648680501762417,0.9139197784388148,0.8608655231311091,0.9900492730749398,0.6052776274281872,0.6761099442790581,0.8897770716314088,0.880310736949396,0.878236893257796,0.6579842306337772,0.32614132410008356,3.909520769932157
211,0.09081803091299898,0.006114018126766259,0.012815877188102735,0.01504773227249706,0.37873396916367197,0.6822996615683539,96.51873377611957,6.291746935127771,0.9088862546835381,0.8972295357125286,0.9933546802073007,0.6022069779224415,0.3661650848212158,0.9129026943612528,0.8108276307543656,0.8919439018154705,0.654559461608787,0.4308222784153771,3.8510852714466774
212,0.32819811848849195,0.00527890840476976,0.01550142996523107,0.3345887033011832,0.17300253937219573,1.2944312638373576,96.52743929523363,5.901688786831349,0.9180942716426655,0.9210398427650035,0.9914817635843824,0.660098373500103,0.2876846908848204,0.9121553079177384,0.851643894810386,0.8964018554395459,0.6086467946548171,0.2871768269685271,3.937028728701723
213,0.13223067879784134,0.0007386776740361208,0.01626911144270401,0.15121395575065727,0.14533777937338097,0.967649921802048,96.48318591343637,5.756411802763593,0.9229607435854351,0.9022392080230909,1.0003130651556642,0.6577363537572041,0.43214501912189146,0.9234430677175268,1.005918697181967,0.8942262316419897,0.6065958396648061,0.38094253928546457,3.9041933924693146
214,0.31490813046155214,0.002350322484228213,0.008325926747124821,-0.0003071346373660633,0.4536151976072429,1.2461801483635526,96.30488415065525,6.566862823951298,0.9150408349366334,0.8850236990250772,0.9942388758044225,0.5451738610675824,0.7058032940387879,0.9137695095686394,0.8366925707731035,0.875663971467226,0.6780360768964789,0.3944272179879415,3.831267424069215
215,0.1185773845745543,0.0006065347364638462,0.013158363057512234,0.11268592231091368,0.6223504511599489,0.6712392170889001,96.51688588802645,5.68739175189608,0.9160289597425412,0.9296999975518628,0.9896041587716412,0.5006965715360407,0.4471321770800767,0.9149953075391472,0.8014931277725095,0.894898549669512,0.6343524495019732,0.23937097415321118,3.9193378118291817
216,0.1113196707371697,0.00599738087601691,0.016876973477778036,0.06910318072500612,0.058103874581413945,1.2268481286002066,96.43214370347438,4.606456637316859,0.9284979316077849,0.8855030896025322,0.9857708738436897,0.5476112106188848,0.3965552613774176,0.9103496128624755,1.0126508339300795,0.9016178960438319,0.6683372085606841,0.4063083260487802,3.8721459108784515
217,-0.027047292103757115,0.000645437663969013,0.009149194066177058,0.005420440845938818,0.512760465889065,0.9744325386687723,96.53066659668762,5.881724643595226,0.9464085307813569,0.8401233027378274,1.0026878364797298,0.5905651996154184,0.3432398179848567,0.8685270640684398,1.0145472122967956,0.8743697313071319,0.7156731254803579,0.21534628635099148,3.7477068226993753
218,0.19993059394758037,0.0031495944972548427,0.006758111845415263,0.1555387587121483,0.42720883512637287,1.2367316179161616,96.44661943285773,7.440964727570222,0.9177805917242329,0.922354101644196,0.9942968998491493,0.5429430719250323,0.4545789135881502,0.8998361773763766,1.0165217955295678,0.9085825429445595,0.6585839715183657,0.3595672990453548,3.820749657490189
219,0.022374578828955133,0.004971610172745125,0.011420276758409252,0.21541399987782528,0.33301138026387556,0.9530810053871684,96.47061848441012,6.496177182044118,0.9067615956542531,0.8735100837159143,0.9915449462277525,0.6265877559270681,0.35974631770950194,0.9349670018458013,0.8746446927573996,0.8539187409199149,0.7050292621466446,0.46155534883037835,3.932704791747261
220,-0.00934527538588728,0.002227336671581874,0.009244367636363078,0.29408383675111754,0.20786133290388736,1.0738810874527243,96.52224579833621,5.881278071974895,0.9137200654109895,0.9009236087527245,0.997923288902467,0.579749198007358,0.5540980007124935,0.8703394610302608,1.019506057651037,0.9070841060672651,0.5705120284469638,0.3546609175649036,4.051510664377026
221,0.14183984756702508,-0.0006360066309836448,0.004149359587419993,0.04650390587935922,0.6001274353085668,0.778527041007262,96.50191063871964,6.708247860657762,0.9135709087422754,0.8717171440088374,0.9914407377852721,0.5431198990238805,0.35817345343627516,0.8724318552010806,0.9780026577904193,0.9212330396934688,0.6565861596080578,0.3232847762770443,3.9102933826429225
222,-0.004462760219832856,0.0028174562123535344,0.01337178761520359,0.2464841979402954,-0.06821554444174432,1.162695049313773,96.39039910875073,8.31084700622468,0.8993279499433082,0.9222154215260593,0.9957491852140857,0.49870993087618687,0.30023747679549206,0.9395620939951423,0.9227625115381097,0.8952557148909727,0.6636168859909585,0.17750154665804468,4.0163585438022595
223,0.15131596561395783,0.005409281284082547,0.0021075815227963807,0.01354106110118311,0.16417204312346667,1.0923453748757057,96.52499315791526,5.691197995351319,0.8926911037001152,0.9236583792904378,0.999752510565129,0.5675731669420009,0.567037140480259,0.9101580396873251,0.7241085379712555,0.8651692048063864,0.684455221450329,0.4135462775148612,4.000187226787228
224,0.10476054414537006,0.0012951244594478803,0.013977658747865298,0.11183885836514951,0.09034867580998712,1.0642577144455168,96.47774041908598,6.291081831035877,0.9257916892077986,0.9228171967211266,0.9935111125995527,0.547908295149447,0.4626198226303045,0.9148490960955437,0.837057195762251,0.9190567081363049,0.6868394516641648,0.2716232062275915,4.003676414361438
225,0.06214593308243403,0.006341263018042375,0.007102671269989429,0.17380461197418134,0.2435104402780705,0.8536173711447458,96.36087597096748,5.3521963652693305,0.8900111784732924,0.8776879917495257,0.9936829997207473,0.6761152542471068,0.2937595365132499,0.8705852687692729,0.8104364558370527,0.9436795065218732,0.6851693162945168,0.23264337699574184,4.120355678055171
226,0.10355958131993888,0.004863060599957355,0.0074629990956374,0.30864219614271465,0.009468726629305313,1.1774321966518522,96.41718159942872,6.686603722554965,0.927995057540766,0.9190402659368666,1.0011681624015718,0.6550912099935917,0.3189707765530193,0.9107187079509309,1.021214704182677,0.9363139607031749,0.641890665773871,0.3126789430828824,3.918245459695792
227,0.3428971732397802,0.00795700278654485,0.01467326883437682,0.0704783768089067,0.17427076562811414,0.8093367104746271,96.48777444863477,7.369061247009347,0.9217135681989651,0.8583476261615639,0.9822037036996722,0.6096675434198535,0.533150724140218,0.8704106246959508,0.9169077522135622,0.9019521187686149,0.7235063238291151,0.3310678944476537,3.8599367788544794
228,0.3570875601166124,-0.00026887760616597705,-0.006054908061105545,0.20772767530187441,0.49386165507075386,0.47498783981919906,96.50099662354054,5.213590828172859,0.9227907591624437,0.8786113695707116,0.995883866596002,0.549257628817938,0.5961746003483277,0.8721068962747811,0.834061829639765,0.9141754661489784,0.6388370011678179,0.3926690246423531,3.8035839712513106
229,-0.11497304755773458,0.005984766578478475,0.0031128113071134536,0.2776391273951746,0.5301411310807467,1.2854962367164393,96.50855514869819,5.446558553275518,0.9224500265241204,0.9382149065555956,1.0069449329302445,0.5514700871647785,0.3901851923469909,0.9252749740035979,0.8117667273492257,0.9531727312110438,0.6292771645643643,0.3566265111056822,4.069776368256321
230,0.15529218544934975,0.00020441938363973842,0.002803948260769921,0.08520816277902227,0.3610941629584825,1.2634564021760792,96.46118773844191,6.092883627323438,0.8887952907140916,0.8786332152210296,0.9973879142034717,0.5720847097517472,0.4256679091083617,0.8914084393758999,0.8017109124769826,0.8733932325747279,0.7008415205775815,0.4061706926527225,4.003533542173218
231,-0.06499353474235686,-0.0007589532658699026,0.007132160395424757,0.17901255458245188,0.20188518547211354,0.5125349901369805,96.53201608360291,7.789876493394346,0.9270692978884641,0.8757758034483513,0.9912861723075795,0.6445715974892716,0.42139943478289216,0.8651018978490082,0.9389628223581341,0.8821543390313212,0.6341165287441246,0.27927952096319153,3.9168812580038295
232,0.0615323223592016,0.00035037336402233285,0.013012989190544794,0.10359971460227455,0.3097525182374306,1.3683035598434803,96.36548548264642,6.093918220232588,0.9175993821849358,0.85586595412272,1.000890927650362,0.5968983370023725,0.4902225751181297,0.8737152958336213,0.8416629862310844,0.8971139444406807,0.5845842568046832,0.3305084442895786,3.7590656700893432
233,0.03916989422061623,0.0027075205351201584,0.005763481682979935,0.17390010144285922,0.4712011761838634,1.0197164506208374,96.47529008647149,7.044194411025951,0.9103177860932526,0.9315176864975657,0.9892382806795884,0.5515349454609388,0.35063625794285,0.9079662109382413,0.8336170815925875,0.9042384794596894,0.7526888973781731,0.4111925457959228,3.9779351811404777
234,0.17409999880935156,0.005774998733028009,0.004980168319982942,0.33898839391395474,0.02801329519621315,1.0903883196182695,96.52273972453153,8.459420627407782,0.912939481633812,0.8853293159161384,0.9953079213280175,0.5971514975048713,0.3719296775717803,0.8870708148442071,0.959050211175635,0.9259655333911486,0.6663018939582794,0.26995840719542313,3.835670041108838
235,0.085263431483349,0.009568752776669411,0.006907920920130629,-0.03578882409126563,0.397592569897054,0.7504387747245054,96.46635438544422,8.557270131042188,0.9055297781429479,0.9255543252741594,0.9884106458875183,0.5834275347451642,0.5728514203797905,0.9388944095924711,1.0861139437675167,0.8933777740534667,0.6326327779681523,0.266664397293149,4.024745929529098
236,0.3830560839690352,0.0013818040182909564,0.0014175063439908842,0.22396453781356318,0.2353951907747755,0.41014802664705896,96.52607358650671,7.939425366444167,0.9055197784219522,0.8595285404142777,0.9922856220565983,0.6704897517841422,0.2995141015523746,0.9032277951928875,0.8144104619923106,0.9018058601238875,0.6179621340899084,0.26241165724400034,3.7393436850049686
237,0.21535271785770504,0.005396589219278608,0.003374098931704073,0.07523427978081412,0.16619667451900272,1.0222062612519707,96.45786086862691,4.3943626688578625,0.9154347877275669,0.9164885095722373,0.9941861821655104,0.5809329579501066,0.5400201772307771,0.9000463760154377,0.8333429378981303,0.9048677886047576,0.670934148045965,0.40693704920344054,3.812515842635414
238,0.3260083185106098,0.0011035007406028107,0.004847652779011265,0.035736010642036395,0.686029754378634,0.929475830378553,96.52698704231301,7.800735419742443,0.9263845793362361,0.8626006292847835,1.0030720763487233,0.6361749044450573,0.558922174693298,0.8913296130732794,0.9296135905302411,0.9131963854949078,0.6769116044811373,0.3469343453529564,3.8796145199707186
239,0.37252528749193065,0.007202287357695408,0.0052807513922434515,0.047573416754881165,-0.2222517386694588,0.5041454899782661,96.4803647166458,10.143310749101714,0.948307400567951,0.8608289876942293,0.996772306209723,0.6824227201591279,0.3982409777086485,0.8618744425142519,0.8746096454180591,0.946611334305813,0.6786303520808934,0.377974848482963,3.8002487717196134
240,0.11992571232884594,0.0010821772152334128,0.018040360604002145,0.194273062556249,0.12436624813135982,0.9775149569569728,96.48677484941503,5.8917107116508385,0.9255300690502696,0.8651993265986776,0.9870396717666706,0.6348517472974611,0.5111552647558221,0.9041356694405132,0.8919815449830641,0.9047549988581521,0.5947825913915438,0.1985821649213852,3.940126849397338
241,-0.0024744765767699406,0.0007695899855979255,0.01077759066519268,0.3484884351120237,0.1653306466021119,1.0945708444583102,96.45754678079149,8.61798049830275,0.9017339670099949,0.9021338539879002,0.9864762452615915,0.7108770141590022,0.6947161661705836,0.9035070202206511,0.7426238734527031,0.9505874717452489,0.6308520126588599,0.19220264855442706,3.9467257993300464
242,0.09922935245893702,0.007546198441849941,0.018854113245748816,0.3011239831173844,0.2879033521914531,1.0111635650071173,96.49464690303529,8.100399085620204,0.8809594174082659,0.8620239458332487,0.9874602735177846,0.562583159180192,0.5561341484785833,0.8519513648190327,0.9024921881581704,0.8849433260647144,0.5935185265319955,0.34151241369848306,3.953417873874761
243,0.17286426768351065,0.005189228276578065,0.007440551665285135,0.191941647576056,0.13664612623474656,0.9642730348235609,96.52274671669171,5.225812176413491,0.9293103683114259,0.9296697006818618,0.9986296940421154,0.6724243738398007,0.5673634570424948,0.9373214224623281,0.8686522520666786,0.9061471294201175,0.6608407013122836,0.3456631241402994,4.094303366043959
244,-0.01683809500779651,0.001048850235960227,-0.0009797305670515089,-0.061191180230186826,-0.08442223822723671,1.35328088284519,96.51009090676075,7.154306559422355,0.9153550083794482,0.8544442719572408,0.9886156603885731,0.5653995553295096,0.5494572274476682,0.9119165208783638,0.9007448084902753,0.8877330403485133,0.6342879884780789,0.28537434140964724,4.091778268071733
245,0.1963404809675032,0.0032454410048766077,0.004507101051847625,-0.009317659718605154,-0.0042216507062764475,1.1357443685963982,96.50721265394309,6.956055463464444,0.9380924774046365,0.8908742475467558,1.0013087035464325,0.5488839761559878,0.6085793759484102,0.9356244616638829,0.914985748953315,0.9118310489940595,0.6548196195091682,0.23298735109924593,3.9262747762921104
246,0.1819684397197841,0.001784600687657483,-0.001754615836805998,0.2271483788872273,0.4415141156804838,0.9249362365907082,96.4509120598372,6.390886137601693,0.9093355638466927,0.8524186671264845,1.0049658933205754,0.6262091070386245,0.7107113396691012,0.9268282510771787,0.8970881716788954,0.8970300255910977,0.6665360184533383,0.4160781156867389,3.9826919845835635
247,0.1150632143977478,0.005995030916317674,-0.000427257408995089,0.33025388994634597,0.4301019228195073,0.5996820784830219,96.4691028637689,5.723593299799525,0.9058288032311411,0.8781398724573284,0.9987879450649622,0.6340679069260965,0.3533880231791557,0.9053149665526105,0.9151134682701425,0.8806661313207995,0.7076557913398485,0.3590198189110524,3.9201356372790452
248,0.1327211926896285,0.0049481336353352735,0.018520807598321413,0.10158181072852049,0.11140404822534516,1.0285101518114987,96.4455513104682,10.203068632079182,0.8952634154614457,0.9012217752732152,0.994526761749724,0.6291471345254491,0.23540599436047346,0.8727236132350228,0.950945150930818,0.9241904065138514,0.7077857137373015,0.2056888836725277,3.8492347250562147
249,0.13315700790873314,0.008276351179892949,0.00873185126106342,0.17042630127481798,0.45539420804317443,0.9157763840731223,96.46591499809833,6.7591387689221465,0.9239160342200086,0.8785057002887904,0.9957640765646761,0.5523048524390165,0.4014749138418965,0.874234742324579,0.9478771911019761,0.8996577591605727,0.6219899149841032,0.2765680136720858,3.8155622298496508
