,AS%,SrAc%,HAc%,MAc%,SlAc%,N%,MAl%,SlAl%,Zn %,Fe %,Cu %,Mn %,B %,S %,N,OC,P,K,sugarcane
0,1.2999999999999998,0.0,0.02,0.17,1.07,1.63,83.05,12.76,0.86,0.8,0.98,0.35,0.010000000000000009,0.96,1.0,0.91,0.82,0.57,75.75
1,0.9,0.01,0.04,1.29,1.7,0.4,83.11,12.55,0.94,0.87,0.99,0.67,0.44,0.95,0.56,0.61,0.84,0.75,88.0
2,0.03,0.0,0.0,0.010000000000000009,0.030000000000000027,1.7800000000000002,89.27,8.88,0.97,0.83,1.0,0.87,0.0,0.96,0.94,0.9,0.64,0.13,73.5898859044
3,0.0,0.0,0.0,0.010000000000000009,0.0,0.020000000000000018,99.65,0.3200000000000003,0.99,0.92,1.0,0.58,0.0,1.0,1.0,0.93,0.55,0.12,75.91638189029997
4,0.53,0.02,0.01,0.010000000000000009,0.0,0.63,96.78,2.04,0.79,0.72,0.99,0.65,0.10999999999999999,0.93,1.0,0.81,0.55,0.32,87.333
5,0.0,0.0,0.0,0.0,0.0,0.4,95.96,3.63,0.84,0.81,1.0,0.53,0.0,0.99,1.0,0.92,0.62,0.24,89.0
6,0.03,0.0,0.0,0.0,0.0,0.99,93.21,5.77,0.97,0.97,1.0,0.61,1.0,0.95,1.0,0.91,0.58,0.11000000000000001,60.33209484990002
7,0.01999999999999999,0.01,0.01,0.28,0.15,2.72,90.04,6.78,0.94,0.97,1.0,0.55,0.7,0.95,0.48,0.98,0.59,0.38,72.0
8,0.0,0.0,0.0,0.0,0.0,0.51,98.65,0.8399999999999999,0.84,0.93,1.0,0.51,0.0,0.86,1.0,0.91,0.56,0.49,73.73
9,0.0,0.0,0.0,0.0,0.010000000000000009,0.22999999999999998,90.49,9.27,0.97,0.97,1.0,0.78,0.0,0.85,1.0,0.96,0.82,0.47,59.63
10,0.2,0.0,0.01,0.11,0.17,0.20999999999999996,86.67,12.64,0.88,0.93,0.98,0.47,0.0,0.78,1.0,0.79,0.64,0.13,76.0
11,0.0,0.0,0.0,0.030000000000000013,2.21,0.59,90.74,6.42,0.89,0.87,1.0,0.31,1.0,0.83,1.0,0.9,0.81,0.79,85.5
12,0.010000000000000009,0.0,0.0,0.13,0.3,0.74,95.03,3.79,0.94,0.89,1.0,0.72,0.33,0.95,0.6,0.93,0.69,0.09000000000000002,77.60514838610003
13,0.5,0.0,0.0,0.24,0.37,0.57,87.17,11.15,0.91,0.89,0.99,0.35,0.02999999999999997,0.9,1.0,0.98,0.78,0.39,70.7723977701
14,0.04000000000000001,0.03,0.06,0.7,0.16,0.31000000000000005,92.87,5.84,0.89,0.88,1.0,0.47,1.0,0.96,1.0,0.87,0.61,0.08000000000000002,78.17192439319997
15,0.03,0.0,0.0,0.010000000000000009,0.010000000000000009,1.36,86.55,12.05,0.94,0.9,1.0,0.7,1.0,0.91,0.94,0.97,0.91,0.24,64.33781419119998
16,0.03,0.0,0.0,0.0,0.0,1.0,94.25,4.71,0.91,0.99,1.0,0.65,0.67,0.99,1.0,0.98,0.61,0.22,66.5
17,0.08,0.01,0.01,0.030000000000000013,0.0,0.17000000000000015,93.88,5.82,0.92,0.91,1.0,0.61,0.59,0.95,1.0,0.93,0.59,0.34,88.0
18,0.010000000000000009,0.0,0.0,0.0,0.0,1.5,96.66,1.83,0.96,0.68,0.92,0.87,1.0,0.7,1.0,0.92,0.65,0.51,73.67
19,0.0,0.0,0.0,0.09,0.12,2.32,95.76,1.71,0.86,0.91,1.0,0.63,0.10999999999999999,0.83,0.07999999999999996,0.93,0.32,0.36,59.0
20,0.01999999999999999,0.0,0.0,0.0,0.010000000000000009,1.44,91.96,6.57,0.96,0.91,1.0,0.67,0.010000000000000009,0.96,1.0,0.95,0.55,0.06,86.67
21,0.0,0.0,0.0,0.0,0.0,1.12,88.83,10.05,0.91,0.97,1.0,0.52,1.0,0.82,1.0,0.93,0.59,0.3,5.030000000000001
0,0.328150967005744,0.004275461083305941,0.010690111941875705,0.10268992186095002,0.4741929766664933,0.5593029568869918,96.50651315823839,7.667161397523232,0.9044135323954415,0.8723134000158435,0.9982929676884255,0.5761801511819149,0.4224070988696723,0.8909300815128919,0.900761868746277,0.8718041502384128,0.7013885768760629,0.2697201474663605,81.92081245430677
1,0.15786797901106198,0.007193811549311892,0.008636155203369031,0.2101689321099794,0.47048740950988255,1.0743122705615347,96.48792687772675,8.742982525286632,0.9070484047081145,0.9171446802351229,0.9891916158629243,0.5865982720450743,0.4611224757299496,0.9089760110058639,1.0255155559087057,0.9098406499057885,0.6494705688640836,0.2872675553732584,86.75662240187032
2,0.2817987380354061,0.003115631673524136,0.003978914008679104,-0.013734393898720776,0.44719129754141485,1.2624920363511356,96.45715046515232,5.449127657100252,0.9253794015314333,0.8642728046061525,0.9855019758620908,0.6167844884123268,0.6597771174229923,0.8950497606466703,0.8183254308596317,0.8585956992428087,0.6240083685341329,0.44311193620144085,83.90078799616222
3,0.11839027026356297,0.005190055950878862,0.0039034168816154376,0.03956384993421258,0.6661939253898984,0.5314610454046547,96.51759545244181,5.802058143642768,0.9364573102124387,0.9197960640477169,0.9875814429788136,0.5776483265716279,0.3301546670001009,0.9578643835246203,1.030289896292874,0.9121696735937859,0.7251829575019386,0.322010032326239,71.78031655595132
4,0.016179071520977195,0.002200494729285838,0.008772992544823782,0.14917037110796613,0.28885711886318205,1.0489701067743238,96.52186934043198,5.908968237279208,0.9192331877837973,0.8577178343021707,0.9955140477996297,0.6524852225450747,0.09979553257294765,0.8929653203486789,0.8432495819720857,0.8661163016697904,0.7132547245922797,0.2860517228672101,67.84612369402198
5,0.30452474473098723,0.00127387293644836,0.011856703643075384,0.26643935068365787,0.5003034577972733,0.908389488773302,96.50731613791379,7.522647733027802,0.9420700138495258,0.9516115889529119,0.9937575152911582,0.6330395113236101,0.5615330554203912,0.9369692358803337,0.8892430393316253,0.9087060938958182,0.699533218032885,0.34442461109573463,83.78635974600107
6,0.3151969549295098,0.0017203137481953674,0.005224810743089767,0.04904096519206451,0.4773184621658899,0.896145611376331,96.4804682006165,6.504519086928829,0.9247820099034577,0.9011618677281642,0.9973351391753283,0.5437760384673441,0.48305682411276396,0.9016200581667074,1.0057501185833875,0.8655536632361228,0.5642633680876634,0.26373498556405933,82.93388976644809
7,0.1630456179396071,0.005755356204163202,0.014374214668432722,0.122754610152473,0.46517079787052,1.2255839739421146,96.4772711052945,7.522503982380118,0.9081846127526958,0.8944385278193133,0.9837277194091665,0.5755116341578917,0.4061654312862823,0.8883755911169472,1.0349728662017734,0.9246521240310801,0.7067067016566976,0.28911419875612887,75.73773609201592
8,0.31876105110408237,0.0029436970733126185,0.009741367568628635,0.18781309111323385,0.2453709344082578,1.4080263700077484,96.44555270890024,5.920598173314311,0.9084555671181377,0.9168403296641053,0.9828296376577147,0.591531127698601,0.48774801322841643,0.9054188345012382,0.8957395841224235,0.9047084958694511,0.6772522156024993,0.3828962221837895,71.79936249077542
9,0.3916910059711659,0.002849978694559364,0.0014608005566945055,0.08988114951645923,-0.11897330983721272,1.331201884263834,96.51782563435503,4.920614413360337,0.930007389569457,0.9067994546393933,0.9992397275277813,0.5828030459784884,0.5124250051769053,0.9231697782165982,0.8195780209749605,0.9026351159262578,0.7084401528086602,0.24469899737705542,78.89842608964553
10,0.09946938109854879,0.005371465804134206,0.0016365381729470958,0.11606538606345888,0.2809458670488233,1.0486143090350326,96.37409311151792,8.276023865963976,0.9015958536989988,0.8743281880912993,1.003291492294771,0.5399802711993811,0.33395481495788687,0.9075773651826403,0.9123492263535122,0.9080586884583046,0.5991106915456277,0.28878953608262253,76.15100324365753
11,0.026911598148737226,-0.00032540817268869463,0.008446341857311423,0.14851623863297309,0.5096441266994869,1.1577548625623988,96.51191334339082,4.7904437815807634,0.925698815309386,0.8855520069176955,0.9930385301013356,0.6037909890495264,0.5551216140194142,0.8703035543127489,0.8370231272386282,0.9471527302058537,0.6652492234264212,0.32760483725958345,72.85698566392308
12,0.054225878874563316,0.007344875344937163,0.0037737486205476076,0.22146661925144448,0.037755391382266246,1.013143545292971,96.51787569822194,5.770242383191604,0.8929426784793557,0.9097137862240107,0.9949483145248451,0.560571286559676,0.38098611326481313,0.8728444958577795,0.8181291012220245,0.9167291377309441,0.6648255594650851,0.20705724178436652,77.93356571586106
13,0.22630512352793625,0.006887666884667401,0.00026132120095935085,0.10299406215822955,0.3299449779761122,1.0778253283140535,96.51037674626903,5.843326387184342,0.9318822668355631,0.8985409336683843,0.9968927332230062,0.5807834462677446,0.43950452582564453,0.896947099864967,0.7530214491828432,0.9176412205936577,0.6918428712040259,0.29168285022043955,87.28515142401322
14,0.021116618810601645,0.007263314072203807,0.010107692707950255,0.2952257377467117,0.3296394495734664,1.417136272144871,96.47562571016027,8.2700898828251,0.9024259234039248,0.8854051010523966,0.9937373903643851,0.5312308820759841,0.21883568808223275,0.911724246010348,0.7591760703159234,0.8417190605457413,0.5899245639421564,0.2858940998439853,82.4384838222917
15,0.38074204680858104,0.00574994779085721,0.0009297931438205778,0.11889781391144513,0.2112345929997934,0.7263975495012942,96.52433589485807,8.791718475705572,0.8782743568967715,0.8888266281835044,0.9975496278016174,0.5203588988912216,0.30358382405763185,0.9025140369230824,0.8570829299457572,0.9433642623526952,0.6666835988087023,0.20798847838055484,78.37482751738014
16,0.33309290261086494,0.004306656463008146,0.0013069488465378663,0.23031150103653028,0.20930091952835422,0.9520986262671258,96.51289280518922,7.776371683178862,0.9300708640405099,0.8780000854202206,1.0066760323316284,0.5042950658176336,0.5385990409373647,0.8882216004260238,0.7155165007725854,0.8900459987461407,0.7314769194103158,0.2842222563121868,70.79786271463821
17,0.18885824777491533,0.007247484845320158,-0.0007268588243528424,0.21567601770105582,0.11702355161311798,1.0437502866064792,96.47916094634871,7.449215493999333,0.9083549647555876,0.8963649040010705,0.9966043405577726,0.5466599525955821,0.4947587635442858,0.9165713944171036,0.8927266133225104,0.9230078681179195,0.5456013211101546,0.26518273337403747,75.87418348108565
18,0.3637125318042728,0.007132233522540019,0.012670584277866739,0.15561803449648512,0.5300878662338381,0.7902669924167911,96.00839110743935,6.027107048841422,0.9365695977465592,0.8748125018805011,0.9905992884142891,0.5975419641298608,0.43970606347951735,0.8931509211573938,0.9608558357568384,0.8608235364522424,0.6567572094765246,0.29120374923760506,72.1644302292582
19,0.054630102803860936,0.0003273220170777382,0.008025138569402254,0.20780980782051034,0.12453876951404225,1.4041972519531147,96.37890120054605,5.790062230811286,0.9146352027780225,0.8767958541682563,0.9892760178041848,0.5848465743601478,0.46262483648602437,0.8843096363040579,1.015682337355196,0.9283327176255618,0.5869844449774473,0.2084325881398491,76.38809062296214
20,0.27934765510561754,0.004572518037073887,-0.0011572058132605098,0.11306048893456512,0.24122372988287855,1.420148181635784,96.50980814380297,5.948390671640775,0.9053090367396049,0.9170306533594272,0.9855311079728254,0.6302402528412873,0.4319136998099114,0.9118991772585096,0.7582638284087012,0.9154310627563153,0.5966514231980555,0.36581923933649035,86.40888498897468
21,0.13747604452887757,-0.0006886220098188092,0.009019026383485238,0.07772100561966382,0.3662136902329319,1.1974706188717694,96.47711615902485,8.256957589031078,0.9106240225187023,0.8674456313990085,0.9846090077620139,0.6201531246392397,0.7043744451132969,0.9307750567590699,0.8843687702211621,0.9104328641029207,0.6487847154142649,0.3665818861174386,71.10072671154347
22,0.18472145224649422,0.007136550370506594,-0.002312396861902614,0.2052808469047619,0.2180195064223555,0.9105715181858487,96.24851139745627,7.666762843705603,0.9043332258603602,0.9046937001050968,1.00619829481681,0.5902004225430698,0.3183793801795654,0.8531898530166917,0.8244198171793184,0.9395724761911528,0.6728602022350514,0.28304669059106985,77.27894303821446
23,0.2799069973332666,0.0023249924740486724,0.016421456634020254,0.052749706702076085,0.20904730441036182,0.7655309408485738,96.53048508020927,7.707942015131447,0.9098370560067491,0.9287539397431472,0.9914414693723969,0.6163482755828205,0.30789385051085855,0.9386346875072945,0.8880473250649007,0.9474146329332116,0.6446446636298606,0.33660593845805453,84.4709146204842
24,-0.002311854360736554,-0.0010750841415523012,0.011686099769049555,0.08831147930274544,0.3930162066891703,1.185082708140879,96.50892013945975,4.994440362039707,0.9236960349411383,0.8663751708306644,0.9968796813737215,0.575010717822598,0.35402362531590204,0.8764590860822745,0.9633035204239497,0.9189202372222266,0.5918459736506592,0.3011101737278629,74.12767363675304
25,0.26489972196316025,0.0060384292859029355,0.01045123553759092,0.22576598522916824,0.1586387649762218,0.6603696161683326,96.51680086335863,6.121522189645166,0.9378122375839846,0.8444436999233801,1.0011220955733104,0.5646540329195411,0.22273722232892965,0.9471725405244233,0.8456043472687264,0.8661880960247531,0.63103174214852,0.3231115042252696,76.9698124363472
26,0.28568746773965614,0.0031302433309210835,0.018122904811015264,0.09817086772328834,0.06831392150237056,1.015509680859285,96.44766182409779,8.426705184090874,0.9222285770458115,0.9341363107232183,0.9942161099802883,0.5764203236987517,0.27153158899198737,0.9153905546829894,0.8560065410012265,0.8771279691701034,0.6143507408041354,0.302696037797782,76.04669247303946
27,0.05126733969339081,-0.0008532062504544046,0.0002905904514171947,0.09192497681829165,0.19478174649249774,1.1133053421265717,96.45024836399263,7.3044481162714705,0.9311098800901644,0.8680565925993714,0.9999816393083687,0.6331436027651239,0.37816980310001813,0.8993276725368806,0.9636710388353834,0.9044660681800996,0.6748133730453911,0.4050045373079971,82.19917195957784
28,-0.01978518995087597,0.0021626285417861617,0.017031953607180184,0.18851934969945114,0.2360602435999989,0.9344423348651072,96.44954019800932,5.063786062015578,0.917397068142389,0.9130292100163736,0.9902271412578205,0.5883907852397151,0.2521751008240943,0.9430777289912949,0.9013362982234743,0.8744832749517186,0.6401176313414475,0.4050811704628029,77.0437042476502
29,0.34905936600412796,0.004969799054310658,0.0009590108352427549,0.06661684674407371,0.22729472426060587,1.009952644234031,96.52817850640817,8.366688743714244,0.9117719866390823,0.9490194975987029,0.994866511412396,0.5431895931068773,0.2104440477411797,0.8666062948641444,0.9020705274337395,0.8956862629674448,0.6730655279732609,0.25144933445436024,79.02964922914215
30,0.23613200263610912,0.0017252546167008808,0.006335297563777637,0.10477384028142125,0.4166352932917546,1.117144207916271,96.4875235699274,6.2388469995406535,0.9070453514733839,0.8377770896118057,1.0041980092156761,0.5607453093541016,0.22457143584677142,0.9260135238742472,0.8997669715883486,0.931187710246869,0.6474057862480788,0.3653208706783142,74.14977658644627
31,0.31571938847113823,0.00801627532566947,0.008439427745401318,-0.01071759239654732,0.1514032185410289,0.5432429304669186,96.48835563698917,5.03920094703248,0.8857900642400904,0.9166066607284681,0.9834813398127368,0.6117605431436932,0.5981417729365655,0.9498038742662177,0.8521831505626969,0.9345621984201524,0.6054210083770855,0.27963427121342355,60.589815257843874
32,-0.016038708867975954,0.0005398746600690533,0.0018785829704280376,-0.021945303623039703,0.28172333440286323,1.4587666523943337,96.48842863514147,7.7534351592378155,0.9211396869814188,0.8950699978342346,1.0034813526967206,0.5594359116018548,0.30063160777155473,0.9151431045359556,0.81845841355182,0.9333895369861799,0.6435595839521866,0.31063361918271354,68.06009539898645
33,0.1803562097695919,0.006867707168892153,0.006480572383123927,0.33056525033835393,0.4517428097292101,1.1895205132879196,96.50160438210364,6.7334598865057,0.9146487531273928,0.8685894638661855,0.9841259215876867,0.6224592255124854,0.5737596279478517,0.8982128110771115,0.9251344079025119,0.9180516346756472,0.6562237333216983,0.16567891356973513,75.71952262265894
34,0.15466659594843365,0.0001197220076850536,-0.003020847861928554,0.14545409618579658,0.2875904778540788,0.9983082119731077,96.52091784727429,6.0056294668149866,0.9263060658172163,0.9369057698432058,0.990957832577676,0.5891616175704608,0.5884371150223568,0.8710823283860732,0.7224111639546936,0.8836773719254265,0.5756586686833848,0.36344758070988603,78.15442336768842
35,-0.0807727158264715,0.0018427698963495685,0.014659448751456982,0.1982053972930292,0.43601537548804803,1.470654561655979,96.50820106570654,5.87322204104829,0.9129160690673483,0.9245516131244357,0.9828313429060442,0.5536124537190505,0.24050987377921348,0.8760215592600874,0.980387260832123,0.9122835656363895,0.6721856212025977,0.3338455556534321,83.45172268466995
36,0.18014165385054426,0.007301744513569387,0.00429157410663613,-0.0007331697715989571,0.1163549315498113,0.9498229709952479,96.39638887284977,4.679029400063433,0.9112793591519817,0.9144405530372007,0.9947914722422928,0.6127788841510724,0.4516072480559622,0.9399966249165792,0.7864821533429396,0.955940989780611,0.6614401022963166,0.33972901923365423,85.11200297828282
37,0.16167948683516375,0.005916971170597869,0.004302548718741093,0.29532906212167787,0.33768690382777194,1.2422525792666361,96.44123574920334,7.270815187776086,0.9342912709725982,0.8679041601388983,0.9983644148717351,0.6342509934312704,0.19237234478587395,0.8583687559507223,0.8083578241349544,0.925958472849521,0.6460680892522017,0.39925776327339424,85.22899491455655
38,-0.016907249158265997,0.00489932191110491,0.013012345154871206,0.1611349086532937,0.025131161804373026,1.2892096585681971,96.53105284361612,6.372964597818944,0.9213487021990129,0.874582899153633,1.0026172429673919,0.702770554194094,0.16642506427773449,0.9597729509890671,0.9033083806358689,0.9024089440955095,0.6156299141193257,0.2915473232985392,82.96432561990558
39,0.14553402013284075,0.004972465965618472,0.010075387580063364,0.307425905200436,0.2728309770389314,0.648282576150176,96.43147245609683,8.669357972839022,0.9068678463656304,0.9006196990530745,1.000015974049059,0.5506941512711496,0.46211458074227546,0.9500441636071012,0.8121804688091279,0.9390964889733331,0.6995662256021606,0.37359254464647224,87.85023937035777
40,0.08791011517648702,0.0055078306453716,0.008695710751490466,0.1432443421101365,0.23985149094088387,1.1838833147947763,96.52615833148813,7.911819671297192,0.9023008626617287,0.8820126844680669,0.9917560995966235,0.521816346291212,0.5552511423872468,0.8947499942056879,0.8355369479511215,0.8845195912403684,0.684405013424328,0.3647648615114072,78.3770818295096
41,0.03354293340295292,0.0034357527834818083,0.0005093160920651056,0.21947737730707567,0.01810422567975134,1.2607867561108423,96.38889579431142,7.413746807969904,0.8910840428278802,0.867817835865936,1.001557080450298,0.5519497926995388,0.5478433011470505,0.9394657633707878,0.7347244505583248,0.8827528088610265,0.6648955779871137,0.4089259545999164,72.1338804599512
42,0.07542157508493165,0.0003803204673448,0.011406475218651364,0.15232448897038575,0.23262065946385324,0.8618198035043272,96.49584955458674,9.122420292170318,0.9433572863992359,0.8935270470067922,0.9831179586166804,0.6831711011066423,0.4467263449577713,0.9011166737416231,0.909577128813302,0.8894497630491727,0.7356358572604776,0.2405364106714437,78.80625534418365
43,0.3692292451040793,0.009086937388843095,0.0047685347603726325,0.28748094977115046,0.6358074380664976,0.9201462296016489,96.5006623982838,7.122104597778721,0.8904823060185558,0.9027453105759826,0.9951645193909353,0.5483982733416648,0.3646531864540673,0.9477151628951582,0.8013075256683352,0.9304539864597946,0.5998165255658031,0.42102421701892034,75.53819409644782
44,0.155064169950681,0.003745917992222716,0.010232684474028685,0.05234899369670369,0.03743631633760722,0.8603787777621958,96.40766834597034,6.556202618189743,0.8987919751127956,0.91891516276063,1.0021555435800484,0.5823980126755105,0.5218878308038445,0.9468624009801463,0.9298429919487257,0.9181500522426995,0.6368004500220783,0.3317697621046299,70.74276207317175
45,0.21034287790658607,0.003132161570528383,0.0005280360924622357,0.19134898724881963,0.20019240913941322,1.0928017008660835,96.48706796076989,8.830827855792275,0.9010536485826376,0.9002950209936256,0.9953231734344123,0.5724367911888647,0.6617386538570188,0.8938606525977824,0.8113593822528411,0.9216283812976187,0.7178629941058746,0.2086115821872404,71.35251707619669
46,0.16620261767093897,0.008867655818494309,0.005217252369369953,0.2589578461873588,0.7205033305108448,0.7618296360481737,96.47660461258587,7.875344670181895,0.9022171132572225,0.9223204887578335,1.0012364440410213,0.532087363196717,0.6160892354490421,0.9459182490083221,0.8311242423278644,0.8678284294147873,0.7364647581071935,0.32421187053790074,78.66983883971805
47,0.07251532914828379,-0.0006731815016117527,0.003869526087245679,0.010974770088672647,0.16900420167435765,1.5386875207871988,96.52086638497535,7.684609359456136,0.9167839653756181,0.8565997987356866,0.992438524681638,0.6463470814831647,0.15029921454473727,0.9140242939870296,0.9539638329456551,0.8863593605678846,0.584784179860778,0.27869882479425306,81.58966825692143
48,0.1837189945161883,0.0016376227912208957,0.0032794166422416724,0.20514370113783312,0.2515664049432319,0.7369393409074483,96.36054314414278,6.3805228906141425,0.9151637695193003,0.8537556166594495,1.0045346109993532,0.6334788538562794,0.29429985926959557,0.8832247048442313,0.8394069522473256,0.9508209325254154,0.6970545024114848,0.20610465291600716,73.3276330443815
49,0.36857191413318546,0.0017930639073913646,0.004532415859951519,0.1901376598401597,0.4775672736986869,0.589223310516261,96.42083458359464,8.889178023918292,0.9241674766704849,0.8329303726027719,0.9909953520973023,0.5517316173635247,0.709274159037385,0.8915739402664522,0.7885995647915655,0.935336389976873,0.6201103234642396,0.32695482043273794,79.79116484148767
50,0.12160895713636839,0.0016698358514777418,0.015959370988209664,0.21067835190653786,0.49087729925890655,1.219713630398291,96.52333349877426,3.7775074464184115,0.9147067967021487,0.9027041329532245,0.9853959714916388,0.6771060211008069,0.14240055068518043,0.9261328748978597,0.89844593876995,0.9103496158586113,0.5916679471372132,0.36882180572522677,83.23334794383669
51,0.2581742975592849,-0.0009352545980428127,0.009762878767171518,0.059126631291314985,0.45266827093451495,0.7642855459824947,96.52936130022469,8.303425137274989,0.9222970598897388,0.957206715921975,0.980731505975175,0.6504096350434168,0.1831334627828381,0.918407624570001,0.9334215314562164,0.8420885476061535,0.7368289330206446,0.4013587430961072,83.01117730037794
52,0.2510327773563464,0.0032926426467011446,0.005884539811227578,0.11710416762127346,0.4883823951001991,1.283996470322212,96.24564573052693,7.724076965672451,0.9125226830991309,0.9068392100964494,0.9966288858226705,0.652635968030994,0.3906218717732656,0.9151408019158787,0.8362124957249518,0.9423422331158273,0.7150098301387581,0.30959614550021014,76.22921309217524
53,0.2240804002967987,0.00909136482868497,0.006937205265174573,-0.013408025798892914,-0.13636292635924002,0.887026191403555,96.4104618538066,8.236743607895907,0.92471021342346,0.9310945637579608,0.9992146685424305,0.682557905258058,0.284607286198627,0.8557172607947392,0.84497951505653,0.8982697652159696,0.7096294375611713,0.19873966918197206,76.62572732586646
54,0.12132768749462519,-0.001275578270004039,0.015146021773303469,0.32762204605880246,0.6334428688227047,0.6170522178059803,96.49843441636314,6.8791860156573605,0.9167878768126846,0.9400574644388708,0.9852054578822261,0.5537977140685875,0.6547431159985684,0.8854141397444634,1.0087956767982957,0.922096665995647,0.700729798986518,0.2439076694190414,86.1451389168988
55,0.2730381635935015,0.007407501876807643,0.0046226529916766545,0.19558665136897313,0.5464770430805362,1.095751910764234,96.48221875783989,8.87319518021258,0.9190321606578281,0.8699481227585888,1.0017652029208375,0.5431578079771375,0.28365838740279414,0.8768752447757955,0.9634151771238724,0.9117083806105042,0.6068669304541507,0.263331730152221,87.94397124016784
56,0.041848609562366884,0.0060716066131916695,0.003745344566890027,0.0683393145208369,0.056739709562137,1.146188055161737,96.51981056878773,6.790145750323837,0.8993463676309491,0.9284145304173037,0.9964362027060981,0.5885758523837499,0.30674352691321083,0.8821223781310944,0.8865348970232957,0.9650883721838678,0.6247239261912225,0.36206841832332604,76.35254534730583
57,0.269224299977061,0.00919621016190478,0.00013250637761347446,0.20652365356610874,0.40780734950157954,1.101562372272999,96.50885049754432,7.2936826823412435,0.9029461487899473,0.8550473792475154,0.9966011485820397,0.5541605878972617,0.540532538471494,0.8865094860784704,0.8154638971704515,0.8966954081776521,0.7178382235427623,0.304687584100286,80.49188107496543
58,0.10455803000331496,0.0012982692688381166,0.01174611132065968,0.07541702519779335,0.4780684595710125,1.2315781277857054,96.38343100159891,7.902357560425407,0.8919446889896998,0.8586473807670884,0.9967642073269646,0.6184908296933109,0.6415352464615943,0.9340036213429034,0.9036893936174758,0.8725075853251718,0.64273139714474,0.3235803446435847,79.21398860829808
59,0.04030353560274583,0.007859048503665667,0.005911844504131243,0.06589436884337285,0.25257483434559735,1.0188832518768425,96.52371275354258,7.411892218737701,0.9044310369372246,0.9076621747231204,0.9946226835384705,0.6662156483677846,0.4731332783468506,0.9001370913564147,0.9288343205589905,0.9238079446727498,0.627589143974828,0.42574596947734267,68.22574959265245
60,-0.002755145497830347,0.007011386721473324,0.013461209526211278,0.20491876568509504,0.03646196846083022,0.6729715875940149,96.39142080319665,9.263694601821973,0.8743399642721073,0.8574188192228113,0.992831404632522,0.5167044631428408,0.4236281678103106,0.9201986185940845,0.8477669742668584,0.8433550840330359,0.6063785533966835,0.3699435250913621,76.34834794482684
61,0.30108816424847595,0.004952601782399336,0.004193178435925133,0.0849181744079042,0.09863331816169521,0.6397626878638145,96.47879315872311,5.04395125803112,0.9090588357683312,0.8787636562592003,1.000443486818879,0.5031646577100305,0.4746626042960994,0.8829933127020126,0.844292271689766,0.9408118570635214,0.6681516139256718,0.34528912340405493,77.05475196091041
62,0.11470036383276597,0.006807321181354919,0.012758372581533834,0.04903329919005088,-0.060797355416686016,0.3461456315492971,96.51079068215186,7.7901987515859945,0.9094054597451423,0.8773758062306292,0.9999677638838089,0.6221250545643711,0.3740774521449588,0.9329907794700675,0.9760327786097407,0.8885249149318497,0.740145711421399,0.1939817378736301,70.35494264745199
63,0.1181085220816148,-9.759149788708113e-05,0.009399946121942305,0.09973046223400303,0.43011063485686357,1.0916144245713386,96.47986212017186,8.088074435524074,0.9013748607936188,0.845041545200558,0.9960920251813771,0.5955601423089926,0.3983560352183005,0.9168630776115421,0.8013445772493833,0.8779414395577833,0.6482226377441523,0.1797466855712376,66.14669624079418
64,0.18418629157175523,0.0018622577142398844,0.013154147880210375,0.13318881866774598,0.15467212030542948,1.0250770828261355,96.46185367177772,7.148736130996491,0.9216657712041273,0.8765951095537543,0.9942562758275861,0.6130439575805474,0.4489700244341862,0.9279738686721862,0.9245067396345183,0.9367822198195306,0.7189785348277864,0.26915968157519765,66.17502666175231
65,0.0088747458312885,0.0077808915782767146,0.008335237223512811,0.22650649760229125,0.42382029572995594,0.5341023029495674,96.28520429629101,6.243221796789669,0.9186816279524341,0.9170359272239048,1.004720403509953,0.6268303655448877,0.685249464881538,0.912499293482497,0.6931911699277771,0.9154352916504249,0.6984221272791222,0.26552895771699747,64.30064426151316
66,0.197186982954099,0.004279171617198719,0.003778622306234821,0.20932935625372615,0.3773713462547715,0.5397247446051643,96.24479044949337,7.622358971040337,0.8843363607977103,0.8847333600453522,1.0018272325064819,0.6721661066673126,0.5771714229549448,0.9398423928827604,0.9264926814321018,0.8953771876358793,0.7017440304870848,0.31019240035605367,62.41058251328034
67,0.2167092520674264,-0.0008724261771744413,-0.0012392823707746909,0.22684391879785437,0.15424151700228508,1.3586896749202377,96.4767545245002,7.582062649000855,0.9201191783862861,0.9059636952619582,0.9910808652240152,0.6583549412821398,0.4413398775370999,0.8947861364645834,0.7667001012482602,0.9610050889543358,0.6007112549779186,0.28655345125790727,64.88678917256112
68,0.1594517822730951,0.003326040775374957,0.00653514524794766,0.119397439512129,0.19059864801870258,0.961238178666639,96.4725178348022,7.590561800078997,0.8876083218198967,0.8587585087950284,0.9996692182391105,0.5984786433292152,0.5910416631368238,0.9080038819861735,0.8799227799335725,0.9015705053863201,0.7389668390386066,0.24595323709515132,80.45595356933683
69,0.10697209224831153,0.0014420817669715123,0.003560830381631941,0.1433370756240658,0.49310339762614386,0.9561094311223038,96.46597345255745,7.016974039066226,0.9324950960455028,0.8397329656582019,0.987447513989308,0.6441841018225734,0.4479823819146682,0.9394431722834112,0.9617753918914013,0.8968589548557894,0.725894309323833,0.43553421732950537,88.9366034723266
70,0.063369112391423,-0.0004558374067975134,0.013754754111694944,0.18564711674406453,0.4192396961498888,1.0326025560820655,96.49361430081949,8.982544977870004,0.924687521748893,0.8759744717009287,1.0000794503217456,0.6307754162641518,0.6726709873937756,0.9447378269830654,0.8935202304061497,0.8411726165289815,0.6263587734325391,0.3273639698311513,86.19083334861524
71,0.14506279548399592,0.006700289658532066,0.007423447690145164,0.18674903922386968,0.5975674257313253,0.9289479258824475,96.48108323102619,8.426864678280426,0.9027070276177321,0.9088697996179906,0.9869320746796237,0.5649333335050548,0.35079163910499916,0.9230560674228644,0.8288519449444894,0.8852837218907221,0.6842782111651132,0.39161122457809733,75.69783080775981
72,0.23374641353330744,-0.0010226744165448254,0.012422661750319811,0.07813201502962089,0.3409894173944854,1.029405060967052,96.4206111141552,7.092726997270398,0.8911078542669016,0.8992416347096699,0.9978681007228739,0.663727541132406,0.22210810112465723,0.859625117446273,0.8585258298027594,0.8954775944825171,0.6407906265021122,0.36069328449045873,73.65251585023161
73,0.14454922511786567,0.009565985626768237,0.011465497650866727,0.016500390108824342,0.3772684591320159,1.1941813370927201,96.5139393917254,8.644317748391732,0.9401132413293165,0.9028924786530829,1.0047322617377472,0.6365556435684652,0.4550929289176029,0.9333293557051215,0.8144804634504471,0.8942827707928802,0.5831274221830672,0.490435559576012,79.48312919122615
74,0.18949269154233644,0.005443630414645758,0.009182933236277455,0.14150233735186266,0.254400385052299,0.6881767776783829,96.51113721361052,7.3051983565936265,0.9426115867284584,0.9322974457302154,0.9921735534033171,0.6057944849121905,0.1779901173872418,0.9238380160835057,0.8594770916786816,0.8720358958283427,0.6381260294390994,0.4435563459926626,80.1936503626122
75,0.11653995383427168,0.006285383767074626,0.00318602423321542,0.24128444155920453,0.13855983203562253,0.6696364341205393,96.43355444171287,6.773000972676085,0.9204205273533023,0.8839098212192792,0.9899382974188422,0.5354629005885826,0.3628955382210646,0.8968092536213862,0.7887766623137534,0.9231617443147402,0.5798168284838079,0.308564034107077,74.20784716535637
76,0.11665067480148024,0.0022563240962587684,0.008252054973433318,0.2514700719643835,0.2872460292706552,1.0928276984325236,96.49161817893048,6.998217243835227,0.8895771803672311,0.8706948533779519,0.998007997034726,0.5289233395055413,0.3464356592937532,0.9192693057294231,0.8400161556766896,0.9076357923473662,0.7002709878191246,0.35510913401120503,77.05335344268303
77,0.1950633029781528,-0.0014160186571481738,0.0012560451533510071,0.16055521792229602,0.19954565336517865,0.5193751954540421,96.52758165561495,6.176007076033933,0.8935741544372532,0.8928011955576389,0.9875724226443411,0.5463759292089055,0.31514861277088896,0.8706437851389995,0.855623813299411,0.8613259263924977,0.7529324904606781,0.23441435295157315,83.44581501424167
78,0.31200853317924127,0.004775294652415834,0.011245100412009839,0.18291132240971003,0.5416258828937431,1.2456236295047596,96.49787923884462,9.89325752684165,0.9404720890789836,0.8487935620119983,0.991899686687664,0.6864174958734098,0.16235777292824113,0.918253394856787,0.9438750359276734,0.9453970356543058,0.6816924938564219,0.3838886840451754,82.73023404720017
79,0.3668399244058496,0.005616546458925115,0.009358384564200423,-0.05606674164326267,0.37147066474170415,0.7276212635004795,96.42045393039429,5.566705998571918,0.9134687946106534,0.8421750706769449,0.9873590305482088,0.5710863095859284,0.40133315150489013,0.8939156323658489,0.8667393037481708,0.9307347733342041,0.6485705817858204,0.25235171798019107,64.42046227104895
80,0.007666757628380316,0.003906645002960727,0.0039053539636308737,0.03858009738908978,0.14676907050754728,1.115775792522522,96.42155617452552,5.452975863149781,0.9236835101396901,0.8965695346833528,1.0024119735688735,0.604537703458353,0.5023268547068479,0.8895688379644315,0.7759359051858844,0.9338842183157693,0.6090564497512134,0.39034999661635766,72.57378552489884
81,0.20018301117856194,-0.0006919863558466134,0.0019645097215442277,-0.04642912678743577,0.5140266448605182,1.0436848545291468,96.4290084188484,7.421621788165012,0.9210809593211219,0.8802607772043326,0.9917158186005741,0.6269047214167836,0.2743643433138059,0.8947334958661188,0.7962312869652765,0.8866896954875254,0.6117164469921098,0.4523084648366635,77.3998206272453
82,0.08663339536392858,0.0014175070757700982,0.012678827844034225,0.05127917654143033,0.4755017675154733,1.3328902655450015,96.50084419444855,7.227246146694482,0.8849477692146034,0.8842467814572703,0.9998995293506671,0.6082527650595554,0.4190240158443938,0.9477734379219895,0.9108309092832764,0.9127390016348289,0.6113009644619556,0.3209297701060806,65.89508385857111
83,-0.07557919025402113,0.0037287760088958624,0.002481527449407308,0.30231315929343394,0.42720673466568776,1.1159783420185236,96.43805431632015,7.57414146756557,0.903666539617267,0.8526025341895203,0.9788542432065662,0.5849393491565786,0.411589982850664,0.9260187081052897,0.8187748184216028,0.8635664180026265,0.6872196758382991,0.4422977995662746,88.84717221764687
84,0.026458502028295083,-0.002132988608353322,0.015493761237084042,0.054990638536292796,0.3746047913768305,0.8160998102336285,96.44259558451571,9.204152284263944,0.9302645546585933,0.9112722522866907,0.9977019384573934,0.6077681548166975,0.579915933416093,0.9349181554361258,0.9239031366086378,0.908657697330396,0.6055800719129694,0.2538095293610695,79.34371344853865
85,0.32279016617739503,0.005332317339135682,0.006537875106670498,0.0964123310016808,0.1152032764305631,1.1287708108016248,96.5061425737487,7.926964716367122,0.8893071368260899,0.9044426534897214,0.9930252965492837,0.5712340383543585,0.4663913029410129,0.9155024055120049,0.7973428272259089,0.8912973713320672,0.661852804092583,0.32298669265261193,69.80541710995902
86,0.32872782176855314,0.005775613106190591,0.006450201567084984,0.13187195254907877,0.3568107298204858,1.086236855541129,96.51099960789813,6.108228675927192,0.9415694025269885,0.8525133146242166,0.9971138664556621,0.6416701434650404,0.6929018146149506,0.8897638035736712,0.8723132935487878,0.8941478920333752,0.7239928907300472,0.25661099622509237,77.29014438258233
87,0.3922219208742992,0.0032226865794695594,0.003491282217512481,0.07364245833448989,0.23052395213362775,1.1028921321091572,96.2946224563709,6.193138713879432,0.916977719062674,0.8933625071756441,0.9828467142175672,0.5676408205037298,0.5978783826818728,0.9191079111490005,0.992334513382222,0.8841603612124794,0.7001203438929141,0.34890211725054165,78.91939330421732
88,0.2731264695338758,0.006109576333510778,0.008610431315021625,0.1655748435245798,0.3319445678034386,0.5943180762228149,96.486000957126,5.425010125310672,0.8917444391984884,0.910164347280556,0.9838997945630382,0.6460202772009788,0.314471687434846,0.9478205090690206,0.7864942863553517,0.8860218177074551,0.6895734906587748,0.2739866077255254,87.53608751259746
89,0.3141321927917745,0.006857834608653758,0.009918157848526083,0.019029855485339864,0.6005517460923593,0.9214227217440644,96.26224651723305,8.54547979253627,0.9396126052435018,0.8670703917934458,0.9871171213403557,0.7015016618058871,0.5305054976953573,0.9369718628049264,0.8578084080774039,0.9299668626871854,0.6533495270291685,0.3213221749492089,76.34912296361047
90,0.2057094963711707,0.003966434353213254,0.011975854313139488,-0.030964161315163163,0.6069403725990034,0.9517213139999272,96.30503630006083,6.337582652650006,0.9003120534251058,0.8897418417365661,0.9962519097462853,0.6370244482454219,0.5713344307726539,0.9442283822986401,0.9071627543565379,0.9295719108989983,0.6089540965141476,0.31742758824680284,80.83275101896646
91,0.3154386482781324,0.00044664759160437497,0.010836619203083321,0.0830279328890697,-0.07517014318192883,0.7464039264478886,96.51630078406235,5.608987520689034,0.9250992104634839,0.8815130486211351,0.9875431837593096,0.6877771383547739,0.21494385266383517,0.9678894239519562,0.8616584398719408,0.856664487617626,0.6012392331792336,0.2689563161843653,86.61684765865634
92,0.006808887766490163,0.004968811374743466,-0.0012274047971371988,0.17670523886417067,0.48469409248964124,0.8485187701750613,96.50024454679127,8.001168025634682,0.9199249344637209,0.914997757559173,1.004912107338734,0.5397231429224844,0.5275105459470862,0.9314684140122445,0.7749840875721005,0.9284955729894525,0.742590891511201,0.31180235995881384,82.49637160130138
93,0.10624054681882347,0.0006861467685695382,0.008002705866164892,0.23464422448247546,0.5263404316667788,1.357642891508469,96.49807278183847,5.005765539435471,0.927396298515561,0.8810230923895114,0.9930748479930348,0.5776550175832275,0.4824697677070265,0.9172043886793104,0.9554955612253849,0.8530981052275675,0.6234617350024738,0.2696406202535878,85.27807239829303
94,0.13715105463947302,0.0049029856787525476,0.01279852214533404,0.1784714641083618,0.531157257740939,0.6456311705747511,96.50540699849748,6.989857816691176,0.9037314418460382,0.8811831873602722,0.9913371037780407,0.6030974112381368,0.6009907134678462,0.93531703258597,0.9293884665005884,0.9093625887452288,0.5626593074011895,0.32569393586691525,85.69586665216184
95,0.20804241550630764,0.0012408589086520924,0.01615518768294866,0.28110797979399615,0.24869687653117806,0.929712544279516,96.48312074650347,7.38374948715673,0.9344530556553273,0.8547866725716105,0.9949823687213044,0.5511509749472617,0.3719316154028335,0.916255156903658,0.7484541874821483,0.9213153956246757,0.6410650458358751,0.3252144143315158,83.7057905249057
96,0.13797476996694769,-0.0014148534423258428,0.004871079576638056,0.007484090753448053,0.021092906490815133,0.7559692782529245,96.49266728264432,5.129536905861848,0.9114358003837376,0.9078651959878834,0.9874603331857741,0.5488456288183166,0.3104643688933205,0.9322424656548742,0.9286328064249448,0.9036415730813118,0.668261126411227,0.1881535301733821,68.61420136084364
97,0.04753845259930281,0.004637493293308826,0.004512468166551612,0.10352510170194748,0.5642797324785558,0.741191365692063,96.5076833661666,6.155862184826734,0.9294414666502175,0.933458075159469,0.9861324927404442,0.5542829423430807,0.41479044504829266,0.893821369400339,0.7765108464797252,0.8989371569442611,0.6396783468407128,0.27505422758474035,78.52632573955123
98,0.3168020500488802,0.0001698285980638991,0.004005972100142443,0.12235490606863472,0.42850062731039934,1.0857105103039761,96.29876880735934,7.7825306778623,0.9253903708895135,0.9142207122927376,0.9857716092254892,0.6714423656355298,0.19440744786434114,0.9281479279531079,0.8273665759586393,0.9202729497767521,0.6400224770492862,0.4704443697426138,84.00108535207113
99,0.1891733130459203,0.005631802019868369,0.004688305961105957,0.27343348302138704,0.046701475007597804,0.5513509688326632,96.2599765823513,9.62645462928267,0.9304480629265096,0.9133506431677462,0.9949667269410662,0.6633859538046665,0.6108404668852029,0.8998779720483256,0.9932410831778496,0.8844752569836406,0.6525148998505024,0.20126371277440092,74.75164558856821
100,0.06111155315686026,0.00449878843387588,0.012567885010630437,0.07831128327059864,0.0781348957479055,1.022027702435778,96.51437402440237,7.527180964804899,0.9089622442828839,0.9028857814377654,1.002242096709349,0.5993798407900488,0.5499227712060359,0.929885661777255,0.9085964056599003,0.9007227735254844,0.6624492248682414,0.3730495806177446,83.9361516597875
101,0.29252722252569024,0.005078634165908383,0.012756005388615602,0.3513241171823689,0.2477585998568832,0.4816620415326581,96.12106025944813,9.411505145641087,0.8895447435691153,0.8523655113131029,0.9877297132219193,0.5897788441829561,0.6234109608959477,0.8993000834469937,1.0398804689397636,0.9142161799899511,0.5937944999804153,0.27678185517771864,82.40440939291003
102,0.008193111127006797,0.007123632768867597,0.01140097604045251,0.11157220130450768,-0.049606597197974,0.9847719239279698,96.51041142738354,4.892961487587754,0.9071857364281645,0.9505077608217889,0.9886998477344332,0.5305395498548603,0.3526205389030812,0.9128538172035643,1.0058950406760876,0.9397763353216385,0.6544200564820399,0.21058069172716892,83.15983413897038
103,0.40595394768843474,0.0026269417064875575,0.009572160989696592,0.16116052580162066,0.45441220279073535,0.5724883859731468,96.4303928665646,8.72823688176351,0.8906978270134607,0.8717614563218299,0.9868584239679323,0.655531185246034,0.35916578415271705,0.9357903199275688,0.8760518954203036,0.8649617130783966,0.6758081235301767,0.3448407444404595,76.71868470483486
104,0.08208457544632637,0.004076366500918695,0.0077056719155278374,0.2459026537663902,0.4310509765410302,0.652475984698847,96.51457204237875,5.908071460913499,0.9401631021885635,0.9066978171972366,0.9916284821980613,0.5460951326930713,0.47016681690670886,0.8732227289076439,0.9311494707096083,0.8510811194724535,0.6576587602213946,0.3177753654893874,84.4776163156063
105,0.1593410517605367,0.0008350723761716833,0.00912486781212762,0.23749676995560498,0.451471398302966,0.8666418273673706,96.5164518147223,7.16039646417782,0.927551883092686,0.9117683961242555,0.99257383362425,0.5743240993637831,0.31502994399538087,0.8769475246523769,0.8935081778412748,0.920639479108546,0.6701638192599421,0.4435298181697429,82.82683053003471
106,0.2222023132630602,0.004105381955929942,0.010208598489608176,0.07446266650057944,0.14397205451832104,1.4186234670983144,96.52803614602684,6.336055771297021,0.9006411968495589,0.9102464892012168,0.9975622936408827,0.5652523395160383,0.49035069122306507,0.9183499761064561,0.7230381223123865,0.9247031533769704,0.6341453741442619,0.38679921251483046,73.52252400334949
107,0.10488772893197043,0.00300201546338543,0.009629468631703803,0.22057379575958314,0.28747333964287636,0.5964121623485534,96.52806411466757,8.839393311402521,0.8864821947508154,0.8775590113940445,0.9868041177230953,0.49864619791733716,0.7418584560887292,0.9041438028701351,0.979750528658876,0.8962190920526137,0.683113018167014,0.26782255803714056,85.73077945336121
108,0.054499868596167275,0.0058455568200744025,0.011195914448800711,0.3445076991662903,0.1054471239970563,0.6651081622025571,96.31454032386777,8.833393084283626,0.9112295551708878,0.8727064392103026,0.984585697467476,0.5771393487085121,0.3900410625350248,0.9219888154904315,0.765146702777331,0.9067185534071844,0.670176482416405,0.2618534978482798,76.54778461597579
109,0.10417137969941637,0.006644666651292411,0.000927009860439071,0.05788145096189455,0.6088089140637984,0.7152292199895721,96.5257094348044,4.521074686697087,0.909937957076334,0.9174570399693178,0.9917403145347001,0.5792065876987366,0.3004509541971017,0.9356765035463183,0.8563513637954709,0.9283637396671575,0.623845424673659,0.2927377562267283,75.63847429424332
110,0.10172604434294055,0.002922638615491152,0.007726136075561881,0.025290745089928415,0.658362805292101,1.401307508304999,96.38473098402011,7.018278149301762,0.9359648924393444,0.9479913713478876,0.9977766124227632,0.6160229875683764,0.18207837987345685,0.9106388188113286,1.0145250688320624,0.906783516998757,0.6414251776694335,0.49148985926778066,80.68963070761095
111,0.4033174355200787,0.0008056074063651606,-0.0038127421861860787,0.03698036221448238,-0.09380394144578758,0.3610331168745804,96.50199594307387,7.036597001584416,0.9029819897648669,0.8679139233064412,0.9892434560925665,0.5865851832196985,0.44646558576820244,0.9252380821893638,0.9877132196197509,0.9201797691435261,0.6280285118380348,0.3820963308145125,75.0910895613604
112,0.12390815955046885,0.0004335633962468375,0.005834666055005382,0.09428439387517012,0.5012444464587817,1.3950548501532434,96.28604671174985,6.444361408816007,0.8948910933934087,0.8744664877801107,0.9882868264349939,0.5915726541706674,0.4175149557065042,0.9403882919474219,0.8282464631660958,0.8470229501363298,0.6467860232359489,0.4136561142029727,84.41487886183756
113,0.15125656172016433,-0.0013072235468670475,0.0063179217730198085,0.0062186869522055654,0.4128411700036447,0.7940473501585054,96.44826874360166,9.960251868287257,0.9149798847721807,0.8883695501267017,0.9903743241303293,0.6432813101338831,0.2912098925371741,0.9039605043914215,0.8910150740268423,0.9020672941584588,0.5981921284057996,0.31992496786901153,69.29959170346375
114,0.07038813648359905,0.0056151200590355815,0.014049043589562318,0.03945058047555304,0.27629833799509657,0.6682319380426132,96.34216383157255,8.367147244095145,0.8994000652505038,0.8556239038905469,1.0060002965385475,0.69148630436352,0.5512218467135112,0.9331701482946889,0.7696839904875514,0.9270847023296156,0.5869354675403189,0.43571273632634483,80.05166723821849
115,0.11517982548215994,0.002351277103883745,0.010267576373007636,0.08670900562683118,0.4107640625417949,1.0830000449219777,96.51453372534094,8.619610318198728,0.9246648788270286,0.8954962979290448,0.9951264423158201,0.5634623617199164,0.47646837909532413,0.9224795735049954,0.7991880203428628,0.9236713970136539,0.6125348322584274,0.29551881154368614,76.49765811158326
116,0.10313602742087294,0.003828600875402036,0.0028347923231768065,0.07536588999164727,0.4023944889042425,1.2437563269777383,96.42862021411504,8.822426859642482,0.9236368096937341,0.8944367287797006,0.994291294460265,0.5427634789368908,0.39252733524401445,0.9144903636676615,0.9465320652545716,0.929361432206193,0.6138392326455053,0.3241556674868223,71.85841522319386
117,0.2563550404256366,0.0030124706898604563,0.007555454014972096,0.22876638274818445,0.16105882360545465,1.1224849605841851,96.47494299564002,6.340098077052174,0.9133221910261765,0.8510820067672122,1.0022647548432304,0.539193384734252,0.5281402217386151,0.9011922413350038,0.9528244484254504,0.950203186296346,0.6510986354459649,0.30824821143676673,75.95940651047638
118,0.05351699792371853,0.006043347330127801,0.004336212698581143,0.09163324985917284,0.472306426188567,0.8203798340619166,96.50343660775795,6.863540386508071,0.8876450550466588,0.9133581308701663,0.9915548229810645,0.5096756424564667,0.4767320272975779,0.8814800672209117,0.7968448645894226,0.9296958675024934,0.5974793594218809,0.2880877270256322,78.62081678988639
119,0.3721665656089299,0.001968897812414727,0.009020886240015236,0.18612982714465315,0.21363617289261955,0.9257355062385516,96.49314778389208,5.961070520262308,0.8930833338955577,0.8522136453486343,0.9891213319437068,0.65875347338945,0.4255500045025035,0.9084439705928524,0.8446588041146709,0.8959034105586524,0.5637673931363183,0.42872450518388894,75.10941996985947
120,0.15931747665551935,-0.0021289183567384843,0.00820671111945986,0.11261115852276792,0.003986949651009819,0.8855822121301552,96.49635187137427,9.724288389375205,0.9161918889530023,0.8405815150458485,0.9886780987522855,0.6619934189339599,0.3275048168452065,0.8959841347503218,0.9280763371405446,0.8989477063387564,0.6514737572816824,0.2404743603184456,84.56330551773951
121,0.10501929185236084,0.0048433854817846135,0.009660132463621976,0.26864987074020363,-0.06709767394752364,1.111305812276608,94.93431922865082,4.184090228193144,0.8988545642966778,0.901703421316588,1.0001794653869074,0.6029751652585645,0.6549498867635881,0.8980549693425824,0.8239767255895092,0.9237965730102078,0.6713119904351846,0.2818944523523131,81.98767419059432
122,0.04845514217957669,0.0030444180354892497,0.0031806023935700674,0.1836975064987074,0.43617405332815623,1.062100132806904,96.4277428378553,5.670636687461678,0.9109650662456992,0.875774541276291,0.9904647153768801,0.5500583989626576,0.33995103816967714,0.9065875959226696,0.7755370503298639,0.8875690727909535,0.6992601821191934,0.35306436329490243,75.50507365817104
123,0.26262870251261977,0.0014605647282586853,0.0013702818854982972,0.23320967318439423,0.2733047738345075,0.5906367429195636,96.46111026530708,9.287661358922112,0.9440343577418309,0.8435234022760767,1.0049178092955484,0.49131329210805513,0.4459438836014274,0.8976814007082935,0.83534514309533,0.8592634150056193,0.5835006081827787,0.22628137499254924,82.75556259022666
124,0.27656154312382686,0.005623539865575861,0.013226985872623153,0.3132426441243177,0.28841531296457085,1.339395823868669,96.47696624711052,8.59425667616407,0.897286929657633,0.8552133981309933,0.9890057864523835,0.6407848735946355,0.44940307969722676,0.8975250604050466,0.7242863597453665,0.9321308992052452,0.6529078926247026,0.24887461671951625,86.74392962149173
125,0.06740661719088216,0.0039136673223278086,0.004972234786437818,0.1551165802255207,0.3258608758983184,1.1983584958100166,96.48520636804281,6.616844675130414,0.9126826992419041,0.9388586593416282,0.9946871890839747,0.5952146540096347,0.7059966257358716,0.965671004698223,0.9442452111246264,0.9161078088495409,0.7024871076840424,0.31697443338436204,76.28460106604838
126,0.27397534894893666,0.003630502831329441,0.007769908905366328,0.13698263134926586,0.18378714648620276,1.106520950977327,96.44459030797267,4.424521724287702,0.9360667376088839,0.915243142769917,0.9898448573473929,0.7051453955512501,0.4483487125923277,0.8812794346948385,0.7545411448415166,0.938644592382019,0.6527619981264735,0.31964866034114775,81.71467012847108
127,0.16607584269802475,0.0011634848325591607,0.009851941574018511,0.2627769655148473,0.4315429186138009,0.9899008012978551,96.47007785058479,7.940816490024573,0.9077837301133242,0.8718807807647647,0.9956207870284777,0.6188923965958181,0.5023492445551558,0.8946920927962236,0.907337614585657,0.9152872968019441,0.6653423829737165,0.35311242153395006,73.74580570064346
128,0.16079419891041352,0.008828830540603716,0.012529787858267551,0.149741974702292,0.3971817481477033,0.851075581608926,96.51283882571262,7.985354606660316,0.9025005753993594,0.9305057492329895,0.9956488566302777,0.5051738683880729,0.35745688156008304,0.92336337118812,1.0645982835476948,0.9041030321931932,0.6772306584642008,0.3588935836029056,84.47880207322757
129,0.08685535656537662,0.0017374990197117097,-0.00014416709640117324,0.13752431242530308,0.2117546475674715,1.2272225454871646,96.52719960398257,6.682590466662165,0.9025558973351475,0.8953403864957237,0.993151259665924,0.6221789758473122,0.31417191367665287,0.9204713929207555,0.9623540046405347,0.9240267727362099,0.601970341906995,0.2918927006763707,78.53210036860791
130,0.35249098799557943,0.00047416496789627095,0.01254513345546198,0.11186922510168054,0.23395647712658493,0.924521082880307,96.50318600873699,3.1298362995406666,0.9092189129456915,0.9042078811905272,0.9896676342592226,0.6194503944233478,0.4882982476197994,0.946260689050308,0.7571516786291238,0.8767696552097272,0.5538756022072571,0.4855112355612321,85.64821566757612
131,0.21197845450975625,0.004117741127424129,0.005394761762133276,0.1059566386320587,0.4533789179369298,1.1716983646741297,96.52367443650478,6.631071324848354,0.8846420325043551,0.9387284932554931,1.0023979788083346,0.5518290426502871,0.23285555074695816,0.9340258643395654,0.9746742541017617,0.8759175418783774,0.6507105824564623,0.2413124370011572,80.51283033951091
132,0.24624466188199956,0.004937430577173733,-0.0006197290982271611,0.11069648894170023,0.3360796215625763,0.685969267296898,96.53291891132572,6.144084229222017,0.8904279212180505,0.935853191823424,0.9958217660891947,0.6109969644932025,0.1535043935553474,0.8976817812874748,0.8657043352013621,0.9461316072910995,0.6535717959417121,0.41441915790115835,74.36059581803767
133,0.2979240665950083,0.007271397397080934,0.01563231936135416,-0.010475703458745045,0.1894241537130179,1.3648283029636794,96.51396540256128,8.584990511836473,0.9557868513775999,0.8839401352737825,0.9909526835965705,0.5398573653834742,0.11521254240789841,0.9050376734283129,1.0009542944491088,0.9110179434497574,0.6592827648830925,0.33876566046923207,79.38005908419221
134,0.16790231882066253,0.0014240830569170445,-0.00013899264967257192,0.08322991537690684,0.6050261350359286,0.8994823606221952,96.47988421539803,7.061378971392964,0.9280245877491852,0.8360214023501498,1.006451850274074,0.574262524431302,0.299343159703599,0.872034553741871,0.8673127355862713,0.9045558893154033,0.7286154747709793,0.27680940185905867,84.79466340702422
135,0.19797840954487222,0.00678013981612245,0.00259406047201639,0.27387034604565563,0.3729424141164923,1.1142785144513414,96.51974847840532,8.73275988023839,0.9264283112843017,0.9155479365825783,0.9810147363125161,0.5434071628396802,0.5941926086727017,0.9017771509260489,0.9360066375475983,0.9065880881714201,0.6826960946569863,0.3801915906243547,67.73242400375278
136,0.04245209966934979,0.003859861213124615,0.013096241203617723,0.28366538869371527,0.1300664730209035,0.960143096093124,96.34349150294807,5.4108452973783585,0.9112662246515566,0.9439538239582171,0.9905275300676486,0.5367790300272716,0.5170809908991494,0.9049939877535568,1.0349161020609612,0.9380181727477757,0.6354555642535031,0.37779516686240455,71.56879044308432
137,0.3122219519289455,0.002110015868922414,0.018466551210999504,0.13579979837325212,0.02418579496742812,1.1617008452498607,96.41309677944989,6.442171906006576,0.9428987478851717,0.9031757065080142,0.9948880315364,0.575104525308087,0.5119089939781981,0.8823387327544431,0.8319392838903784,0.9417335549805943,0.5721430350601056,0.33305564737774146,79.42062297603181
138,0.34668120445620965,0.002659392303974441,0.006050156705369401,0.04060627306818933,0.22101868510549308,1.1758595115735606,96.50327634744656,7.60923133975679,0.8977076500038397,0.8462665323683712,0.9845189012469215,0.6613101041762455,0.49810304722593635,0.909813368818972,0.7818839495922694,0.9037881807331435,0.6219699457024146,0.26795774117245735,65.00140537005673
139,0.08316435560113211,0.0031084617316511666,0.010464112859020873,0.21691252310692855,0.39741932177269995,0.9429200829273504,96.49377791736777,6.887435752701042,0.9049314989062444,0.9164558803504852,1.000024189912481,0.583530799131546,0.27497477621727273,0.8952075408851732,0.7542593319645684,0.8661771665596939,0.61485012567755,0.30786549414796294,84.33733897165527
140,0.02764174868443639,0.0010543518288037078,0.010625282560200337,0.1313876769688781,0.6766089134622548,1.4451431053512254,96.52549687313484,8.202352082890759,0.9521931735926531,0.9268156558864825,0.9858377883534163,0.5309289662780122,0.3213763374701244,0.8784764551010771,1.0129704656648653,0.852231992630451,0.6776968353014429,0.3115860267817834,80.63658468423108
141,0.16128589388015335,0.00019162460957288484,0.0019441909387691936,0.027159889338826487,-0.09381110251006414,0.7762045592822236,96.49796034790273,4.210387756114949,0.9159594215573736,0.9026069433343004,0.994661290952097,0.5011672788917434,0.08663963946954578,0.8667679435507887,0.7889672051067882,0.8607581789333667,0.7353577997502576,0.28475348159175246,86.57022299322277
142,0.08275519354418759,0.007027975032164898,-0.00018225113286902093,0.1773559256919602,0.19113446047287044,1.4028101524989238,96.45782730625803,6.77920777322993,0.902436813829058,0.8676384142558565,0.994516092694491,0.6146213754286406,0.17498613747433045,0.8896740530241247,0.8654137936545803,0.9067846888829955,0.6670764911013515,0.3695820710027508,75.95591655021133
143,0.2722499773308183,0.003147108738968301,0.010630059911899858,0.10843721410325291,-0.04106561001565323,1.0081003311486672,96.50509430909409,7.5069841804616155,0.9075807757078984,0.8754970091949954,1.0013860756564121,0.562085592870125,0.42371267143134406,0.8865172067305199,0.9039786363510939,0.9234205492233681,0.646128284400073,0.23087998309674412,70.33885163672228
144,0.3015484486536989,0.007264603055805731,-0.0007020761145424695,0.18967211461799294,0.3207958476022139,0.6061982392266279,96.3374774061316,5.468806721124372,0.9072444849824768,0.8477016089644854,0.9891054275458045,0.6359248445519105,0.6074257312759126,0.8965786261184372,0.9716471822379162,0.8888010593417763,0.652789718753495,0.15989961107366332,82.905665989764
145,0.017457659676676257,0.008424959835886515,0.007860761749215853,0.1891025198585073,0.07868291214453477,0.9029819733161651,96.5059205027413,5.499719528897246,0.9210348439075969,0.9225108574884027,0.9902653036476925,0.4843013740784743,0.37425761561904564,0.8627142647371004,0.8277162533920107,0.9065835598346966,0.6417594274402526,0.29102742422423516,75.28217788644304
146,0.15265472765500357,0.004589344767377481,0.013674027134552947,0.16080189248121435,0.33251832149048755,1.240023647669358,96.4952596959537,6.875691797091553,0.8941402212930433,0.9448092187034419,0.991544914430995,0.5993455033139389,0.43446703566045614,0.9262324009949741,0.8168038779608787,0.9398303102143982,0.698474165309866,0.22326945448340774,82.38347121514552
147,0.3790703531470697,0.0034817647685030633,0.0022278986029743795,-0.055119652586031104,0.3897657393476599,0.6122757627110791,96.48375619402088,4.682924231217729,0.9026629799378784,0.8472261244540158,0.996873517775094,0.6001705162297469,0.18250946183765457,0.9508634716838367,0.8952023863929036,0.8839538708242444,0.7372233804203608,0.37260062659295484,83.48503793352651
148,0.12549749338819516,-0.002265621209101136,0.011304210132768042,0.023973030508788032,0.1450368108315895,1.3517165715148904,96.51604011633074,9.438554246030897,0.8994790074837652,0.8499877024057391,1.0024535024895174,0.5649029109825404,0.5503395886701019,0.9095927796720805,0.747226845792767,0.8973530721704076,0.5666367532408545,0.2974018228590973,77.50238496589047
149,0.2899202780329766,0.002688028070018061,0.009591144438675087,0.12841562834332473,-0.03527067827851149,1.0762324878190836,96.4897680533461,6.511880290259251,0.9414690060091828,0.9067374600661748,0.9868371669849958,0.6184501525910469,0.6002265696126886,0.9237617691330804,0.8625618921574347,0.9211632236545176,0.6711522282423925,0.33310244688909346,79.25075290191855
150,0.22847257466007626,0.00021935563995579025,0.005347572580875619,0.19429064211315802,0.17452747382956263,0.6160959444403364,96.49209868017824,8.242471835052967,0.923007216518779,0.8870561081409698,0.9930395179598579,0.5719196218644019,0.6211561251875128,0.9140926038890111,0.7830966699977806,0.9165792059843978,0.6721099102146231,0.267047575568508,84.50359528311604
151,-0.017849545730358296,0.008478232177521347,0.01063925460659372,0.18465393258424345,0.1126662389803077,0.9354690424797734,96.38544026874905,7.791435951768585,0.8833172962111967,0.9010388729125807,1.0035077615394814,0.480524895724734,0.5262151719871135,0.9290299132439118,0.9453401294450867,0.8515989802337354,0.6810972282464471,0.431618263118932,88.65834216425834
152,0.011158136055212431,0.0013215347404774446,0.008877407619880782,0.15525440949174765,0.21625547838637385,0.6284478069434374,96.50084671162622,9.27524067322058,0.920375860591511,0.9249736644992118,0.997480064347202,0.5644753528556434,0.6510253435944364,0.9343056341292972,0.9454458917382701,0.8973962674336189,0.7086797444925086,0.33161318763048486,69.23120210317089
153,0.07566158845198369,0.0020318677673532995,0.004469327952546626,0.12948092336815056,0.23132883626036516,1.245524788985826,96.45316437447529,5.1224978471879155,0.9330622741533707,0.910573392949989,0.9986184654686306,0.6348714700766712,0.32614776117467326,0.8980331104060089,0.8440236638614921,0.8845085350851214,0.6471883503740912,0.3091384546081994,86.55827038745906
154,0.12136260056617405,0.005439072382270279,7.119499557786159e-05,0.015971399936972552,0.3572666139848293,1.1563360856739437,96.44145054836416,6.4288041705715,0.9328857893700354,0.9299867630439774,0.9898686842411024,0.6051406594153251,0.31180549630195264,0.9524427917443804,0.8955379436028319,0.9469834574966742,0.6221090756833835,0.18285739159249578,76.65949818862649
155,0.1929389459187251,0.008551248227821794,0.010456596320483508,0.018526241491716486,0.14695476186735218,0.511218169580665,96.49091308949764,7.34787825087212,0.9176270934532373,0.906661785444043,0.9986860310922068,0.5045942699594355,0.29782579607249865,0.8898229291021484,0.8913305211031486,0.9301450573092152,0.6700808537520816,0.3958742219687661,77.75767287997428
156,0.35449676381038947,0.002282822968439506,0.009548020054198594,0.09241271381009482,0.2329869284036517,0.7937879478902845,96.35289539902118,4.383470317759336,0.9264493337591946,0.8723640599284184,0.9817924834313876,0.6552701205482638,0.17881297010731764,0.9258700083932281,0.938673071393278,0.8702261581662416,0.6166549192269897,0.34152443685290956,78.80908616892327
157,0.20242095790100134,0.0044174031669355586,0.0043088208302027005,0.20229864150215754,0.02050412165894805,0.6264942137006748,96.44851235046244,8.389494111841103,0.9179927232455298,0.920247670396053,0.9917539103309849,0.6655137813624402,0.3322719973123744,0.9201743589918826,0.796529069238585,0.9360354859246951,0.6834265503787171,0.30403870723849824,77.5888243735356
158,0.22634645107457282,0.004720934745573246,-0.004136175635100071,0.334947104659719,0.27551480301280123,1.1261834092224794,96.42791064969968,5.521940690516584,0.9519695333381378,0.8634638174980542,0.9984411541869846,0.5781908928158366,0.46726665443847226,0.8967546671958272,0.8968212440613017,0.9092052203455594,0.6262205247119886,0.28962915042896237,74.5683552300683
159,0.1439834302337296,0.004565637281189739,0.006688827977887625,-0.07455276050131673,0.5950189022175768,0.7289303377989624,96.22537210191996,9.028362802251385,0.9073210286601565,0.9198445836009106,0.9925852115639846,0.5005480722053156,0.21399835877580947,0.857636925391167,0.9104125139669585,0.9347107913925014,0.7201928799272411,0.4218645314397576,59.57778855018444
160,0.15013350676735607,0.0032011758714686664,0.009685784666818917,-0.02181124317419514,0.3357375743909311,0.7071791270944282,96.50086293343784,6.678030077275344,0.922258366494792,0.8954969864942722,0.9956997267316883,0.5655453746400533,0.3463168873392206,0.9380789467578293,0.9226695061179057,0.8897243067773016,0.6733622388290043,0.2786294955416814,84.07656943629742
161,0.12035054912292942,0.003313161116161263,0.0068238376872096695,0.015187621044846666,0.25248397612691276,1.3501388016025468,96.04142402994799,6.578151647389563,0.9147207508090202,0.8948133502562702,0.9853173714772453,0.5116947145241141,0.3612642488252368,0.8927787054356822,0.8791746133555475,0.922067117945661,0.6733325578193261,0.29409190345133623,77.41800981127255
162,0.10926012023954093,-0.0010555074972089496,0.011321865936578124,0.01253430154179147,0.2761330574410205,0.5018145154984814,96.49578746420431,8.206155238189709,0.8971783101839923,0.909014384094066,0.9869334407625396,0.5780122093623687,0.27542619734666735,0.8924609369032437,0.9375397784771183,0.8754024390650328,0.6337424198027587,0.3075804028728894,75.26458422093616
163,0.19700057881713523,-0.00012506699044748017,0.01286234770876676,0.11929650907374931,0.32958626449088774,1.18033373278745,96.52569209424715,7.737973547872145,0.9250220744017751,0.8716668503039307,0.9922839281268676,0.6103389133321389,0.4261220806036271,0.9391455431194163,0.8339630194479608,0.9031845004649157,0.6745054638309074,0.39440298415913383,71.91491920035801
164,0.23990023693492168,0.004433578464033252,-0.0017618802335680637,0.09917593373581915,0.3638370588499306,0.6857338935742716,96.51002490076863,4.715391895406449,0.910063932899019,0.8921627711524358,0.9984971913269186,0.5321643877902269,0.4933907837945377,0.9546645155392974,0.9533234651711711,0.8713092910552903,0.6469655522587119,0.39271656720152537,71.25046404933076
165,0.013817353429037699,0.004985185796042168,0.005934431432203361,0.31967659079668964,0.20400346019085014,1.027365690901351,96.49120731959815,7.684369209890544,0.889047986031639,0.9004491825705646,0.9938331717501653,0.5437042609285233,0.3631256822594692,0.8901662997066447,0.7695691571183034,0.9162153554191738,0.6640477409579161,0.30154030231187073,79.3730469592031
166,-0.03750577810138073,0.004264932324998932,0.008940853613833826,0.02951242410952587,0.14053718977168933,0.9942643354113497,96.1826712593697,7.5695244922561455,0.9067705684730849,0.8921974660698697,0.991288653894026,0.6472713585275754,0.43836214701288034,0.9091309847629804,0.9032112080780538,0.8561504567981792,0.6622521629312753,0.19830537296697182,74.16242990316404
167,0.3214037130231574,0.0005523576591683001,0.006210397100158201,0.15280174714098757,0.17804773072261093,1.1968137015874398,96.52028407787532,6.8688664872745395,0.9001902536970154,0.9352071398695069,0.9957189981837661,0.6140126651113043,0.3949918339544984,0.8905698505544833,0.9649773383259881,0.8911348010210994,0.5505879847931411,0.30427785925001183,79.38949604656086
168,0.30344546347979945,-0.0016430124813371677,0.0019493328218963216,0.05705478389634111,0.34502169481465894,1.230279331343285,96.50995078387069,5.714774494269353,0.9059971896488813,0.8580503058296656,0.9875009299249342,0.6210002392476186,0.3813680594429559,0.889855350271305,0.9510430253317713,0.9506335869736572,0.7033177035676892,0.2765671198269685,67.75262332675729
169,0.25753250387249244,0.006695416321661046,0.005274017963094301,0.15638323729648135,0.6127511153988547,1.0694268269171878,96.51907555290931,9.303092936454062,0.904997381606034,0.9234565028690648,0.9894168638315355,0.498194806592419,0.5293381173152283,0.9540769476954952,0.9650671527352445,0.8639748038234342,0.7304173029982002,0.2518513959891539,83.81134301499179
170,0.1336122320058314,0.006887598176523596,0.007413832141995972,0.06489509512143517,0.27220506523505006,0.722536862200355,96.44065428116254,9.545063424318428,0.8906081824012045,0.9420857287194896,0.9984010735235928,0.5195417864986507,0.09529210348705797,0.9036514189818584,0.8856509385878267,0.8955724842151054,0.5599521547886245,0.4986472584120035,85.96641789598215
171,0.38060931808279774,0.007570295234968933,0.007294518199885569,0.003921318569674703,0.46277800977937994,0.8442630940468454,96.5254073734845,8.263645324512988,0.9097449108838549,0.9207302538836509,0.9952990540890442,0.5376565852358726,0.2855049179166809,0.868510077241568,0.8885007529307611,0.925937115807455,0.6285514585187175,0.23142622872467838,65.79970375399098
172,0.28796514602624007,0.0008090825795701285,0.0023023706549999915,0.1775216275415954,0.3050361996501865,1.2031631879621,96.53224626551614,6.289860495499323,0.874435971498976,0.9027269006409725,0.9964157405112489,0.5621637134246704,0.4973151077082624,0.9367000318040919,1.0188235255071776,0.883582904899523,0.6781104203429484,0.35893137199910286,82.5188492577941
173,0.25177048271825997,0.005548560927139736,0.01079329446200332,0.19483484267795928,0.5073419154362013,1.2455715910966958,96.53186085764686,8.595828002746794,0.8950466160623399,0.8906712650952651,0.9929142704828946,0.6591284366852157,0.29362984047950247,0.9687620873734235,0.9603323665452045,0.9134894308631749,0.5761169320402477,0.38361731766811696,88.58629709389888
174,0.3069922914801676,0.006508375341887001,0.005083751101045336,0.12504669746134878,0.373976638416849,0.6308453170177317,96.5218438889689,8.462956626911627,0.9009168368914152,0.8883505108833686,0.9981638503465237,0.5388222267959784,0.6882689732376308,0.9306038587838222,0.9156347396281687,0.8761354855468717,0.6373915167437306,0.37650751108838765,81.31657972408607
175,0.33733574188507653,-0.0003333336100161872,0.011562216974510198,0.2641287041730799,0.3862042797469115,1.165353638569646,96.50221549690362,6.817740046540978,0.9230600923070617,0.8962000299609826,0.9827413876545391,0.6621506226809908,0.2163062800923294,0.9016629220573016,0.9137116535754424,0.9023670026387975,0.6499574990492409,0.3107785353850105,81.63341035930421
176,0.1828534718291588,0.0014082453591663501,0.01491715845033569,0.11265527631931517,0.48270363567807845,0.9645609770752479,96.4301369535019,6.295766049434708,0.8948652854151388,0.8569638968581137,0.9894459289466329,0.7057438942233928,0.12490799159417382,0.9536115225628364,0.9736798562115574,0.916475144613108,0.6547236390353647,0.38841359680718757,77.4559904831474
177,0.31865884713435133,0.0031187137749680576,0.010971580406207338,0.08789813676174074,0.41000270315102555,1.3259953171209122,96.53104109678702,6.431442455152332,0.9131818734932883,0.896453312339355,0.992047776487442,0.6133472337260312,0.4382175319370648,0.9155115922061141,0.9399892379199815,0.9049201534510004,0.6896575319394884,0.19311573321900397,73.70062746416932
178,0.13686218180840956,0.007421618341435286,0.010531280714327063,0.2574851090108572,0.3265818169306308,0.8431744743515045,96.4604991505071,7.424420929357289,0.896821296464565,0.9519500880927063,0.9985466299199862,0.6095300771401703,0.30203718982702976,0.9057364745301879,0.9035746902191794,0.9137892151749002,0.7034584313293717,0.3753615016374583,75.51332644674429
179,0.15641902163340513,0.0015321915563638491,0.006129327979064609,0.17676602863865765,0.4084548142920791,1.0202633191137276,96.52563363978801,8.892875818590886,0.8846372098560619,0.8893910393820283,1.001525357492654,0.543518223237551,0.17151630426597803,0.930168770917242,0.9919765106371422,0.8847501552006609,0.6628259170538293,0.35981328459654954,64.3030358385498
180,0.1762166123628165,-0.00011683660190638838,0.0023909201328515322,0.06550774470656603,-0.016164107969147135,1.46939032044752,96.15760520417341,6.550184679586245,0.8993784515523605,0.8499086797685176,0.9961148259426893,0.6220395899410319,0.2328094684151583,0.894118315146231,0.883903402506614,0.920873229814335,0.621042454838798,0.35766458719603994,71.13163513903959
181,0.047361973080738654,0.008050372918541835,0.008006974411591388,0.3119687185394031,0.32122952847908354,1.1493712478286298,96.52337125643925,8.110934663839139,0.8916245230271931,0.9090306868535611,0.9936764548881565,0.6111687772878495,0.4083795145547799,0.9262090615125611,0.810098767999871,0.8959828252066019,0.6000466218671251,0.2793381303250215,84.0343214096351
182,0.3004055622820778,0.006718794502892436,0.011617221420121518,0.06459819293534007,0.35873405165445593,0.6150420855360783,96.49728518491548,5.171860996094094,0.9306359063156933,0.8582382071027421,0.9897146665050849,0.5891428636434031,0.5047942778978063,0.9589112593869237,1.0041600844384548,0.9065862002287577,0.6764586147930395,0.3638000838459947,86.7947366430587
183,0.17096323442421965,0.0033203117632815203,0.006804284262137326,0.05408469005626007,0.2993003777127879,0.6132723036348962,96.51854219093056,7.2401053505891575,0.9280509420672649,0.8713086186150236,0.9950724808629835,0.6677134768475738,0.5192473247993529,0.9278284874249371,0.9066064966110656,0.9251353009170652,0.641978072318187,0.3899755630215511,82.62464671294532
184,-0.037954282272196604,0.0018038534389873166,-0.001412565053293965,0.08531967563322512,0.28505074759605364,1.1543560945692946,96.14217182853142,5.60864558307005,0.8973657991487668,0.9278930649194181,0.9909314171923724,0.5839238627322467,0.3352294112418087,0.9525582418313847,0.8783416886864558,0.8681086145108041,0.6673941259375701,0.4413647002718699,76.8694744289081
185,0.0952338370170362,0.003242052010978723,0.012228234435910354,0.18774614196286343,0.16795169361706716,0.8819557463500837,96.45458518142445,5.925855608017396,0.9157318770239269,0.8648348160481969,1.0056581697084106,0.6858961528581586,0.6108059535015207,0.9542360669229468,0.9192611192020349,0.8834625467846352,0.6784062916195094,0.4306004173063498,84.00649464529793
186,0.08667809305541285,-0.0022947464030184327,0.012824771574027453,0.010409566840328788,0.08619694244321513,1.1951463304078234,96.40281298993936,8.231249959512699,0.9192616647790702,0.8977492792047769,0.994228249406568,0.5830351479286493,0.5306111530164053,0.9128882593293945,0.862089194081221,0.8545664347603323,0.5976175982183276,0.29680564691790134,80.34427748056463
187,0.1369110565449807,0.0017190337060642125,0.010405327191324556,0.08232053926612654,0.4396734208294968,1.2411721493997576,96.52757522282758,8.864334714848537,0.8969290554143126,0.8825365789064573,0.9971484636831656,0.5620816067355552,0.6747960109920605,0.9210766124446944,0.9375785761506737,0.8824798645965201,0.6019994433490107,0.33812461412821776,79.31133846429626
188,0.2576168185839232,-0.002772106114779391,-0.001582632984712209,0.06244323562899408,0.2395963691633283,0.5175010338104487,96.49101909064602,5.237452224646642,0.9165987089750808,0.862116780069711,0.9873981774599064,0.5972705860997906,0.46436393184069125,0.9047455014564959,0.7786017617812692,0.9255202344350063,0.7019290118124816,0.41143841570981216,80.02557159553764
189,-0.08867606185399468,0.009552827076022199,0.003986235165607628,0.04192098790941133,0.32520006830798176,0.4357024984841329,96.49704409523238,6.693104034198525,0.9040741400695129,0.9038690608783119,0.9875542453671047,0.5814238185604363,0.4093312540737006,0.8939674920808103,0.8717269650068911,0.9389720597179829,0.6382401099896388,0.4154150201243888,69.36543477575744
190,0.10413114159537405,0.00590041250794095,-0.0010758981185589002,0.09970903616374521,0.2632529427852489,1.142471344396039,96.4339490792336,7.596677015605621,0.8951307616792861,0.9077792734767319,0.9900998105534795,0.6694773639919129,0.36675603623512665,0.8986215751635523,0.8066694781695904,0.9332125313028369,0.6759956315324038,0.36157717229809455,80.37708168161294
191,0.40266205943683064,0.005637755627589414,0.0032037632551181576,0.18846283207708514,0.1053142011727744,0.7308240165502787,96.51616569552762,9.184959695683588,0.9188722045883719,0.8928788659523056,0.9968804138768024,0.5381950704375453,0.20484136222606142,0.9198583634014837,0.9282875533820333,0.8794748074476042,0.6869970305541185,0.24001538647741166,76.01927116812043
192,0.12627593066691573,0.0009781140254040382,0.0018081130754779781,0.36078956678498264,0.38597984064822405,0.7557887125501006,96.51800910863822,7.992149519331106,0.8989112520819905,0.8888777571144764,0.9915876566007575,0.6606099183977264,0.32207614920353056,0.9103140862890314,1.0871631338254757,0.9205147514003493,0.6593378853404799,0.3649755964364578,82.17679250028793
193,0.07734094893848079,0.003238697077025413,0.012443483007556475,0.20537350103368207,0.5784738304196106,0.7931716119092078,96.52602128514854,7.080008879731705,0.8883576307383699,0.9127280403559759,1.002739105937947,0.5678983487499116,0.4614098486591403,0.9301016497450508,0.9543511643082085,0.9201577762141706,0.6567700487858302,0.38986509501625893,73.70464325461727
194,0.35548021484010806,0.0005115859642723917,0.010451055080966085,0.278359740592683,-0.05476493868158072,0.6728327608056006,96.4757988360464,4.863398264665583,0.8862065608997783,0.8789601539313753,0.9937610820237369,0.6136989829852679,0.48965194997203765,0.912039801846144,0.8274452325857956,0.9373078842091194,0.6328381235545695,0.41752140052179604,73.77824733755713
195,0.28203331437119333,-0.001012422785006193,0.004287275485105495,0.17707787547497672,0.28516375938798566,1.121000362141747,96.52736629708133,7.3084909367193385,0.9319221527370919,0.8691773267252748,0.9857994804573946,0.5389977748969995,0.4097237209101409,0.9324979967278471,0.9232733206827143,0.8496566442355121,0.5764590675039551,0.23187545152806982,78.4873456735637
196,0.03624251106129836,0.0026504121260489885,0.012915368488321645,0.1743715673228679,0.12719056124678876,0.6914406785623559,96.51916169632277,8.858062245559472,0.9059336656512736,0.9412841060594506,0.9858625945349172,0.5595958202259154,0.3259293569746456,0.909855264002115,0.7836571692780293,0.8882984623117908,0.6493560911012892,0.28612465250291125,76.36821994382193
197,0.163354592641062,0.0037500692317972996,0.00506404085057284,0.15697425137005377,0.3770388708027038,0.6515806211538682,96.47587043576667,8.051522412157786,0.9084504883246928,0.8704377388555822,1.0026112028919705,0.6322403094200423,0.4013414477433257,0.9176535376703063,0.8856599209251037,0.875436007092136,0.7166374228601888,0.24958262956167337,80.53516914727062
198,0.23620627818494228,-0.00027530370002660934,0.00015258726518885355,0.04723023029340888,0.2344472714792766,0.3907087709791959,96.37026252648334,6.295197011224259,0.9250967581251589,0.902964889404929,0.9835881528414664,0.6765425118321117,0.11531223914028377,0.8818729061571602,1.076404722879864,0.887666753362201,0.5473258048419136,0.27484558038185164,82.81627908220814
199,0.07452125768869118,0.0013684845210710744,0.011383114905044248,0.192683249944765,0.38012543130915166,1.4149835914207805,96.40657141588085,5.742816527734444,0.9401931864753167,0.895006829381743,0.993485315975225,0.5845982324141703,0.4370099310834632,0.9092789581257509,0.8080556604960526,0.891080665329255,0.6481656473375044,0.23032361764192322,79.76361207902292
200,0.3898301565665123,-0.0006864619387224849,0.0012616510677991334,0.19955613603795563,0.05183097725462543,1.1231493428376549,96.47630646687567,7.744984268170712,0.8918775990801321,0.8447777998306035,0.9899475004211068,0.5773811052844949,0.47871967447348207,0.9156703737855725,0.7601325704693676,0.859767680935196,0.6227808481944587,0.18207424575517023,80.68276165489047
201,0.07921160332648274,0.0012475810122555549,0.0013615833334546653,0.17657776568203878,0.6635673391853728,0.9281377515645568,96.49161510238001,9.292433831983537,0.9152048978408924,0.9191423513612192,0.9941475069711415,0.6309425039979224,0.7398349090610017,0.9365670286626533,0.9708117612302041,0.9227885308573579,0.7176264193495848,0.3829929074724139,81.96283874534979
202,0.2839184064189959,0.0020660147736167563,0.00775231455404722,0.14374121344511454,0.4400317931006438,1.4281079592231283,96.36438379788801,4.0155151636901065,0.9134024892423441,0.910446357998674,0.9847145237970785,0.5930487931437467,0.5102632304998451,0.9235819698362753,0.909352325677447,0.8925991946308142,0.6794224622899608,0.2617275656973931,69.55629107035273
203,0.21745141192592865,-0.0020908441623924945,0.004677453688642641,0.008955476695752224,0.2412713048742604,0.6611246382934775,96.50903676869159,9.665199243614678,0.9120228579864713,0.8539144156817144,0.9893486429068824,0.5207253114311978,0.28011761861512485,0.8699784584707684,0.8660988750217923,0.8659099282263442,0.5841570201659751,0.20908908299979506,77.90389273852232
204,0.2908748639248005,0.003646758416915328,0.0011356661118757608,0.04915509043238245,0.21255741793946886,1.3559369837780162,96.47351911214038,9.15736635316177,0.9063127175268976,0.8663971883260048,1.002806020971077,0.5649325335664847,0.45569915405147854,0.9309865914863239,0.8817713182339131,0.884596584765736,0.5844137646708506,0.2564069745144187,83.44353747266638
205,0.11791191842017623,0.0044717756036023164,0.006936665534786954,0.009996035126536462,0.27736742706244694,1.1280666370169996,96.49212748787821,5.806887717319511,0.9277373492072296,0.8811027378167965,0.9948473806249863,0.6279682736415144,0.3777878085567077,0.9419111679382931,0.8614363222048496,0.9302551730096784,0.6022146892213898,0.22349191565628995,75.40668850800756
206,0.2957475435623871,0.0034858810069256234,0.007071476710727966,0.03731236946502764,0.3658149660736028,0.672032343013047,96.43570662861715,6.423986692173559,0.9402130094789557,0.9093158761120228,1.0000883968563363,0.6510172448802907,0.2859355613700247,0.8982118886367179,0.7975342161746556,0.9167460557437329,0.6947454691170462,0.4222241072034897,77.200741108826
207,0.3330673363458725,0.004490673931501993,0.008021458599765587,0.0022892078236960156,-0.026881562380154878,0.8419137384329026,96.52943653586826,5.802964729446103,0.9099545496330379,0.8941229065851088,0.9952178428150079,0.5163282750823717,0.3330863635576883,0.9345910337061865,0.9022923062800055,0.8573820998236849,0.6673896134475672,0.2439420793307221,78.11037558691619
208,0.27275278054233704,0.0047681943010686526,-0.002463707254327585,0.25993371653299635,0.028329339196339287,1.0773897203177385,96.4641434643944,7.6487919539743014,0.8790205425468699,0.9227908890259191,0.9837466624256006,0.5711530457039865,0.5006930277518873,0.8737817185037786,0.8179583211844317,0.8392106338062292,0.6630391929916019,0.364333362469064,82.82037802351333
209,0.17795865525259638,0.0020515300615745434,0.0014406029828805123,0.3099406961735671,0.1287122696801499,0.8417978691292931,96.44525903817257,6.332790863473749,0.9061385090304612,0.867995952638984,0.9849985444735778,0.582434955601257,0.11774698037524423,0.8492511833751027,1.0370360089518562,0.9477647412675693,0.7360945890350405,0.29904685416271154,85.3541435539685
210,0.2147219611407461,0.004969355745602,0.011358323602061265,0.07160314865899098,0.7575597110932173,0.6811842220780877,96.43422177348073,7.714034160314025,0.9081936795945968,0.9270618327694672,1.0000766344113672,0.5753076294850794,0.30334157260557565,0.9411839391379847,0.9633643002189882,0.9024623561914729,0.6773167599888658,0.3195453538401241,84.59615934533117
211,0.2042195945335839,0.0008991349553080534,0.0035044917329046907,0.25297991403194753,0.11364845693762624,0.8777364159665435,96.41553928084497,9.395439224475972,0.9138699007482777,0.8378202381191988,0.9929373696168667,0.5002870752989496,0.6254090871915237,0.8624768807933813,1.0432289078746857,0.8940870381070456,0.7480768408265639,0.31078747305484966,86.36284000380297
212,0.10041232929985636,0.004479820103672156,0.011894031480353456,0.05822089900875385,0.2692716976631979,0.6659514657018807,96.48327233653623,9.229386759797068,0.883638150902359,0.8514612675462968,0.9991536035892818,0.6340120061341512,0.3116281895971056,0.9280435193035702,0.8758355887992724,0.9177858033342885,0.6753020101143783,0.283486531146063,85.342124427519
213,0.06561207105888131,0.0038049716270835234,0.00030443043431571237,0.12435411899535234,0.43630786242276937,1.1158378599543435,96.47529288333557,7.559673273691852,0.9036544690671904,0.8770963376337031,0.9822652276776168,0.6205663832992667,0.34747662602285034,0.8612901049522811,0.9125206141173473,0.9009689520514398,0.6953779957671901,0.2518977946766027,78.53823610995887
214,0.10687277988322327,0.006516282190367368,0.007293732830902829,0.0017580646853562754,0.2800440288252791,1.449194614573459,96.43830715283237,6.782909700582265,0.9266009206147081,0.9243351405424096,0.9875811090474341,0.6932035690994424,0.36282429955336337,0.9139951680766377,0.7729477708264111,0.9497905417361439,0.6403497442206638,0.36433776293733344,73.1595048487418
215,0.04861926110646389,0.005387898580294769,0.0052050975528476935,0.16833182971526456,0.7258598774913338,0.7990611155404911,96.52674902918038,6.652234809968728,0.9055021191096848,0.9056306619790112,0.990935722708873,0.5882762832982219,0.4925629591352207,0.9217869008302264,0.8074976423164508,0.8672681883492914,0.618155106303694,0.46857472078663864,86.57660897905836
216,-0.02792827443937604,0.0033730814413129176,0.010831457646113637,0.11716286523481136,0.011584980651686672,0.9137782579619207,96.47840439461693,6.432950943809769,0.911538283401136,0.9251841165797668,0.9997009045585155,0.5252225977086301,0.5866631580548003,0.9597049851167418,0.8061826302903375,0.915331620095098,0.6462373765998317,0.37705950732826493,78.8861192348329
217,0.2212827677141163,0.00192259464133882,0.007884426442042299,0.07800425583625052,-0.004836757766981836,0.8150597885692693,96.51888061148341,7.529082118589784,0.9024368006735669,0.8988997496303671,0.9980259042357998,0.6647067020976983,0.30993183615332165,0.9650319055050335,0.8599548613110588,0.9216179866113337,0.62153146902373,0.14889699024576614,74.15779628864829
218,0.14602979287602919,-0.0002527523695394977,0.0014332313975969286,0.004014968107787037,0.5371985194539504,1.30143150078271,96.50670082781771,8.802147966673141,0.8830921113472474,0.8425277630304434,0.9855672840467334,0.6019424632071232,0.3495900613269505,0.9543627951491037,0.8297776608058028,0.9485033255724308,0.6416199382067258,0.4002428556005619,72.62297783600961
219,0.2714631350533915,0.0014845111634876388,0.004416595496546455,0.16825212716612706,0.32557911726595695,1.217983445289939,96.41220122357367,6.086559446554541,0.9212686409751495,0.9113177189241779,0.9838519596780374,0.6015381682655233,0.44191485232394195,0.8512588035332922,0.9333104986168611,0.9095639521399208,0.6247717683108749,0.3037430570273109,65.99260423981936
220,0.2952456261593328,0.0029941730876153452,0.014004919909565604,0.2013193390216584,0.3826820376083212,1.0822607208696187,96.51719522119294,4.888097096462644,0.9101995702691912,0.9202978799561556,0.986297589879973,0.6111809718316175,0.5529788694236781,0.8992275227772358,0.7996464287852206,0.8911651883935805,0.6791484538140957,0.27857828696739545,70.50346327702115
221,-0.008165032333160072,-0.0003426219157303804,0.013612526250447649,0.23085367925414932,0.21192677012850486,0.918038717350254,96.46911656840285,8.606244414464197,0.8923846039713789,0.9244353321161026,0.9931468612575843,0.627654139572783,0.5238682876914815,0.906345171045252,1.0540122445597444,0.894485945309081,0.6415609949845503,0.25489653253293143,70.11144090543193
222,-0.010245826961376991,0.0022251017744933247,0.012153782736135661,0.13849994489742048,0.2918915936777011,0.9925164507529786,96.51899947820652,9.377444356119362,0.9145348157399088,0.8795366744264235,0.9889303074925598,0.6551870580003486,0.4500707060236902,0.8870097782977068,0.8648757318423207,0.8737475777213322,0.6966999340305229,0.3052238458533007,84.79216307394573
223,0.2334695271162075,0.0012526458848425236,0.00877290966593531,0.227639570534462,0.6032925548171773,1.1527351143863052,96.36787540299693,4.604454906520262,0.9001791117698452,0.9160933063156352,1.0033200313894353,0.568697143905054,0.3542659734982937,0.8807621788547779,1.0126361624505313,0.8715477292980329,0.6344392228884661,0.25577473223527586,83.05988100121334
224,0.10611496565099503,0.005736782181055301,0.008834160669626523,0.005788841337535822,0.2059618694672347,0.6350494578118913,96.36067068114451,4.657049720155535,0.905403461438271,0.8996053026269722,1.002222093277594,0.6953746204565664,0.4410785024977288,0.9305712728517275,1.0138369721387752,0.8814898051413076,0.6701818057056893,0.3017627916127462,77.29256605231016
225,0.07978107635208778,0.0018642658979840649,0.005337361178180193,0.06912897578583575,0.4178925297955654,0.9759184137291215,96.52815920804606,5.838071919533379,0.9143202250123467,0.8690107970472823,0.9831895685784524,0.5356062477725847,0.3090641199036724,0.8819736853808471,0.8450106112789445,0.9301175241204873,0.5908102902072944,0.2679096798080772,79.78673963205695
226,0.29716127350830723,0.002953075499640089,0.002847757159285722,0.11933235056083709,0.05665191562312272,0.8619752425537772,96.5105319722251,7.116645494359499,0.8892102071671341,0.8833768646225229,0.9915674224789468,0.5601654081238585,0.4337779577699384,0.8731322972605992,0.82941200680526,0.9503188300744327,0.6664322837810219,0.3480659017033801,84.17969022575862
227,0.07225512545726517,-0.000810115891006952,0.007120985751786957,-0.01972081180489213,0.20571110813970894,0.7909924792292513,96.43645087414703,5.605882167607399,0.9434069305798046,0.8699253645519455,0.9916983590402719,0.5903263583522825,0.5640324125194204,0.897189429017438,0.9993997414775895,0.8905441738012974,0.6052589160047185,0.40870876898842534,79.88978017434165
228,0.08273198943510043,0.005119609514566151,0.005163139352348974,0.02510314874218028,0.49265965979669024,0.7490757795474798,96.42143479062474,7.802089122134867,0.9356212895823884,0.8980980594174572,0.9887029604145485,0.5722753730762029,0.5238100560295514,0.9225599905821815,0.8121674752993815,0.9202275764168483,0.7377672371877736,0.24906986874697684,64.57623259948504
229,0.2755137131639818,0.0019167031533094344,0.004280512205988327,0.10255505967981499,0.2067400502688913,0.943462921756872,96.50207397558151,5.5796356850925015,0.912347643388462,0.8945965778343087,0.9928210414738728,0.5085961230963213,0.5658460547192603,0.8856869105902273,0.9435739407396283,0.9098569107132274,0.6070460764065067,0.3025607905931474,68.69229928566781
230,0.2510648853677577,-0.0008601311842632076,0.010301184044953471,0.28281547139173746,0.20526243378451023,0.798072872633095,96.16161590725429,8.257798536375235,0.8964212379780228,0.9024987165243921,0.9910713857338961,0.6647632627259783,0.17392354829091966,0.9183546173159839,0.905702203547968,0.9435146679692714,0.6288146616303533,0.34501795079761627,77.75797169511837
231,0.24646852706256092,0.0010141036805515159,0.00946083078511694,0.13610490423996857,0.29604804366439225,1.0227137006433664,96.5244670677831,5.658762665975516,0.9437025453003747,0.8646534306643109,0.9913597383587683,0.6251343601933385,0.6056684893103187,0.9266501632263869,1.0505113398388257,0.9072392643931512,0.6418272586898013,0.2303172107101389,73.30719443168783
232,0.4152108701399444,0.005237834582282601,-0.004444108809712637,0.025976010000831065,0.036679707355813385,0.8414442243303774,96.49085295692008,6.132737101695762,0.886300212519875,0.8833027155693908,0.9849969041272718,0.6221988748841734,0.3340850784762688,0.9143755012738135,0.9658020963375673,0.8976510066835716,0.706546943433547,0.19999649042477716,85.77762691029797
233,0.4106894186493831,0.008207418087507906,0.004238025751510148,0.25979907054933293,0.2572097002580473,0.9324917272719133,96.2054964670706,7.198440975313319,0.9007144118010458,0.8838020136519683,1.0005744517748394,0.6120245985722477,0.6011270387539152,0.9158313935883258,0.877174777215071,0.9239000131123067,0.6909440649700649,0.4249551040685501,74.39706763181744
234,0.28941780063606554,0.003392580994883618,0.004051114523365811,0.13216116227149055,0.23977296738953452,0.8821944522618336,96.51859672977999,5.335472121845742,0.9053383580078702,0.9326117964963929,0.9886025360479153,0.6507532741909916,0.38339159034896086,0.9268622189294105,0.8882692327616789,0.8755042005221416,0.6492670289683549,0.23935771024175134,86.93608359740183
235,0.18976466401334238,0.004209585738622067,0.014218895334848557,0.1156922855289117,-0.11108833995408812,0.8536375157426281,96.30022345636378,7.039463567522352,0.9148401662977986,0.8682708786016309,0.9911377824667933,0.5987832648516092,0.4751318882941038,0.8962685875204672,1.017604774449516,0.8870544304477151,0.6756885222006873,0.25134003532345217,70.8362360433389
236,0.2879722630390755,0.00452549078334208,0.015115744860288913,0.053860907656703816,0.12948412251164135,1.3610672567725668,96.48215554871183,8.035310923782463,0.9295685626242832,0.9041826721183244,0.9827817734621226,0.6105227726593213,0.5982391223461443,0.8718884623895641,0.8603392849097038,0.88013532866955,0.6278215625164417,0.2879272693257594,80.46143360678504
237,0.2650988252335417,0.004369581416465545,-0.00179425659433318,0.16354577845635468,0.26092366261037087,0.714457710019544,96.42050735049808,7.633135001585284,0.9085097700633238,0.8846560434144038,0.9909816764819965,0.5623967667142041,0.5455804819615981,0.9227592992032368,1.024383915864509,0.8944933298852278,0.6227311324040067,0.3834503749031454,78.23683405030782
238,0.1387326834708142,0.0033116746260586334,0.01361531541336831,0.28484707903231077,0.44194571160639917,0.537830243625363,96.49829904814199,7.412576881152763,0.920628520311847,0.9208537808262346,0.9890083301929855,0.5864127738606941,0.5112976647069561,0.9157158622801546,0.8776171893705267,0.9399289409620551,0.655771807497529,0.446776638675426,79.02843707442337
239,0.17563637600073986,0.004049191753551106,0.004243508195636021,0.1229972445211409,0.06507729770343437,0.9184661909644354,96.51358083375122,8.311471661524386,0.9369303723887569,0.8832768203022369,0.9910945815339366,0.6524282777655039,0.28746215952381426,0.9015868317476978,0.7782265132354499,0.9102549941244975,0.6613674012890278,0.24559997450322624,68.95125349262821
240,0.12470661915499895,0.005581525423893979,0.0003834894314266738,0.08928710642622747,0.23688819291210722,0.7113643349958411,96.52618881730653,7.210420962946678,0.8813384627061442,0.8695437500886243,1.0002556467541153,0.5794355836727259,0.7187678158465709,0.9093404806213925,0.7947656377100015,0.9010804400259098,0.7200233682948649,0.23766116095592593,74.88242868844894
241,0.03796079621170079,0.004605265056081859,0.010711392933847059,0.18699284241011838,0.048140299439579814,0.9108058235523845,96.50307749041096,7.555047155017727,0.8998014400600156,0.8815312031588879,0.9957175959860144,0.6793322275444295,0.4206533657969962,0.9065361911912797,1.0076388958903182,0.8927986244774216,0.6604741287353518,0.18689320855808997,82.1776826104168
242,-0.08853724446773126,0.006748220883193535,0.00265046470021883,0.28587603486545277,0.592389444497178,0.47154646740801687,96.35851010364802,7.692110430531848,0.9252379304747786,0.8857627228396168,1.0033378951480256,0.5722970550269958,0.29988868010330194,0.9017345910346789,1.0302744503657253,0.8961253455771541,0.6268017238972217,0.43576456684181375,84.75282823096734
243,0.3480871352149596,0.00024760056960605606,0.00873532165904963,0.12305775504056041,0.5208633341958323,1.142076393434548,96.53095159713668,5.139042493130026,0.935496101928395,0.8613680785657128,0.9973348507800461,0.5498850382642803,0.6160601389641441,0.900381295557535,0.8059317379509314,0.8539695680487744,0.6900511139573524,0.3330197919997436,83.73597507799465
244,0.1937893831348787,0.003476814208502095,0.0060210277723748516,0.2690649518692091,0.13561032437320025,1.0062806259140111,96.45594249955914,8.38860423841298,0.9348233393960851,0.8716956894540874,0.993537822497416,0.6090129326725556,0.40549846534587974,0.885313246811143,0.9639332180314897,0.8945445797207721,0.6368258279403439,0.19543656768722933,84.66503148456698
245,0.2914391544618029,0.008113860184624773,0.009260326288582473,0.1395566809796339,0.3592986590316863,1.1615035536886449,96.48836934162313,4.6187336934748755,0.8888077419995598,0.8689449590712548,1.0026473271489402,0.6203313007870324,0.370599135686189,0.899068238786846,0.8468216785057866,0.9508701906450244,0.6211755331012629,0.3112579903117594,72.69436119712663
246,0.10406823392183522,0.0012438771256403874,0.005325891780241728,-0.019098631514555153,0.3310119721219671,0.5171170531079547,96.5103445823322,5.784784147847519,0.9347422953796459,0.8936609184271496,0.9932106959859627,0.605233503133017,0.5407911566963053,0.9484050833326774,0.8925033345442375,0.9059938122513647,0.5737651179191003,0.3314831659819202,80.82522309469151
247,-0.013352021250044865,0.007931060285617627,0.008006351632713207,0.2187762308902388,0.46451197995707705,1.099145388366165,96.50567633650772,7.82848777203714,0.9088331978137888,0.9128888351507757,0.9975538909224412,0.6136744266789348,0.35502495195353917,0.8654449157215803,1.0201518465587265,0.9014672805966318,0.6856050956017855,0.3188080070170591,76.47579075598554
248,0.15300789032626166,0.005161484422243662,7.444954663625002e-05,0.3098204183135367,0.5641081328170179,0.9105409199264712,96.47141419223894,8.592870396750394,0.9246070937189816,0.8965639728303205,1.0032616279426574,0.5598920212085089,0.6412207310002813,0.8972806531510096,1.0573973119978586,0.9044738456937823,0.6870844261819203,0.38602960561823163,81.05715432893469
249,0.21963559160182916,0.004934004346756132,0.0065756770948609995,0.23265464923367127,0.5136461158310898,0.48541966898428046,95.58949442680812,8.59944720081421,0.9387574797448599,0.9046694261068429,0.9969377542912423,0.6597249603677812,0.5658718107832413,0.8795123939531281,0.9554521993305527,0.8942989615552632,0.6685107890756229,0.2589599149318611,75.54794914384176
