,AS%,SrAc%,HAc%,MAc%,SlAc%,N%,MAl%,SlAl%,Zn %,Fe %,Cu %,Mn %,B %,S %,N,OC,P,K,guarseed
0,1.2999999999999998,0.0,0.02,0.17,1.07,1.63,83.05,12.76,0.86,0.8,0.98,0.35,0.010000000000000009,0.96,1.0,0.91,0.82,0.57,0.9334197161300009
1,0.9,0.01,0.04,1.29,1.7,0.4,83.11,12.55,0.94,0.87,0.99,0.67,0.44,0.95,0.56,0.61,0.84,0.75,1.65
2,0.03,0.0,0.0,0.010000000000000009,0.030000000000000027,1.7800000000000002,89.27,8.88,0.97,0.83,1.0,0.87,0.0,0.96,0.94,0.9,0.64,0.13,0.39787233999999994
3,0.0,0.0,0.0,0.010000000000000009,0.0,0.020000000000000018,99.65,0.3200000000000003,0.99,0.92,1.0,0.58,0.0,1.0,1.0,0.93,0.55,0.12,1.7
4,0.53,0.02,0.01,0.010000000000000009,0.0,0.63,96.78,2.04,0.79,0.72,0.99,0.65,0.10999999999999999,0.93,1.0,0.81,0.55,0.32,0.7620329955200004
5,0.0,0.0,0.0,0.0,0.0,0.4,95.96,3.63,0.84,0.81,1.0,0.53,0.0,0.99,1.0,0.92,0.62,0.24,0.77761194
6,0.03,0.0,0.0,0.0,0.0,0.99,93.21,5.77,0.97,0.97,1.0,0.61,1.0,0.95,1.0,0.91,0.58,0.11000000000000001,0.7
7,0.01999999999999999,0.01,0.01,0.28,0.15,2.72,90.04,6.78,0.94,0.97,1.0,0.55,0.7,0.95,0.48,0.98,0.59,0.38,0.6161803951200002
8,0.0,0.0,0.0,0.0,0.0,0.51,98.65,0.8399999999999999,0.84,0.93,1.0,0.51,0.0,0.86,1.0,0.91,0.56,0.49,0.9281237222300004
9,0.0,0.0,0.0,0.0,0.010000000000000009,0.22999999999999998,90.49,9.27,0.97,0.97,1.0,0.78,0.0,0.85,1.0,0.96,0.82,0.47,0.6647503856700004
10,0.2,0.0,0.01,0.11,0.17,0.20999999999999996,86.67,12.64,0.88,0.93,0.98,0.47,0.0,0.78,1.0,0.79,0.64,0.13,0.8180951982100008
11,0.0,0.0,0.0,0.030000000000000013,2.21,0.59,90.74,6.42,0.89,0.87,1.0,0.31,1.0,0.83,1.0,0.9,0.81,0.79,0.6234082935900002
12,0.010000000000000009,0.0,0.0,0.13,0.3,0.74,95.03,3.79,0.94,0.89,1.0,0.72,0.33,0.95,0.6,0.93,0.69,0.09000000000000002,0.950649351
13,0.5,0.0,0.0,0.24,0.37,0.57,87.17,11.15,0.91,0.89,0.99,0.35,0.02999999999999997,0.9,1.0,0.98,0.78,0.39,0.7750806949800001
14,0.04000000000000001,0.03,0.06,0.7,0.16,0.31000000000000005,92.87,5.84,0.89,0.88,1.0,0.47,1.0,0.96,1.0,0.87,0.61,0.08000000000000002,0.20000000000000007
15,0.03,0.0,0.0,0.010000000000000009,0.010000000000000009,1.36,86.55,12.05,0.94,0.9,1.0,0.7,1.0,0.91,0.94,0.97,0.91,0.24,0.7380603105400003
16,0.03,0.0,0.0,0.0,0.0,1.0,94.25,4.71,0.91,0.99,1.0,0.65,0.67,0.99,1.0,0.98,0.61,0.22,0.7910129460300003
17,0.08,0.01,0.01,0.030000000000000013,0.0,0.17000000000000015,93.88,5.82,0.92,0.91,1.0,0.61,0.59,0.95,1.0,0.93,0.59,0.34,0.7661730891300003
18,0.010000000000000009,0.0,0.0,0.0,0.0,1.5,96.66,1.83,0.96,0.68,0.92,0.87,1.0,0.7,1.0,0.92,0.65,0.51,0.8043340102800006
19,0.0,0.0,0.0,0.09,0.12,2.32,95.76,1.71,0.86,0.91,1.0,0.63,0.10999999999999999,0.83,0.07999999999999996,0.93,0.32,0.36,0.9030715720600004
20,0.01999999999999999,0.0,0.0,0.0,0.010000000000000009,1.44,91.96,6.57,0.96,0.91,1.0,0.67,0.010000000000000009,0.96,1.0,0.95,0.55,0.06,0.20000000000000007
21,0.0,0.0,0.0,0.0,0.0,1.12,88.83,10.05,0.91,0.97,1.0,0.52,1.0,0.82,1.0,0.93,0.59,0.3,0.5955113334100005
0,0.012474742702939329,0.004139376486586599,-0.0003667696147134124,0.21311729360005116,0.47846855744935507,0.861692920666537,96.52031176682964,7.108002683461801,0.8897752215836304,0.8783084376099816,0.9924469233437029,0.6344274815730973,0.4680929701045566,0.8971949868658475,0.9982653693543565,0.8955984867670915,0.6466522507824224,0.34188647694137914,0.7498811111643973
1,0.2518075950384103,0.0049330180790001146,0.011768314269597756,0.1646696765083246,0.08626339499265276,0.5465375134559372,96.47763973197934,7.76305288896577,0.9338650175815751,0.936660569514003,0.9944521691735855,0.6647031136727,0.25373127266577,0.9342696949233187,0.7798235532628449,0.8458992763871419,0.6323852509708966,0.4020099811466574,0.9410180104224619
2,0.27465048772447875,0.0035007237748704923,0.0071618244442167,0.346792888424588,0.315108014987577,0.9678626544896484,96.52154238702182,8.68023167389564,0.9283089955389815,0.8892377568812638,0.9897493532345725,0.592965195114354,0.46099657797404014,0.8800745210069036,0.9623508638252649,0.8978014859997282,0.6060662815461644,0.4194614569700821,0.9552846889620239
3,0.1764827500796479,0.00783643740650552,0.009676257552026678,0.19002059791751927,0.6174557928252977,0.7037059257858399,96.49497665330951,5.746931586818659,0.9072240839110786,0.9148909623960712,1.0015499930446412,0.6433669713522946,0.6175241461422202,0.9574746936490365,0.9089907715881608,0.9112867258197727,0.5980552353178297,0.3507187011846796,0.7246887385411137
4,0.3188929042031077,0.0008426650966658206,0.006083495388398898,0.19561304097284962,0.4370789707871826,1.0139099379725596,96.52385735141516,5.741793318617108,0.9179967434088615,0.8694903928017683,0.988348699523017,0.5811506259804455,0.31890848866569005,0.8770279985843796,0.9241675387561907,0.9318853224576825,0.7574087217578875,0.32925970437548635,0.6191984935542416
5,0.06490476827254223,0.0056013416055331975,0.010684458991114337,0.1327466160163404,0.11446616539605692,1.2622235354756004,96.49848028493393,6.947761402295193,0.9122443419979446,0.8629355327156285,0.9870807113051207,0.581300694682179,0.4536379241094111,0.9376198267083141,0.92548730144467,0.8619729867819755,0.6631331395203294,0.36162165515667327,0.9411513980801828
6,0.15066095479943006,0.003098797942990137,0.0024737542463722168,0.14488312710852927,0.04184676973947965,1.1972489850198793,96.49381120005023,6.200836760884762,0.9351727879342361,0.8970380956171307,0.9924662986259333,0.6452099891431025,0.2511067852048259,0.904594545246377,0.817060965881091,0.9252092928595186,0.6979320750329316,0.32063673091492867,0.8625283172487546
7,0.19941023492864896,0.008703393470806401,0.0041460819704772275,0.14696277534742938,0.5033272349134549,0.8226570174887091,96.49146658889772,5.457992845526855,0.9225537962646332,0.8747186555361143,0.9916474466740355,0.6146023373426134,0.4752600301937952,0.9334966597055755,0.7607600594670831,0.9002546794718254,0.6843408719565763,0.3343147446439963,0.7015784951420748
8,0.05677534763414968,-0.0011855207176251427,0.007514393433540038,-0.013678506852313588,-0.010310487410669589,0.8436903361754736,96.47532924256852,7.010148850353381,0.8849594172412576,0.8819609792637011,0.9970272387413747,0.6470397107798231,0.41119244273484196,0.964206944435093,1.00193238591483,0.9372271265233603,0.682249652892583,0.34618559536331495,0.7594292486873356
9,0.1247271047484537,0.004781475797037766,0.009508210825261012,0.1167621905144079,-0.013980231520490882,1.398147943888254,96.52152448709175,8.556198116945058,0.9037902422484627,0.8780065882728921,0.9952090895471285,0.6210139828249738,0.42382405641259413,0.8903470214438435,0.8684506034799244,0.8650091975353745,0.6482918112287415,0.4133907484644635,0.6634991034748687
10,0.21076674234769988,0.00828029436850212,0.008810083504514746,0.1346773258733605,0.4824764668667707,0.5562176094098137,96.4870260078088,9.250100416730337,0.9261431528576561,0.8751746030452552,0.9791707379246117,0.614091786718919,0.3007249460965577,0.9201436434672275,0.8795756956447717,0.8824783345688658,0.6766746684874687,0.28080872119081024,0.6926586455968959
11,-0.014575251467566247,0.0012516018504793,0.0039382945340187435,0.09211971669083038,0.4158944865099671,0.8159998878351096,96.52479849617578,7.087007943754081,0.9099817871101941,0.9199116553056845,0.995248413107479,0.5544585311189445,0.37953209833038726,0.9438169715624661,0.8227335077243121,0.929354439882359,0.7386105557725061,0.40418971935032894,0.9007190618169642
12,0.0693063505326151,0.0036459222432539016,0.011394628399526374,0.11454703122045083,-0.07386849567181875,1.2627553874798436,96.5003334870688,7.522817521071654,0.9152703696250462,0.9114060235628799,0.9979761301411424,0.71427959128231,0.6282455817529788,0.9281779542581481,0.7332235567664036,0.8411997915742935,0.7051681559339428,0.3236601676886192,0.698770579668709
13,0.2410632729036834,0.0037182235659857722,0.01570563721461643,0.23070320581391957,0.08138889044533432,0.7595339849368563,96.03543818145866,5.320169762461287,0.8991082640746687,0.888564766146109,0.9915353502803733,0.6228514575386274,0.5322384410006906,0.9543118485921169,0.9037632027763162,0.930642274878913,0.6063147691966689,0.20655021282961752,0.6870981805295608
14,0.0656545389566446,0.002008470644321989,0.0026014659777181754,-0.06378430675385896,0.2033701757256507,0.69132080630428,96.51231888868142,8.987811071521117,0.9004450453807737,0.8964229556198806,0.9963714809949832,0.5924720127896608,0.5235689524441424,0.9220334964145558,0.6974996944217023,0.898235010077442,0.6573081803377543,0.22576451374151077,0.6592686091583011
15,0.10995182465153971,0.002725101466718033,0.010416799529032598,0.2837930533006918,0.6880263087300758,1.2381240185803215,96.08938605350623,5.350163268493162,0.9042465977248447,0.9146176719239814,0.9918653808650124,0.7124459603412775,0.08217773994100164,0.9376214047195536,1.0883130881212688,0.9504813833309521,0.6231802119952029,0.19257375054470574,0.7670870833347172
16,0.04689402185052986,0.0015514886620947342,0.0014142965678845222,0.11870500405175179,0.015028282691871953,1.10947726267634,96.52789602313678,6.750732126290508,0.9457355763336464,0.8557332684330167,0.9933080995522701,0.5589680582642711,0.2935541328703043,0.9340681573613876,0.8629870818172872,0.9425412024923286,0.6863459974351878,0.2749874329768893,1.0340056733864258
17,0.16038146434720488,0.004710735115746192,0.008105773509142863,0.30096709581883074,0.09046094853555073,1.2681600034996912,96.50816414710077,5.5410566201584555,0.9381597220846888,0.8357732913218107,0.9988511182870707,0.6458866739014811,0.4895934216704122,0.8626681357556034,0.865997755828808,0.9247149124191255,0.6634062488723892,0.3456475506080647,0.5911095900462306
18,0.1640430872700903,0.0011919634169587348,0.009269580683212368,0.07889748469837111,0.3931385651711036,0.6599943337777063,96.48907303262392,6.367076104433258,0.9233517967513439,0.8626817069514442,0.9936437398520499,0.6351114968419889,0.3744990964527629,0.9317906601515749,0.9443091389057459,0.8637426732902409,0.6234822501098721,0.41647167006625596,0.7572302131296132
19,0.007559411896872675,0.0014822593246650007,0.01055639923627763,0.21833599878870452,0.4446880978924068,0.9787595836885462,96.45337274084874,8.168643464290232,0.9314400411305522,0.8582999409455819,0.9913722276802316,0.6400988065059086,0.4341899935310895,0.9164091620983612,0.7767448013632701,0.9284741599113417,0.712353695359065,0.32106403781195203,0.8069454539280203
20,0.05677432946350083,0.004328044931691551,0.000906662584512748,0.2915931968372092,-0.0015265735305513561,1.0271452146606175,96.4556958161479,6.335919589659851,0.8851924737320425,0.906057401760051,0.9967166113756232,0.6774267738703066,0.4416024584813194,0.9464188057765016,0.9190097177350394,0.8619148359857135,0.6381617601824607,0.35048131967407137,0.9053616576705347
21,0.07620902826474774,0.00204288001216196,0.004587846798287694,0.23361328683917718,0.3062997109479426,0.902667511491138,96.40271426063758,7.797959469998381,0.8740896694447725,0.9068636725316588,0.9957209881635539,0.6604706748533951,0.20972347122910073,0.8724363594949273,0.8235764437420762,0.9074686480942529,0.633466337189197,0.39379001268066527,0.6446416576088837
22,0.24321153151909275,0.004399131212593443,0.013120347314153033,0.1394503778370301,0.5319174295294645,1.083410282842012,96.36164762576526,5.790621005443478,0.912226063748837,0.8874137955459525,0.9985201006944396,0.6517545351540697,0.47464643098401516,0.9097310199833578,0.981346105840803,0.9013977310334366,0.6395459791440807,0.3819444021472443,0.831545759586677
23,-0.03426463547491504,0.005534268574369989,0.008900714452295202,0.17430142475567748,0.181733516325428,0.6148744374755056,96.4750571076942,7.549613755958211,0.8949737996448501,0.8665264157827766,0.9966876750177661,0.5175643383532132,0.38086721878518903,0.9263061034022758,0.9444829629526583,0.8799720103992035,0.6162127210093761,0.37868980581410777,0.8804045110759309
24,0.07474498032536171,0.006217745540838067,0.003796127955660331,0.10266152792634728,-0.09242008349975012,1.1094107595382179,96.38393471681849,7.286215157120131,0.931593082828619,0.9013481252147171,0.999571018860399,0.5743044827911064,0.17029412292648233,0.9361957295798234,0.8573625198712586,0.8872235326124108,0.6032967341081183,0.23538268099479387,0.8199522376123717
25,0.2722457010140932,0.005958755369407447,0.008814499377624296,0.22824613956570425,0.3445909940217781,0.7880502644212377,96.50422056875765,5.661591538241092,0.9138102888648572,0.8888034846588413,0.9910343351837306,0.6544519732069213,0.5356654936060259,0.8822173535222668,1.0122100728538836,0.8910031833157589,0.581975233730602,0.47997848430155166,0.6997356451626285
26,0.053220333541764794,0.0011740938876266941,0.006924891418424978,0.01292087162923039,0.34417005106524445,0.5676243419070016,96.52126018343684,9.25150667833177,0.8927355831896203,0.860541722073843,0.9886632005974506,0.5367050696052338,0.23436329293402752,0.9318831524956499,0.880681075282302,0.89875750538507,0.6257075061047584,0.37773854833742654,0.8026616242880532
27,0.3108850633218936,-0.001896750244596531,0.015389542335112305,0.16444929696688895,0.3631818835075491,0.6428619266748709,96.52448888332287,6.586154699027074,0.9466259678348584,0.8834075303667529,1.001729608871528,0.5553321137512565,0.42228511143757275,0.9506720403556524,0.8568675833170643,0.8635405439680905,0.6559592872160602,0.2534154436750142,0.8169019213914045
28,0.20851476523371942,0.006475641793910648,0.002964882554247066,-0.026592089929387802,0.27594571207920987,1.0893563255004348,96.52185675454365,8.532552891411557,0.9057197658771926,0.9243054409820033,0.9964238435812347,0.5300923435192979,0.3882096267899822,0.8750027905626846,0.7713166335921487,0.8479174608263418,0.6425724388043565,0.2632512840916705,0.9266495382552358
29,0.2922963014225324,0.00416952518477963,0.012014513187627793,0.3108689760507699,0.6398934988017235,1.008960722936044,96.5047774243946,5.893802241188175,0.9208319405764309,0.8909781808976672,1.0036519748827093,0.5574463400936239,0.46158307334383214,0.9104070777081685,0.8586320402716376,0.9264244466697944,0.6698770821285288,0.36401869148380867,0.8402954530136306
30,0.09895632999944945,0.004985357095797956,0.008150298693823024,0.10028981463827186,0.14493866525510615,1.0264517623026845,96.49664666084759,8.283147334243163,0.9318453509796294,0.8712889950986147,0.9947158726379818,0.6442294859080059,0.2801894312161496,0.9205695127313831,0.8828335869550004,0.8705711233662391,0.6786453414472897,0.32821019464655954,0.929741320982663
31,0.14298803606230004,0.005478924517488145,0.005734664252492537,0.3141882918650719,0.5546328926277061,0.88910021407238,96.49235235574969,7.322290877792788,0.9168586324611748,0.8991230663848332,0.988957063875189,0.558994130838346,0.6159467452162616,0.8600934201288389,0.8998131955331684,0.924776554504605,0.6974720928212885,0.2702205975960334,0.8615460861213771
32,0.21917766426165824,0.008289149248185875,0.0014996530037026815,0.07184089831603503,0.3157130495859677,0.8801704124298596,96.51469062941544,6.160486819974799,0.91896533424501,0.9311817851804534,0.9972910824778864,0.6028409122914428,0.3208980253074797,0.8856646443875176,1.009852152400351,0.9292681809188238,0.5869740524559364,0.20853562410427146,0.5700075362607744
33,0.18084653784523566,0.006322885942593256,0.012696584052282186,0.04617566406811091,0.4912412904839537,1.3292809421469625,96.5091061309206,7.360585711244009,0.9134539852033927,0.8789907459007595,0.9863395846296574,0.535766578963065,0.3081503535656684,0.9462369190957113,0.7525049213163717,0.9508036782963587,0.5930797739632252,0.18500580771307337,0.8229170546608633
34,0.32626724948831737,0.004935796288088818,0.007639414993052454,0.030241270827410793,0.2889240969432302,1.0147529710019867,96.45466852797382,5.741198152182364,0.9133244502883222,0.8922547669037031,0.9926066345312295,0.6418923139744784,0.2088470943900858,0.8621239492972577,0.970894576927809,0.8892838086483772,0.7105527007565643,0.375756531173952,1.0139022057185814
35,0.08017742982226984,0.0030242631956446525,-0.0009113632857577101,0.10099771722609606,0.26796964911576293,0.781516382490021,96.41535384875692,7.551038909809887,0.9079289446810698,0.8637243227004847,0.9973728014532364,0.591040165683629,0.3125304901660163,0.937778451646951,0.8778698529002791,0.9032070703523507,0.6071455397445428,0.4262506919366493,0.8378002879071089
36,0.12609592827790655,-0.0006378245731721191,0.0025909506480756624,0.19528823580057686,0.3502181281971031,1.1872232934512033,96.51049840985621,5.403882897642913,0.8777274382453085,0.8855072152163478,0.9912460251719539,0.6861814190872465,0.3980906434517506,0.8960352785587136,0.9262994101454366,0.8675614956251585,0.6114224593104521,0.4260376567668214,0.6583044069467757
37,0.02607781820439875,0.007581492779994191,0.0034645434302524804,0.07114087342358207,0.24365763648603728,1.0196079489172052,96.50521401487643,9.774012549806866,0.8982125484687942,0.9090311300952049,0.9813093203167583,0.6089713019712052,0.12825354566756303,0.9381704064327844,0.8448525916997366,0.8841629291251348,0.6306272654494922,0.15706399682589622,0.7369066005554006
38,0.29306861440480014,0.006122651822699408,0.007077999974619342,0.25401891403929067,0.3330340510589491,0.8456198359598666,96.4891521838772,6.943091837500717,0.9149067075459993,0.895800152519774,0.9871247902472079,0.6148078379457461,0.5172335475355039,0.943133056850076,0.8972399611677685,0.911162659580538,0.6636673034155498,0.19012508997405156,0.7954054442763249
39,0.24989333240151834,0.0009899224140639423,0.005925591545083889,0.2660558884348731,0.3065449796150904,1.4043508355790757,96.53172381130727,8.723550877078196,0.8900795003559159,0.9168570709246919,0.9981754327407177,0.5700297421355489,0.4970737461752922,0.8778690252011006,0.9700554127566932,0.9087879467207981,0.737288569873475,0.30516259089744363,0.9200941612843807
40,0.10138928949168857,0.006400191545844246,0.011132367485069489,0.09999881734561969,0.37444304704137615,1.3220719024416043,96.51940977816605,7.8989665226109285,0.8935672207195531,0.8841931151456587,0.9976776739984281,0.6227171401696715,0.3870086293939461,0.9068723612492692,0.8528819927164448,0.8832091785905145,0.6428719899386106,0.3742039315813239,0.6466227854249784
41,0.008208913135476864,-0.0018862270747087534,0.009195290670764439,0.11805487798615422,0.08793084171928572,1.0260752465693308,96.51883474291262,9.10109505918751,0.9379716666599415,0.9194975253938674,0.9914069674043151,0.5282503697161155,0.3765514820178273,0.9207818144185115,0.8964874235321912,0.9073675954626547,0.5982733512410309,0.4247454317565759,0.8746302888655519
42,0.03412939969668716,-0.0020332032063813733,0.011662420603511343,0.17335633777711518,0.42944758943394046,0.735617132590797,96.43961440710015,6.025828915449971,0.9160640334427845,0.8729126034612665,0.9996232021809804,0.5746562749848991,0.7115663068605405,0.9188415474929897,0.9655220761633988,0.9424029372066463,0.6875500889505849,0.4103465307684638,0.9592293841669776
43,0.2572593897776465,0.001870604224250043,0.009430872271761238,0.04587441991612795,-0.0029430462247790334,0.9488841740419587,96.5166503920715,9.11158534444753,0.8980994236263532,0.8703395797937046,0.9966304688563025,0.6929912283436207,0.3784970386004405,0.9163601602081665,0.831283947047685,0.86736648775338,0.6845581304372083,0.33494954422652085,0.5062509520513723
44,0.2476058287681731,0.002069826075532084,0.006866842897950213,0.19883551383221928,0.16965873890210068,1.3688638003680476,96.4985862860823,3.7610932296654798,0.9000508689464902,0.8692299267088945,0.999202724476476,0.5178113159971802,0.3340616052482039,0.8834195753086757,0.8314682297226136,0.8983784903698028,0.6485871252668735,0.32802983170349925,0.9590062467237735
45,0.08682973939185169,0.004964532410376728,0.013494156654546667,0.08848165824168823,0.07363003683034758,1.1922479100854317,96.45202157581501,5.598573894367502,0.9078716436177126,0.8800244428931425,0.9931556639155276,0.6340745685614209,0.5173378679779229,0.9148323506115673,0.7966227343734119,0.9065867910435764,0.6424343161199245,0.4074850075136274,0.8421369396385644
46,-0.027138316559763787,0.003768161827294843,0.0013871457606114326,0.02818557518521063,0.42666884833894475,0.8544654403236436,96.52352088866716,9.327868669397947,0.8988953927504564,0.9295763639468515,0.9869812505241765,0.583768814751871,0.21310876212428548,0.9204082631887582,0.9068925564008986,0.9043675981553913,0.5970400391943724,0.32211490486305067,0.7558423313955618
47,0.26266351376710373,0.0035308247509045665,0.011146884971787554,0.14351580984602844,0.297884616250501,0.4766346769242824,96.50535413776649,5.645557891336809,0.8878808060915766,0.891886757233027,0.9914992181723522,0.5371972171223875,0.28957524015001784,0.9510889184366503,0.7278600195158912,0.9609924930260354,0.6404711616611508,0.3360342182442793,0.6358389986487024
48,0.21484342380829996,0.0025226503915026397,0.009378501407419096,0.14430334263565914,0.23836044302963255,0.6131051532389329,96.5002529373835,6.161750814454609,0.8927541045734858,0.9090815340179534,0.9930523158685258,0.5679338714457391,0.558191280278773,0.9284341954361787,0.9302302265053292,0.8863029627252805,0.725318393731469,0.3612282351664571,0.7986507116387311
49,0.04375095960266734,0.004687657767945809,0.007511577388687952,0.08717537960597241,0.09479722111069697,0.7791605896925444,96.36898128305144,6.817663826605101,0.9045177501965065,0.8595000520649941,0.9816779564831121,0.5334652370463977,0.2115567819304785,0.8619074925672995,0.8251666643280977,0.9007609983306253,0.6897662445422764,0.2135653218322418,0.8344026873915755
50,0.25272469188694374,0.002958477324493936,0.004612601014946776,0.18589870303929065,0.27919351119310426,0.7815046440965181,96.49103139684794,4.637682741572933,0.9151526426822523,0.8783968536516636,0.9865751596093693,0.6614508029760547,0.4060787949628741,0.8614003522434048,0.8339108123576142,0.9371654771288314,0.7565194902992834,0.27408160845989044,0.7433495060428819
51,-0.043718166678716475,0.009735730978452501,-0.002058540974803854,0.13774571806020744,0.602162134735066,0.6963932852913719,96.51337218769137,8.260607305348886,0.8997594570184235,0.8767800183531667,0.9864665675324285,0.5117638165621805,0.5323570839814427,0.9355634460028255,0.9112028431216562,0.9480658740988912,0.6859797384599364,0.29617523764631537,0.8325367182885022
52,-0.01273653709281855,0.0025801158123244525,0.006258998840697835,0.08531839196073751,0.19768508833336484,1.1663118160433603,96.51448869582937,7.873087772902847,0.9214673995527438,0.8637609766511729,0.9958159877154813,0.6150355605711924,0.44801001454715667,0.8784806089836045,0.8651032222396423,0.9141141870796142,0.6590798164639509,0.2857319544645205,0.7610767810251192
53,0.13313364852862203,0.002750022581086284,0.0010863847192234257,-0.020071916498761583,0.3216937613099475,1.003482690567523,96.47906781077508,5.894170216203328,0.9160826059009098,0.8947353160242115,0.9903688642475947,0.4713179281809243,0.5492105650923164,0.8699503745119156,0.9144409125172513,0.953941477526033,0.6077545343597298,0.2849166989602914,0.8736723665070518
54,0.23128962375703213,0.004158632238015178,0.011181603650497553,0.02431467656327521,0.34407127180547425,1.1891414659563357,96.51726290530351,8.369049790577966,0.9093775797770127,0.8735260830800597,0.994710685317576,0.6397284846616206,0.5489526949154324,0.9332698739638131,0.9892237724942484,0.8612732573832137,0.7117474993411527,0.3211598418544562,0.7107806011827018
55,0.2624985395768715,0.0008312402500415383,0.005995857239116374,0.07064181308920414,0.6340221705620274,0.6105254979176198,96.39470683879618,6.085604479636,0.8830848402298913,0.8338771462348908,0.9876540003007687,0.5258447329837216,0.267133428305804,0.9277764385806874,0.8405833883485784,0.8605967122888438,0.7295860362451358,0.1446936804566667,0.7423126986236633
56,0.010143590093878135,0.004399279923370445,0.005045592665793566,0.3532276098045665,0.24114016345334433,1.1891725591756237,96.51422131562397,6.471893548318806,0.9277243407480178,0.8681062688473359,0.9897224827499986,0.7058062532764497,0.42528179224058965,0.9312195152276868,0.7756985585086806,0.8576459759943548,0.5738783559132262,0.334143383440093,0.5953251664219149
57,0.06631317318596892,0.00420776303157088,0.0041130988864985455,0.2527423310271211,0.333497020954591,1.0378165232813523,96.47237547442087,8.061377384951294,0.9241364552484488,0.8975785541379641,0.9891763340533855,0.6303607181666411,0.5322469274754525,0.9288675869406765,0.9013525858245781,0.9641532621613221,0.7305862509414799,0.3483817650030139,0.6193852994420552
58,0.31405021987283605,0.004471307470547182,0.0098892621749407,0.2093041061906895,0.5326768568509118,0.8135804372428208,96.52774275498557,7.531286275003571,0.9221365427772766,0.8724669962819159,0.995584693128906,0.6106924229081726,0.5710194768004869,0.9044890891338639,0.9113288808832766,0.8880757823793475,0.7241094791016197,0.2966140812202162,0.6518608355737893
59,0.12517044170322666,0.0040717315836596955,0.005873419341324348,0.12541853459192132,0.2742839973059443,1.1739026726920414,96.51214100812638,7.375028352138232,0.90884382396832,0.9210200462184341,0.989268245525158,0.513487770049989,0.5072157864228797,0.8702343121078034,0.9309741515485777,0.9376944695722033,0.7187463822521548,0.3631152609715643,1.0347162811307704
60,0.3203979029659902,0.0017975754676490298,0.00768595213907123,0.21916181908082755,0.24483828150782086,1.172598856328344,96.43049047712076,6.49764114978171,0.8915678398849948,0.9078870286016826,0.9900991659821726,0.6350417575647225,0.3513316007347593,0.8731410157726972,0.9332327490973112,0.8814854635660211,0.6394590052906909,0.2700729131304057,0.9052336181525236
61,0.09435333831247547,0.007385314322999716,0.007500766428467304,0.20748811499100572,0.6292391822891146,0.6870001470787597,96.52356843535641,5.433928720675462,0.9027685403728953,0.8843311861028197,1.001174571999805,0.5654287282304722,0.37782822893954027,0.9087745494437389,1.0062244462264278,0.8993035748130531,0.6640666830948603,0.34207946935338607,0.6604719405929893
62,0.16758884491856388,0.0021423608158731046,0.005229917122845844,0.19001235538891476,0.7222240066335731,0.9110150752924184,96.36987879673251,3.960925522195825,0.9194678964495028,0.87390346541528,0.986889588977535,0.6334185195064962,0.16006353572984033,0.9057059577073157,1.076448966784464,0.8982629001914109,0.6874184238805027,0.31695172276451944,0.678908452069183
63,0.032493199463994565,0.003242259135443052,0.016451670228920832,0.09626370424818757,0.19432719616500282,1.180732427052307,96.5295377823477,7.588021458494217,0.9415080824610783,0.8901831677527274,1.0013006939039566,0.6065826616737137,0.2565841211026022,0.9413278514424184,0.8261317622840727,0.9063805941593525,0.7293270806499312,0.45725877911715973,0.7863699947949535
64,0.17786005878874558,4.313267959006259e-06,0.00580339889191546,0.30552574562259216,0.6123945156683703,1.5278486019716768,96.30007969755042,7.5128800157875,0.8927979634333486,0.9032356887167645,0.9954890500524786,0.5715465815848034,0.16096098688460142,0.8834144119630759,0.9993390620739065,0.9034445345120016,0.6603722647566038,0.3469402350421991,0.8504726207266307
65,0.19737302054962919,0.0027504714193887065,0.00535436163951062,-0.03933269701273043,0.5197370441334647,1.369199096489193,96.53023979523007,5.532647388925222,0.9283903165945878,0.8516076107672901,1.0011471482778203,0.6909760158665886,0.42836129597506184,0.9367164384797727,0.9638073631255529,0.8794921615670015,0.6734935426617078,0.3551822886708518,0.8569591983018104
66,0.1829018947525045,1.2497772636940307e-05,0.003912568384310123,0.009257801835093143,0.17356382323568392,0.948346883564274,96.53097285330364,5.052202932741493,0.9152060332758585,0.9108033452925921,0.9975711737032396,0.5400107818507209,0.4693518186898701,0.9290459091725494,1.016307732476065,0.9205639169386671,0.618954673484365,0.28365330826840796,0.716211926573365
67,0.08012643983617572,0.005101597862909254,0.0073041059032581315,0.13333545347682643,0.12743923097633278,1.0890741388481429,96.51143619837994,5.006099544731437,0.9065453468511455,0.933955311694348,0.9907542438275265,0.5630363514967498,0.3794956438913074,0.8690456496150302,0.8881546129481495,0.8737081161641402,0.609954382664039,0.2619544335892099,0.6334043633241907
68,0.18180800657064572,0.008043825408920232,0.0024740640528584587,0.052429130892841375,-0.07295085137083557,0.5183924593137363,96.49915908384449,6.0170030858780414,0.9015457622317301,0.8727672699779216,0.9899590718238291,0.5552542214277721,0.29039170866795516,0.9277201685563721,0.9542013158682701,0.9128090527815327,0.6107476797959223,0.28597772436776736,0.801526014462027
69,0.17290904810136015,0.003206549283622635,0.008307870456243838,0.0818608358798068,0.2317336845476832,1.1496823531222429,96.48437206348979,8.390799614774572,0.929519080952723,0.9110022659795814,1.0000203104463612,0.6532779029155537,0.5546823164253937,0.9465850701460212,0.7820746716555821,0.9299520764804435,0.7057818625136194,0.2905421163309013,0.8512748995861769
70,-0.08362917321839086,0.0010653531320757698,0.0025825071775769067,0.0008640160744892433,-0.030986057538270828,1.0757070729983744,96.49126213813398,6.624044469311623,0.8992520535931794,0.89378357488581,0.9964108375297489,0.6185965481285267,0.42961908375103014,0.8856529903103932,0.8545804925503523,0.8932012166584811,0.6623598354879839,0.3330038473342652,0.6195767481046958
71,0.25594773143927296,0.00026650378001937675,0.011033112949369626,0.11171174776419393,0.06512100855617195,0.8947909223298234,96.38376606591487,7.115864039437983,0.9353533725877025,0.8537972718928557,1.0047101552710664,0.7255211054116443,0.39906787456283155,0.961728826302231,0.8734169495025956,0.9127666280139354,0.5681827539503922,0.4333860762381946,0.783743356163668
72,0.3534254242902627,0.003278274350255327,0.0009754807812325083,0.27264246151396276,-0.007143134500824377,1.0356969588913747,96.43965328351076,5.744367629921075,0.9082323528693806,0.8941417716131435,0.9909158794385632,0.5606303622490538,0.23369293881210493,0.9086845498642937,0.8904349256176959,0.9321894787990664,0.737334403354516,0.16042521700525428,0.9098110361853403
73,-0.07894982382360682,0.009388204716484903,0.007281263937808348,0.1892584793095788,0.32566939276189877,0.8537603307131768,96.49898400015351,5.5521866987392094,0.9017152513891715,0.9029126627398059,0.9902171591695711,0.48974221275625945,0.46665380327661954,0.9463879370919321,0.8428317065395738,0.9230304737892416,0.7164366701490155,0.24058837870154606,0.7653436740120193
74,0.16797786215104268,0.005932498034588406,0.007408353330181548,-0.031298294507512425,0.29997984461711125,1.0453536105146328,96.50533064410827,6.43764604644572,0.9001207996682988,0.92696988027574,0.9943133361557731,0.5132499578038768,0.4420930973130427,0.9596875202452887,0.8912793808110108,0.9396225017609386,0.7076771281630423,0.4175703994859496,0.9752289652508314
75,0.18086533709355326,0.002416350304518885,0.0066223997573003224,0.12674060127320605,-0.10425154426633426,0.9557365707895997,96.5136910301957,8.76986595517431,0.9343450150232981,0.8606062172884205,0.9941298012149575,0.5963076419682517,0.4103793951456737,0.9156637461383668,0.815343327152309,0.8738992721669356,0.662151053184417,0.26629010121297586,0.9459483003977798
76,-0.04094827415536184,0.004788985220672633,0.01298410663285445,0.16101204092771815,0.10119151974746102,1.0498481277895466,96.53348024194521,5.612029233530267,0.8922192131363638,0.9114840506841102,0.9889101750418627,0.5625698856232397,0.3497170360139277,0.9062338787567956,1.065609597381327,0.9380428919525214,0.6068728690378713,0.3528457712837514,0.795535463027142
77,0.36853617634341107,0.007262911706019198,0.010754158666435098,0.2952137027541263,0.012825971820325577,1.1935133629990264,96.26376018006944,7.608624123457307,0.9313772058616,0.9205219397922009,0.9982824493733763,0.6892365697831954,0.5726796659961972,0.9154203866373806,0.8405835891312896,0.9329788293240433,0.6966234827044039,0.40847112494988047,0.7977757946720102
78,0.043767362331820214,0.0038062389335013786,0.005194742327579093,0.36971095545032895,0.6149713289310925,0.903334411819343,96.48868454820416,5.1411511589071655,0.9144630682060768,0.8640898382480613,0.9952291478053914,0.5005679305673342,0.44613227237837044,0.9362827986705652,0.8770821312317743,0.9387133559178704,0.6859677580818156,0.25379447775937514,0.7165702887813358
79,0.023806676573380425,-0.00031757073825771894,0.003432344360206499,0.1379578469093319,0.2350363177608914,0.7121382467385491,96.48543599058321,6.106618777666888,0.8833021132266793,0.8854046809209455,0.9916895437490878,0.6525196018258838,0.39561592679350055,0.8842164849082299,0.8522327223799575,0.8957613847671031,0.5919356637312622,0.32704518043889164,0.7738008739408669
80,0.06193343068631377,0.0046937769105270125,0.006942775308780452,0.25460031408154815,0.1466327621306,1.3654129074165127,96.52721974140388,6.152084794439575,0.91081785107598,0.9068273942697436,0.9905360675624697,0.5103397360913625,0.4534287512077282,0.9285815259914296,0.9987224153426019,0.8488429423946043,0.6660455871063821,0.27729787258896116,0.9093996084297181
81,0.18562443979526128,0.007119111678884507,0.01666707302540171,0.20069184838092538,0.35512764485385784,0.8830836977777563,96.52863047964239,4.214044375370346,0.8846956419047337,0.8611118303792831,1.0033637973362797,0.628315017635404,0.5611021411221083,0.8593860533847049,0.9373094089991327,0.9326668449908548,0.7065478286636069,0.38734728958765524,0.744836362577024
82,0.10470528802425728,6.706027438300706e-05,9.587375223288341e-06,0.1293919862593019,0.17577483728188326,1.1298108000095965,96.53040536958319,5.871698247851595,0.9320448810880885,0.9122189263672106,0.998453236431441,0.5701877367822961,0.7700349968046152,0.9142261500519644,1.0629959514616945,0.9113854089489497,0.7081942930608448,0.373835695521019,0.9742573514441177
83,0.30897371265305734,0.004785741466849281,0.004973497304403284,0.2513137972253326,0.16763882246472692,0.6417111746349333,96.49638627280237,6.075285072357347,0.9128387161576812,0.8689094641856135,0.9979747347476352,0.5928016701013409,0.41899060760479395,0.9166321327658916,0.7963127330379578,0.870345376069438,0.6932245446330183,0.32289444211324864,0.6945680051681064
84,0.10570844065603101,0.0017737118586756216,0.008989872010177037,0.14681695240489592,0.05391000792309403,0.966545917779001,96.48124712726087,5.880411329442906,0.891125742639486,0.8737816557377811,0.9964342553836887,0.6037211695524317,0.10901109611645537,0.9610422428943624,0.7640138580368663,0.882849648891604,0.5498678918206098,0.3155041077811759,0.6932491728657895
85,0.06976725602193387,0.0035781878980448703,0.0016884088241888237,0.1410571808110116,0.28883811210352955,0.8761466966941779,96.41947754514635,7.528444323487825,0.9212569372311208,0.8622201288512621,1.0058540335475423,0.570031864006502,0.4417061630739362,0.895249213145221,0.8234127843199238,0.961682920441383,0.6231066465984723,0.43352086558160663,0.6411276771515764
86,0.20186953195014706,0.008095287338026183,0.014060857845085834,0.1948142498687899,0.48094407001321465,0.8159541351474379,96.48748441383039,6.1127831312097705,0.8955899285615169,0.8860634005195671,0.9921093388701123,0.6153100321490099,0.21529375853053828,0.8716176338899875,0.8277537639049705,0.8699816826487741,0.6650244444599213,0.3921072961168288,0.7731082964283539
87,0.15871858931622587,0.005211730428975946,0.011205843181344457,-0.010745752117222507,0.2103333003864219,0.8861673521133833,96.52831023870601,8.660703384560962,0.9246639324055167,0.8568637479493917,0.9934224706980694,0.6677996578000844,0.2802159095333019,0.9076426053233732,0.9782663070028048,0.8551560606403797,0.6346713129422437,0.3839611542569876,1.0294593545754644
88,0.25919125658505693,0.004348920618791441,0.00287338878409562,0.12039687763422738,0.35418072704383324,0.9112706936867889,96.51095401901372,8.385416534496953,0.9289194737852635,0.8748010688533966,0.9872866129749657,0.6236695370885657,0.3181300416182666,0.9406061781699147,0.8167207037227179,0.9107911296408454,0.5997664922040292,0.3410680179712579,0.7685622144936591
89,0.21731179527570588,0.005253559805743094,0.012570497335104206,0.002089369294118848,0.3267032669854746,1.1860525482765252,96.47628604976794,10.237534151731115,0.936744630782751,0.9227524431464467,0.9929807981157149,0.6808356962690523,0.5496885161283754,0.9240693966227006,0.9208408220008487,0.8717576866119878,0.7128594316589187,0.3087261747985429,0.9652558006426054
90,0.29571040069711724,-0.001497367216997969,0.02022555736268805,0.19723328337846058,0.29885850769805744,1.34050297616131,96.53030747934064,7.046510104378672,0.9295261694409074,0.894278592249625,0.982344462580354,0.4943233931561658,0.509070036017534,0.9148915335750124,0.8969113735380716,0.8817275636424649,0.7190977034663497,0.27852029329608324,0.7872933080915407
91,0.09920435636950789,0.002827287594766019,0.005001462653985456,0.1407964792799067,0.0605171000663928,0.6962686744007114,96.47167458028414,5.517803045504996,0.9333480176124471,0.862277574864511,1.0021701151311515,0.5273668353056595,0.5280548797880079,0.9581419232131742,0.7868660355453452,0.8859523634664446,0.7134568865261942,0.28421900284097334,0.5469385672352236
92,0.3465899356392472,0.008583096334890144,0.014570004226837158,0.3388376862597975,-0.16775706759846643,1.3935456714066219,96.48247215372491,4.528549235959958,0.9093617185108476,0.859023164351032,0.9803928650117891,0.584619071491837,0.07607929211072667,0.9279299048149341,0.9924439614723202,0.9642969044709425,0.6087263740584573,0.3369000947602697,0.6956278948635327
93,0.1579953661590788,0.0020929682489955435,0.004786227876642738,0.20103234138223072,0.33073430362718437,0.7609561913835975,96.49189562784655,6.1506254286603745,0.9215399869099167,0.8845198242355005,1.0033620931347569,0.6185347901592542,0.4559669036199546,0.9527000679121357,0.8519479622996398,0.9062308479560681,0.6366650286787036,0.2941321358576093,0.820483258931119
94,0.18443735845391376,0.003716805784026947,0.007993553628527812,0.15416082525296937,0.2669794392157323,0.9197835321753013,96.50928848645817,9.315066021149832,0.8917584196163423,0.9192456124425521,0.9958148456492275,0.5763910412016856,0.308714833111116,0.8876114298918212,0.9086103044845503,0.8857325145724317,0.6967944154684458,0.20463088358698694,1.0046765383852962
95,0.31414950169280487,0.00450586560798962,0.007366930323214513,0.09720755484745922,0.5416762584993717,0.8619350344989812,96.5239963555596,6.849872237045693,0.9055604443667223,0.8616130134239846,0.9868271799244139,0.5909240833550241,0.2774226985726081,0.9146067704239798,0.7530357047553463,0.8765329565207189,0.6593201767696394,0.23021643123583768,0.8010789249844575
96,0.13671781793753657,-0.0018652339131540875,0.0008354681494299014,0.20127316284501703,0.3078797248907213,0.5762568105830326,96.37631326221918,4.895848489854078,0.9038666802952868,0.9084618276836625,1.007374055688972,0.5957652978821241,0.3582511182225936,0.9076090952466905,0.9239701083990769,0.8923706479681296,0.5690883085749446,0.37430883336929516,0.7679314669506642
97,0.09394527078897846,0.0018854731842334643,0.010365543515768684,0.1533661711776109,0.2971556832754765,0.8782314624272871,96.50938413920947,7.925911594520234,0.929929662284498,0.8994754197888394,0.9976863284739127,0.6881142604886867,0.6774935234075667,0.932475665548204,0.8816615851040729,0.9356468369733578,0.6581144844962975,0.4179206180039439,0.8442414957813458
98,0.26033412259326505,0.0008976177288996549,0.00840488613127433,0.10743149499419333,0.6437948962507287,1.1591450345546126,96.49606631155241,4.110796774541462,0.9094932041627765,0.884474918464612,0.9893493534270197,0.539832490457541,0.448058105645589,0.9078140236472951,0.865492154485778,0.871845636402262,0.5836676745159759,0.32286385629014336,0.6226221557230258
99,0.03792148464294892,0.00727891670339402,0.003220613109791769,0.18899853337878436,0.49647152621683194,0.9926377943672908,96.5191860290402,5.265511212695285,0.8800705147991136,0.8734496701169011,0.9875098879744002,0.599955906156668,0.255232217934603,0.9227223586563026,0.8209121934083818,0.8726912154435339,0.6370758101608825,0.33288376189929825,0.6899400640595672
100,-0.021027378505878852,0.0036124946356686474,0.004767758661204179,0.13541664296723305,0.10710512308195808,0.9969173367591633,96.44169946926668,5.405034961595241,0.9015558563627212,0.9087305838174397,0.9915913782607474,0.7106116514862024,0.2135306611553062,0.9058159964340863,0.9829481582651697,0.8793473912274385,0.5841522089604475,0.37297424760129116,0.7460606812489393
101,-0.013733489065340831,0.004570809451425937,0.0029171488372092113,0.08037243339484257,0.011268617594241304,0.9690168496113669,96.52661226252721,7.344981560272338,0.925772099907591,0.8869532652652387,0.9953367056371821,0.5798792603358403,0.302772172710399,0.9339237391651154,0.9219026165520509,0.9119459368946308,0.6266208074847459,0.2911759462789937,0.9628586338795639
102,0.02464708480864289,0.003923643327147437,0.0034192447469692626,0.27641544970594983,0.1133159814855586,0.8629268530184075,96.46990444501226,7.228796946120692,0.9142893165727641,0.8860940281912361,0.9908926984246692,0.6818412054934635,0.2816957675890107,0.9227857749829883,0.8302363847638499,0.8937264144870893,0.6814892839371449,0.28201155856400034,0.6528291120571014
103,0.07439175656386468,0.006575362958474176,0.0012911464543783223,0.053280966947379604,0.09942449168640805,1.0605831969836543,96.38679227284202,5.9635408030857695,0.8988049928582366,0.8350982603714427,0.9972327104353134,0.5905597469268031,0.386020967528361,0.9276593826351863,0.7804128003248667,0.8591272181808899,0.6502645229716392,0.45673983639462445,0.6383253782776892
104,0.1363414842477374,0.0029463637493185703,0.005381370659435627,0.20889922687987494,0.22115158134166502,1.407545669270309,96.48439359934315,6.133349797958856,0.9066845915343823,0.871990012571769,1.0007326483637307,0.4755448668576309,0.5015140554929679,0.9017298082682604,0.8858797623078407,0.955564193670895,0.7300617501461403,0.3121261998885191,0.7560050390711796
105,-0.014050221590783257,0.007839003138012526,0.006550092675966431,0.13627177434417034,0.1241146182589094,0.8898676291281771,96.51569330518566,4.752506932050817,0.8912174549854134,0.9398660030109874,0.9941366546592875,0.6570431866487385,0.4257990141806619,0.9210230865355126,0.827924228426874,0.9200777945058126,0.6032728964107641,0.39852817313512057,0.6258986177157837
106,0.08273380177885536,0.0005324132380141043,0.006936493756135778,0.188421867160332,0.40787557459167967,1.1824777368372645,96.51166498186112,5.446487586232939,0.9010447639829819,0.9063348615479233,0.9920893635058654,0.596346994313491,0.2663782868205306,0.9339841885986104,1.0078106081333564,0.9197039609974142,0.6535622263765096,0.34294407542168365,0.7388232190682053
107,0.2823854486900961,0.005234057281486382,0.009122805902973201,0.1606793828327011,0.0754868795267701,1.1094984783350121,96.5207463995066,8.521506859123551,0.9520789622614119,0.8575770185652053,1.0008205874652771,0.6021480106993106,0.5131511791510612,0.8955915232333402,0.8835989325555863,0.9340309084989494,0.7189146871135075,0.33204101440704925,0.8841932574747424
108,0.03316477464226569,0.0032829607986221802,0.00850252707268034,0.035851270919080205,0.36614753901540686,0.965223387603173,96.44952006058799,5.793788000546741,0.9015876609234083,0.8545348994665891,0.9995680228992454,0.6310261246950659,0.12992164095602277,0.9352677243759465,1.0380857583330823,0.8559613132202922,0.5961511967606378,0.30029030210741653,0.9162991297686268
109,0.025747432010555293,0.005983750545036871,0.00012104218080580004,0.30105301629733355,0.17797541992628368,1.4625572555357227,96.51476866192309,5.299457195465532,0.9185353087103564,0.8601865930764421,0.9913533210403349,0.5910400255813936,0.4070222049167358,0.8795274291513935,1.0455721855319149,0.908318680478357,0.6435344531441058,0.3067681304986058,0.7873930003470738
110,0.1658230862889458,-0.0002118914952377606,0.00837331628498599,0.15918599429354824,0.2693707084610922,0.9464901611434244,96.41918555253712,6.360467344007052,0.9456819916965453,0.8653273096604603,0.9874896526749317,0.5252918082129434,0.5113285926195383,0.8946313799740879,0.848010796186502,0.9248750475985001,0.6408863087565962,0.30802400476563985,0.8290146419267916
111,0.11711577515387225,-0.00040587152693234924,-0.0023457030943986974,-0.0337107700272114,0.23050601402212312,1.2235710071476986,96.52715737133506,6.37507613982008,0.9190981633047433,0.8912464760127294,0.9987372325079797,0.6197021807375895,0.7266848197777257,0.89169898837476,0.9289450091994121,0.9019704650914553,0.6201899882151725,0.46175518259539794,1.00685771610447
112,0.20685976957084917,0.005594063013025289,0.013762747119039982,-0.03622085870533526,0.36380966423399147,0.8401867773257155,96.47194140111672,7.815295289471508,0.877546161767777,0.8846331515834415,0.9873198260621354,0.6419512156659186,0.4003578944987381,0.9211723524751366,0.9389381834511317,0.8814172262817196,0.6525656513452384,0.4380257699644562,0.949800361190714
113,0.15987303956099122,0.008189713034177646,0.010181386625582323,0.09005575599945573,0.34849601631643823,1.000648555530103,96.40584954526358,6.948268465447552,0.8895006989846712,0.8631385136856966,0.9976917101078367,0.6026240329011066,0.5047851078620074,0.9554483740576595,0.7938295241725666,0.9477420101242341,0.5686195177287588,0.4095924442734459,0.9521353400378787
114,0.1658442006027762,0.004700845260820915,0.009229692306632314,0.07941450743934733,0.37708560383727097,0.6610191117587056,96.46222537501305,5.8637825766559635,0.9076438508711014,0.8628352700336503,0.9823208413841872,0.6529194671641443,0.6325284140845711,0.9282334584828912,0.8546153749610371,0.8702375042471111,0.6248698740315096,0.3584008124153762,0.7304990870141185
115,0.07314688003834886,0.0033004444328999754,0.001231928188281873,0.09338909312061344,0.3002218174664647,0.8976164537198393,96.49994052766652,5.495476038842629,0.8824365809606679,0.9181322060254273,0.9970352923497376,0.5985416136347671,0.3017703237289506,0.9154968354804204,0.9952088756524927,0.8602880024097436,0.6548453594091205,0.28564183862497444,0.7257966035764165
116,0.1639423361026039,0.0033280456943057973,0.007847164014637325,0.18459518542545164,0.2943403231521501,0.9722757738492465,96.5118741872938,4.0608657681904745,0.8913847556882056,0.8945792066728301,0.9864903918091208,0.5580332441759263,0.21223539037435796,0.9131689289336237,0.8274661068169609,0.8527099216190358,0.6331803701682395,0.34616607922403336,0.6486903993979932
117,0.1688880149962064,0.002046729432978988,0.014067272422303888,0.19228993269456673,0.19058095806289072,0.9940807512644823,96.48772662225912,6.802851575789455,0.8996121023618052,0.8597101201608096,0.9953519167872598,0.5414982834399291,0.4790084983577043,0.9319985979414448,0.8272632087163694,0.9222739055685678,0.6310568719641904,0.3346808171928243,0.6448147562567328
118,0.12132311590841188,0.0036285129735560864,0.009130019758312147,0.17670497762555917,0.4780892869237971,0.8413861165778389,96.52405089440903,4.4981097032765085,0.8896696959719723,0.8968369764989939,0.9959432817815832,0.539879284604182,0.4314496585960874,0.954927686043153,0.9365306553262828,0.895313258427055,0.6504788423669018,0.32371666481395994,0.7218703847202632
119,0.17584465235231075,0.001031049885375716,0.012617106703346736,0.08783886262161192,0.3607799668319971,0.8485262135066096,96.50878952590753,7.189107477068188,0.9163694904053823,0.8797822551849515,0.993502959511828,0.6776673429668584,0.5400072798527196,0.884905776461858,0.9211201519844472,0.9456128621348517,0.6239545342405994,0.45094595734741016,0.7563523286296627
120,0.2256273985989461,0.005826226772082789,0.003212979206607426,0.3214436988472231,0.21911173711589294,0.9038570786659051,96.38208766778459,8.545930784458742,0.8911817308622094,0.9330678518530996,0.9887153540840374,0.6983508167636977,0.16087452286210316,0.938560982779388,0.9315422590594228,0.8783242948693724,0.7072880239008179,0.2401764598678023,1.0280630058308586
121,0.1515424907653393,0.004275851507921036,0.008825999190871084,0.21840647916444433,0.17526624218958828,1.0387158789620017,96.51178832356675,7.505255357908114,0.9226459698266041,0.8971683731062458,1.000925400569554,0.5165388894170984,0.3530594044349367,0.9133957077135717,0.917137788248831,0.9443647932392105,0.5964956663735616,0.34001642169216895,0.9701152804059399
122,0.04248372404970291,0.003472607099441571,0.005829457574790518,0.15054905450212466,0.42925686405865404,0.8669149749157256,96.48151534652548,6.620888766225922,0.9063262212516595,0.8972337666554915,0.990970249538617,0.5694466637481599,0.6515684521844426,0.9063233356048017,0.9990674102363131,0.8819686964880508,0.6783923859652493,0.2833785790334959,0.7328308180244714
123,0.2704185123310904,0.002074819651654762,0.009873103844526158,0.15431939709015594,0.1267531868383136,1.0474530952195031,96.41288673495801,4.715662926534937,0.9064623337672187,0.8589988832419496,0.990530333416345,0.4673716097624008,0.2489190545544249,0.8849748794305177,0.8728850133557338,0.9139170687198491,0.5967033064127798,0.3516984585691371,0.9347675721655677
124,0.17066438694121455,0.007794974394738042,0.009867746453675389,0.12598429184628615,-0.0556480184396449,0.6000756879138269,96.48016697835583,8.651727870237107,0.908407961264848,0.9089337425582206,0.9885781056700671,0.5400162819933192,0.4829372267260357,0.9161992471532324,0.8569172340132472,0.9078459173126395,0.6529805482292165,0.21714186492487458,0.8462609080660515
125,0.012015700465907941,0.00682481352180162,-0.002482637561317564,-0.004106661068991352,0.30351575525988533,1.0704281930239563,96.2689097662009,4.722222291598529,0.9213382729899231,0.8708768076281187,1.0035891560047134,0.5342202660709556,0.34260215871631017,0.8900895584674047,0.8080004595920642,0.913380802554245,0.6381626672455492,0.4460205332155629,0.9417239438084775
126,0.061448038192890284,0.002546695535862847,0.0036386008551234817,0.09328805233144095,0.3447793574866318,1.2273425042956072,96.48980832818876,8.142130976469828,0.928392057762537,0.8543131316876,0.989430770922002,0.5816617584803598,0.3312458690167325,0.9018620253048353,0.9088761085256769,0.9000758130263471,0.7177785201342348,0.19198378776467434,0.7139121843868468
127,0.05831768271472533,0.008344725665656784,0.0013633471952011512,0.25621261573419196,0.42404075547485603,0.810437209207817,96.50445662408542,6.1315256967010034,0.8911964727508463,0.8817487180698595,0.9898655951141407,0.6008282713683454,0.42509991663956564,0.9514501159269428,0.9844509666636594,0.9414866236225605,0.6813263758034447,0.2630588886181859,0.8523542078715531
128,0.2939636474953731,0.0026403730897429844,0.002900615573105482,0.039084044687148545,0.4786764055674414,0.5626218172539095,96.49933137067138,5.402755660045072,0.9369635350604444,0.8795368604931028,0.9939611996932819,0.6648166597553933,0.5717398082623828,0.9200392997946232,0.9362707205940565,0.8837977982581078,0.6227711086789784,0.34522991241570367,1.0053524674442003
129,-0.025719190309404755,0.0010335113781577035,0.013606277204870417,0.12244305833562039,0.45004678964709743,0.9782092964561657,96.49359612120301,4.571713668015521,0.9294992440197404,0.8726445595954784,0.9934425739363134,0.5287266766418094,0.5011644978554723,0.9124470688524365,0.8716523204485555,0.9628868475519281,0.6889409520997063,0.2148193927823785,0.7027230496791265
130,0.11566111983872182,0.002658175087440532,0.0012847526816834312,-0.006414659160542263,0.39832306935488904,0.4777750645577906,96.50547216543038,5.7458781622113495,0.893352148559053,0.9388291494033154,0.986356248747618,0.5274538930269985,0.375432031518905,0.958971302714585,1.0095313948482194,0.9102395586305425,0.6693303533254732,0.27229383696678644,0.6970786409268002
131,-0.006463506271637637,0.009763648603212246,0.0019898007853553813,0.1331628479464707,0.6193839271071666,1.2668548888804914,96.52708689036042,10.268775394008216,0.9371699849572599,0.8729588605858563,0.9800494453752144,0.6468360518431725,0.3563369893259623,0.865973484509865,0.7413797377236828,0.953077469935116,0.7299323001360286,0.27932727291964654,0.9130725591815468
132,0.22773047589181294,0.0036613264359274377,0.0016932639667140877,-0.018918791251100464,-0.0493735081008535,0.7624918220860848,96.51399001496512,6.70955804880874,0.8805895685725692,0.871613497757627,0.9873811113681222,0.5626595148985133,0.2515155031154717,0.8833189074740173,0.8354429923984444,0.9104666785058942,0.5502724776847796,0.40514855263317856,0.9274239552019045
133,0.06673480783336179,0.006118786283704811,-0.0012407848191649017,0.08377568787749115,0.39730361031825107,1.3884001655475071,96.5183139668222,9.87244286903208,0.9232197009167804,0.882260838161377,0.9910942801844197,0.6702739943415462,0.2136149713156688,0.9042417004828565,0.7745256074216315,0.9082267107109656,0.6633053038656542,0.2931871009180903,0.8139843295746115
134,0.3527639188197086,0.00390045779931584,-0.0012103414699650384,-0.043930640706954155,0.09981858065190466,0.9905930203130604,96.4025928767368,4.355144295019755,0.9114793056897752,0.8877668703749912,1.0061755874830076,0.6140659310773376,0.4665203476571684,0.9358262614541523,0.7910891413372296,0.9136318872795457,0.6438316160427778,0.39182007805293617,0.9201325352395814
135,0.04981725087360045,0.0012351377791710444,0.009331149408154072,0.12808106163000377,0.32943741538875315,1.035858342869147,96.43916187449311,7.729588053055883,0.9136175099416582,0.8998754240398231,1.0007271055215545,0.589038140611973,0.36040147549572815,0.9358880614796199,0.8595744712936678,0.882992055971892,0.6669104409963846,0.2546324231781185,0.9496531399590195
136,0.12826317832134346,-0.0003138924995455465,0.01922889949418666,-0.0074166353508748895,0.5668737748365176,1.0006728058610126,96.52245500376888,5.973297378742595,0.9046970185270033,0.8868081077378637,0.9858206976616716,0.6550492335560796,0.5714157358439291,0.8897114658141284,0.8204542582395579,0.8988612634308137,0.6675522317974362,0.4186729355607228,0.7945436686784871
137,0.037331841656790266,0.0034278029041733644,0.0009205880468651341,0.13955251819303074,0.6436472790643546,0.33632056373096053,96.47119240091794,8.53790896545966,0.9314836260466577,0.9057775325864522,0.9850433362911176,0.4791674135294521,0.3502044730715482,0.8982710698597094,0.7106891967774975,0.9022405210633117,0.6754154088789859,0.33684750166365185,0.9068976791898037
138,0.21500971143866918,0.003283233866433431,0.00856604644780476,0.16648657303492068,0.42864513368791074,0.9076766788848852,96.44362902579073,6.432315585929196,0.891451512841232,0.9026103423103278,0.995743520157212,0.6144678233785853,0.38271311571537875,0.9108887111048007,0.8791669540329218,0.8815423352786549,0.678484890521693,0.2624040814378319,0.7123565179291952
139,0.07619003938214679,0.0009879696439083442,0.004558118039231278,0.2722326592065554,0.4742216740998194,0.8199698341553909,96.45259996730533,7.158034872345341,0.9283698652227822,0.9090904154427613,0.9982727219208888,0.5476807826773541,0.4126736862510843,0.9067387799871688,0.872292041057336,0.9582910537852047,0.6958887854207043,0.38487885191244925,0.9285066271302675
140,0.16635575403648675,0.002955449401303819,0.009433901591242768,0.026019231478694005,0.15314130987576635,1.092489199947805,96.52683461322101,5.734029633152599,0.8966905525501826,0.9240731610282016,1.0003344639809266,0.550472120863947,0.4735554804662557,0.8740158350359901,0.8827435233600577,0.8645435940402659,0.644028352965344,0.3588453565958988,0.8418039547746295
141,0.17873836142648808,0.006610808360414052,0.009968151569960653,0.10072262395994805,0.47375764067978,0.8530462469115481,96.51016642209073,7.2684842352981684,0.8969606069252577,0.8884517858214135,0.9953044041879123,0.5064469548044894,0.3692546839783626,0.9272123123259077,0.7966250863994586,0.9228696479047077,0.7117953295518805,0.3141172008204883,0.8490341448539768
142,0.24953816393408204,0.007443071753432698,0.0036558683832132164,0.17594430258615296,0.3628006454618557,0.9770996504310802,96.50233380425391,7.759311012375942,0.9084309346216966,0.934969467537419,0.9892755101028713,0.5799462969957906,0.49097606573901176,0.8960836620077386,0.8118112150614034,0.9089015138152513,0.7130791513172958,0.20475467175972534,0.9359210543059143
143,0.15176904646184025,0.002103511772494414,0.009712381214458592,0.2822396384343735,0.41209521399123256,0.989358108860165,96.50425469049934,8.603877070183726,0.919481041106741,0.8589597713148736,0.9864361023131931,0.5569541654599084,0.3764954590318895,0.8701591941315957,0.7803920623391127,0.8848641325155063,0.6196382755271829,0.3846779680356836,0.8858996298771671
144,0.09850452695573134,0.0038639542301946352,0.009055101539719123,0.08591870928175951,0.560178676049325,1.386905181061048,96.51601466486767,9.077350649340234,0.9008677320859844,0.872095021731777,0.9928770180952868,0.6422141288093114,0.31304550181792395,0.9175011580592403,0.9115983169402345,0.9459627999247257,0.5795764031752393,0.28848927913121564,0.8590554585113414
145,0.15579893661755936,0.0029065867930457238,0.009765173144258676,0.09110995739152038,0.08127904610047837,1.1054449243603617,96.53181890468576,6.466151651528757,0.9108262669145312,0.8991101661567796,0.998951108752272,0.5338057577893769,0.5307719059365154,0.8979147224333733,0.909614766608159,0.875367060830052,0.7120766302592261,0.35142996437271756,0.6542180281508507
146,0.20411576149081478,-0.0017293052039185496,-0.001905126611905895,0.07780344441805119,0.390208271849463,1.0961043654956057,96.39415893312426,6.218799627464918,0.9326603893751128,0.9059755549387734,0.9962677994888919,0.637572324816297,0.390913516958938,0.8807697741941702,0.8076508825500484,0.8683738404192456,0.659617828430424,0.2671519929299297,0.8310336067785493
147,0.1454177526810226,0.0038411787893900063,0.009859787366748553,0.048656917408460856,0.5684635311059125,0.7090578759074643,96.48811175044199,8.831967446015277,0.9129202918591001,0.8902200231768901,0.9883383764374419,0.6164869993930525,0.28750691342567425,0.9376994373753447,0.84739025570476,0.9376608260182572,0.6687085705101152,0.3662485693980246,0.8696013372932071
148,0.2404224515698606,0.0031131748867793954,0.0028896267144248745,0.23414247519204456,0.05729582646959397,0.9735059331460625,96.43437448225912,6.134683245679144,0.9421606660176352,0.8584091134956819,0.9984759338205786,0.633794820552639,0.6083629063550912,0.9539184271840727,0.8537771860202333,0.9288010936867065,0.6676480907009681,0.21954434558136035,0.6614092020771187
149,0.3040569054995499,0.0027298760356323343,0.011807379736832237,0.17116040879784503,0.22538450593348341,0.9802366765913599,96.37173871134115,8.026388574188458,0.890247615151456,0.883110648535946,1.0021308630153674,0.6241854161166343,0.5449296415726766,0.9040577533951114,1.0191290881105495,0.9285938382846443,0.6306550112589272,0.28351746568791725,0.586832320562871
150,0.13434418215815236,0.0014408612562115306,0.0059474271358928394,0.22471302246845126,0.3134017762085449,0.9210629521543451,96.49226341547215,8.211814678179216,0.9293705523619807,0.8435576622478336,0.9983707286871432,0.6152184572604343,0.49117703913259453,0.9155291423597923,0.8710901288568829,0.8953638425300252,0.6975731757730665,0.41880435579561603,0.621243083154136
151,0.025649219269767792,0.007555421804250128,0.0015271534174193697,0.27278561126484224,0.403116409265271,0.6908114790330073,96.4320410585629,8.556740300306203,0.9196542648759705,0.8716304535282069,0.996157558167787,0.6411967967639989,0.5032617920909335,0.9388416831316303,1.0326887190530254,0.8941814966057249,0.6802219957286789,0.36268608717665896,0.7117456772044554
152,0.2359104028852414,0.0047269360019214154,0.0062461064812158115,0.08947732416831868,0.4411651378748482,0.6607037438595256,96.51884732880094,6.9798035064367685,0.8840400650870089,0.8798023936438583,0.988957877767501,0.5348113348051924,0.33098444561219365,0.8950111620276323,0.9813722506181402,0.8650891682801586,0.7224334091178927,0.20321519543859107,0.6015438316755729
153,-0.043586171035800314,0.000304014191103188,-0.002119641145702132,-0.02369053969603019,0.5116321905811554,1.056882357391476,96.47544475305475,6.299321637537763,0.9366700376001006,0.856446996512131,1.0057857628995648,0.5532098496080583,0.5204288278084548,0.9492512315241123,0.878385193101159,0.8820553160313516,0.6585849088499707,0.3992309604212077,0.8742750692160522
154,0.008106973890114583,0.008117779372443984,0.011916594437996711,0.3659969891680872,0.4052494049342098,1.1006254104579567,96.52445727875885,3.28640509680584,0.910690567442702,0.9035315382922994,0.9889721941594388,0.524148302806039,0.33693803654081445,0.9176596733493021,0.889748113732082,0.8918981946756482,0.5687712612456717,0.2760847216182646,0.8066555252734907
155,0.08566965611797162,0.0077748212608319475,0.0020750179213227925,0.014657360712849288,0.6922105327671917,0.5719616404405472,96.51887166151838,8.110804597962463,0.9203328235629203,0.8445519931010212,0.9801697496503966,0.5100340058970448,0.09181221032382064,0.870035756522994,0.9694317601429258,0.8780374829019866,0.5880917447235543,0.3233225869412361,0.7689985432088254
156,0.18177105843051247,0.0024366325014964765,0.016530228108386894,0.136074554393865,0.24096138500212325,1.0677551823132085,96.44810288956214,8.05495813741034,0.8866629171500128,0.9209996357703369,0.9989695964077341,0.6041544752605524,0.4537399649402585,0.9581376718652467,0.7442386397251826,0.938100082826975,0.6461959231220077,0.2812830935454546,0.768906395709132
157,0.3541186355948217,0.006672340268020905,0.0008670507724090979,0.11155276154852013,0.600213438981512,1.1038269734402117,96.53362400075856,8.959003780817008,0.9505295116065766,0.8665832407836689,0.9903798554576303,0.6014210490108975,0.4697440279566022,0.8908732777494809,0.9139825058675962,0.9200407437167161,0.7468244348041729,0.32100920258220955,0.8962970661985857
158,0.07578680307837854,0.002015832298387304,0.009499151586103835,-0.07031919962900957,0.11002488751206338,1.3048069218143588,96.45612373635107,6.985781208180373,0.8992415911084355,0.8786515066422311,0.9854153730094655,0.6343262238122811,0.07744685269568785,0.91842950555232,0.7755722016459656,0.8619733571071403,0.6336403126834673,0.339209032650038,0.525893047918746
159,-0.05456642876413062,0.004085988288197296,0.004880116202183099,0.1102378440221685,0.2434573260971183,0.9733974909458075,96.48221232505252,5.188428046307326,0.8953319571181569,0.8414307849974508,0.9987733122756592,0.6500597274506622,0.529533461003289,0.9432462350650165,0.9274573025291375,0.8697022089668894,0.6687494736963829,0.292122021954261,0.667807661681097
160,0.19226884199704153,0.0015851172983554459,0.014393200604908552,0.1802443689536024,0.12838369381753978,0.8809867446711162,96.42224112653703,8.662740356670513,0.9345949089950784,0.9348761782079321,0.9811021331681234,0.6491380761933093,0.08897615427321942,0.9023442429137168,0.9701388666564875,0.8805823939792741,0.6383349864068933,0.3010505939502675,0.804228010712751
161,0.1299021123422282,0.002663009187726006,0.008150622181544605,-0.025227793801346765,0.30116941105761685,0.9642953080195279,96.4854273203046,7.726489724016005,0.893920047897378,0.8739130377755913,0.9875449884542882,0.6601727361511393,0.4728644067064835,0.90548815531667,1.0141021343923067,0.8930025749710235,0.6934734729137322,0.36773859983244667,0.8994672181228618
162,0.08549409804384465,0.004076372265814323,-0.00042837813961247185,-0.0052957201380770536,0.06232262771063557,0.6576794360285625,96.51130278796364,7.6926126495174785,0.8915699261911242,0.8542041606109744,0.9939218037724091,0.5930223311927937,0.2298342883474496,0.8649131769871883,0.9758557312832306,0.9052082777163138,0.6092068316810834,0.3025054581425251,0.7788111254479374
163,0.08278907826338112,0.0012179842734061186,0.008972310165925373,0.04976172252122059,0.2952769762899819,0.7003989877319547,96.50265320613106,5.8113601548041585,0.9076308501504138,0.8893586477804624,0.9923348380723632,0.5487850820554666,0.4061121070767031,0.9374450341162871,0.8463323100864256,0.9125667620607195,0.6547962519662321,0.3614729862112836,0.7926290767737418
164,0.1962503983193467,0.004908817164807035,0.013340073833274013,0.18561751120279807,0.34021717903539983,1.063519039520909,96.46900665164478,7.430370353277613,0.8836617905461428,0.8572796247547458,1.001115314358652,0.6688441877567824,0.5984573975723914,0.9352816990578348,1.0080807469298039,0.8835417573882917,0.5956880904411149,0.37787887577016627,0.8922626949029876
165,0.2831434054662152,0.0017874206628267525,0.010294437499909284,0.09783392396380834,0.3083859137590669,0.9235856586866257,96.52991116370147,5.392962692585694,0.9131096072606876,0.9032468491621095,0.9881613399425894,0.6328749861049202,0.5563292213217047,0.8885974154057243,0.9649747496631744,0.876628688012152,0.6148473747159736,0.3090356905477113,0.7462557778060864
166,0.12999864510144513,0.0029523658880487233,0.006087100337377309,0.1871914873494878,0.13985666709783387,1.129762937656733,96.32520336814662,8.61344369395269,0.9469155124570312,0.919252706679128,0.995850657434358,0.5458400471971561,0.18297503139077836,0.8723176721642772,0.8581277493943396,0.9404659319417153,0.6634342924049386,0.3404943709899485,0.8641438818183717
167,0.25147223508094724,0.0051971579493390796,0.0016029985679737848,0.0635899560265592,0.29677159587066815,0.5488933711661889,96.49055033622736,6.245475242599922,0.9024094898738937,0.8438462955175698,0.9945752558613273,0.6747204325463635,0.3821021153272773,0.8884452997634502,0.8337638250713119,0.9277576635534767,0.7005738476495893,0.34858453345532386,0.8237534068553908
168,0.12426839341688317,0.007238786206073,-0.0017405646427701435,0.17415299167908588,-0.044109310488881504,0.5582690694798826,96.4911634088322,8.176564645725518,0.9328493316347356,0.9073518842400217,0.9893629993391816,0.6192765840419889,0.4784720899555991,0.8854464541658007,0.8846759292263592,0.8730166922817374,0.6258340979729724,0.32523829558374207,0.7669761304914084
169,0.1690775564510265,0.0007721211277311674,-0.002982360398620228,0.019629929584206313,0.3409881278711534,0.8079167651562197,96.48933929408369,7.429881395198404,0.8906541538781791,0.8489057851075288,0.9894210615269323,0.6803600085048506,0.4212020267082562,0.853389814887988,0.9505250633030762,0.8884834823676956,0.641498349079243,0.4096793097671111,0.79784263194261
170,-0.037062100059440384,0.0015244178887375685,0.002550216748537902,-0.06023917268047649,0.5603260273545998,1.2311672299191239,96.42384736557423,5.959079749392935,0.9293307717043813,0.8403522761563725,1.0083664809061692,0.5778134912892313,0.48012653981807385,0.8832435272694713,0.8862412052495544,0.9222194641148275,0.6816877342562342,0.3249148127232838,1.0132927915153587
171,0.20302241166668655,-0.0014890187069219805,0.009421837003032923,0.19175716807519003,0.15584766927280835,1.1599395236470373,96.50730019578857,6.348997265474005,0.9440041217800029,0.9055628021574108,1.0009058624434357,0.4931554647660233,0.34293792905666215,0.9176087726242593,0.7157350957787149,0.8952415596988207,0.6465793150700785,0.39772873181373475,0.9025333655743182
172,0.17090787409970454,-0.003687384710738821,0.008991633271358128,-0.011066372967597132,0.09674657270429607,1.013784878101871,96.51921987109549,5.85940369214127,0.9079944687002619,0.8649045732758711,0.9960056220071551,0.5805815634658854,0.2536067742753798,0.9333827760267868,0.8070050721299256,0.8991842308287562,0.6916439167404631,0.3119941186457857,0.7069102745976488
173,0.24482046514180927,0.004728417580097668,0.0016030229906748902,0.23432449544667117,0.16775958566006394,0.75837850508313,96.51350923403095,6.282297903506153,0.929407293327267,0.9421184100873173,0.9957738977063751,0.6707093417007917,0.27032372374213565,0.8546677440842145,1.0374530489848726,0.9447833727474474,0.658162615903576,0.4274760598323922,0.7255129837264559
174,0.15372752570458487,0.0032472914775475517,0.006988794574814334,0.1524102450487279,0.6896599176554614,0.9894474829327251,96.38730969269554,9.049518004982005,0.9337142819637256,0.842302150663507,0.9797513713169939,0.5988141071159014,0.30156120564112443,0.9473271252901663,0.8531799542600313,0.901444603662079,0.7103513248116715,0.3243265821588336,0.8974276187163186
175,0.12325530853042996,0.005528789923458088,-0.0023153447723804578,-0.012018236385659742,0.4622009059904788,0.8785151150264175,96.49421674534084,8.446152575841179,0.9118671213473455,0.9167454403982038,0.9998139931942037,0.6238194103250835,0.42206167484184426,0.9106325949493518,0.8528532951303495,0.909140712808209,0.7028543908268071,0.20336611149810413,0.8849996474534947
176,-0.07442358693099596,0.0006425881584160194,0.01264507928928479,0.1036857274151142,0.1530493061526786,0.9814112570291685,96.49576285180046,8.754788244021915,0.9346712154869908,0.8881043382224384,0.9915268728460942,0.6001756152732034,0.41414765665370984,0.9399150463767089,0.8796035390079925,0.9535043573960618,0.6455773983899309,0.3561509792526515,0.7663524747606418
177,0.0018322223605371224,0.0029562989586778146,0.007591835613917418,0.2512407224799337,0.4409677122958574,0.6020734218436788,96.43292738478767,5.600650588644231,0.9224844846247622,0.925210853294961,0.9961975728823484,0.5381882054280083,0.3638263097520375,0.95183358194055,1.055199228924152,0.9196332824906454,0.7056455728111612,0.28506647739874613,0.8292590482267842
178,0.17951215775611987,0.002023790560324594,0.006917081213867032,0.20213346212974537,0.4516214261446412,0.8154190591420298,96.51664116242006,6.661346960070384,0.8925259790703333,0.9482022311159438,0.9897873298162317,0.6606760556917136,0.46442683235347826,0.9060509227123226,0.9340067019121175,0.9193818219583929,0.6841045830144763,0.2925362660354426,0.8383549205257262
179,0.20453517398076654,0.002925334880706294,0.006877788875568811,0.0957241564331396,0.18388383857934287,0.6234357617499926,96.30370890837172,4.968092818096425,0.8976766510235238,0.8774880476957999,0.9862710130247155,0.5593605524171761,0.48678545610922047,0.9532445978199865,0.865161381103217,0.8696481488018879,0.5996067458898032,0.26420872972685555,0.5414335627977916
180,0.1367453263630417,0.002122741464241738,0.0030343529275407835,0.2287873539029291,0.1422680934540403,1.2914553376614593,96.48018208142182,6.841301710198404,0.9216370140742776,0.8440230944170675,0.9953419255394506,0.5843854024303813,0.2009281816469785,0.9554649617405119,0.9453181042987369,0.8998261949836068,0.7005129851057368,0.366509803446866,0.7905665023433004
181,0.18734499928435056,0.0029003417051426997,0.004169525049904755,0.09006214283309574,0.1952282672107915,1.4077140530089998,96.46980851257455,6.618108715024287,0.9152697793691114,0.8901319514178216,0.9914682002391094,0.6000735886448774,0.4169361495922929,0.9246144973993233,0.859665791573259,0.8619102751389478,0.62462434177912,0.2582495518396056,0.5939744031988508
182,0.2857778405664476,0.008929866807275888,0.015661538861865307,0.3817991145973114,0.2931469440874632,0.833336618716467,96.42187026236093,7.746148079227358,0.9296592720574718,0.8476942682191879,0.9954057870370512,0.5278858824520201,0.36269894348733234,0.8775170381911159,0.8779872749323407,0.9020742706460194,0.659421487975805,0.31342017899167385,0.6985537589259496
183,0.01907812917284421,-0.0005347444745236207,0.012433310952546161,0.08983843249936335,0.4437043555501185,1.4373659923131006,96.51584881082813,4.78357402653401,0.921376851080859,0.8780232264264654,0.9950536927739605,0.5792543139771859,0.5451308793625096,0.8606031363240216,0.7403421643797354,0.9471053773117633,0.7267768082704117,0.251088021005715,0.869864727909994
184,0.1436645417319382,0.0032664621967656254,0.007496275605367034,-0.00992809327965219,0.27412725264299614,0.7332253564783059,96.52408165991383,5.311372513473059,0.9090098245990434,0.877133434826035,0.9868866558247914,0.6688593911090425,0.513444155991018,0.884369958104291,0.9785974837434911,0.8963854648964819,0.6041758826772503,0.4061592039301668,0.7611471174845693
185,-0.010260732979676057,-0.0009195058443960849,0.0031703308386663636,0.18657072585505816,0.3721971228068286,0.7416147484490616,96.52052544724484,8.684444645699866,0.9048524614891351,0.889736208923391,0.9880746334560878,0.6405563126154902,0.2201585205600901,0.9566724280936871,0.9226596677650514,0.942964335538282,0.6561457085289201,0.3158985446764796,0.8593918438656821
186,-0.004448098562489511,0.003783801621472939,0.007528832422756982,0.2177391045943161,0.6160815065988379,0.7941242177030567,96.53290688481022,8.000408096979067,0.8813170300894677,0.8681898625621507,0.9974557137883748,0.5506695113554179,0.1859371722092708,0.8991111450284771,0.9404740636304989,0.8920020270300599,0.6590833911261436,0.2843115158106065,0.6951485941616338
187,0.26168826919281485,0.006880014397500228,0.0024400884574431953,0.21024174561676678,0.5229334135339552,0.8573944075161324,96.46046027409648,10.229827809090262,0.9360573879239227,0.8692947502067215,0.9956478027574995,0.6079307988239196,0.32606065873196116,0.9504553283591702,1.0024067135578705,0.9242397901054734,0.7184121701929301,0.1690560229399183,0.6761813324584202
188,0.061240392470765,0.0008192295017800176,0.0013777317138798668,0.0892849039144856,0.4960800251607026,0.580319419889814,96.50546181703331,8.92327538689882,0.9032976689310316,0.8916159211819109,0.9906857774266714,0.6823105841376429,0.4914391009573472,0.8866250800429701,0.764548900937645,0.8858948083577007,0.6123566390200373,0.24408687598904796,0.8792641571446749
189,0.06690281617212757,-0.0010191660657772662,0.007288322884604108,0.027156646376752566,0.11907092470535408,1.1522789074026818,96.42991124657121,7.777723811217098,0.9311137818540756,0.9131804478576573,0.9895264857046975,0.6068849559736926,0.5189559730290313,0.8789370046431269,0.821328846217598,0.865175529570384,0.6413212822266354,0.3509275984141746,0.8126036594069008
190,0.1005470740035244,5.8083037730833655e-05,0.005860778671345379,0.2748341363575679,0.25152508923606454,0.9155567151850292,96.4759059559404,4.870525123861478,0.8933744153886403,0.8478641625042033,1.006083347052188,0.6971073054772423,0.29072995530489415,0.9350141170843229,0.8553037477305524,0.9144082520602592,0.6481779849833623,0.307427953837747,0.6633404384875354
191,0.10204956806661078,0.001984080194478791,0.0020100250432316938,0.06451912771833236,0.20212500136104827,1.0294725161592093,96.5001231628905,7.482403061916068,0.8781680079061366,0.8944593785462092,0.987787631997134,0.5750070299702068,0.341675133873663,0.9308935561207341,0.8670133327096501,0.8626889325247931,0.5670741601011482,0.2875201416268573,0.7947085181103494
192,0.24126940155154192,0.0023140250542447883,0.0023274758349194,-0.045963473466533206,-0.05135570487292895,0.6846445273820168,96.49497441581825,8.63836305644009,0.9172920184499704,0.8894922153610432,0.9919729999350028,0.6115063027806176,0.5413637744873072,0.9286764062378068,0.7872357840790367,0.9029681969166309,0.6941951696214392,0.46533317584234674,0.9694907692886545
193,0.25354385599161805,0.0029346505402619845,0.00040827847304844306,0.07795471508645745,-0.033201166153400574,1.1065448064221879,96.50633052301443,4.63956506365966,0.8952213720593647,0.87870170612866,0.9986133088981756,0.5085941616650249,0.2482578575709232,0.92489431824236,0.829046539245806,0.8848824416840126,0.6541836047846373,0.33315739336114236,0.7137810812691199
194,0.0995247339458732,0.005505316327321515,0.012553135960524115,0.15561635671402327,0.6007398481074653,0.7916053856520419,96.47171317700835,4.912308968399272,0.910171830174887,0.8472425078029008,0.9892129450755323,0.544616868812549,0.5127474202822785,0.8879197686468016,0.8706623146801611,0.8718265159292828,0.6455379287404587,0.4285196583854147,0.9022353331195099
195,0.061435361968312174,0.005254745962431174,0.006671104898581442,0.1289420117592039,0.11329914234926472,0.5495705412363595,96.48581216880105,7.002491978765247,0.9369875260332277,0.8779522230260949,0.9970863561104121,0.681664062034729,0.3436149253282844,0.9113703212953854,0.9399286087119764,0.8716503337321614,0.6536236176269927,0.4517040380174624,0.7640652778044024
196,0.01118205288375379,0.00014175685058431895,0.0054684349883102395,0.001014462490035034,0.26033891473986265,1.0408872004713507,96.5107576791558,5.723440345235056,0.9113990432642821,0.8965573639077904,0.9826726721136578,0.6115462522551427,0.5267900855114098,0.9280244253675728,0.8762746342589081,0.8977259031208763,0.6739659300031147,0.25432589055889554,0.7227858167404396
197,0.35979518132308375,0.005279089940156559,0.0023604957790858616,0.15901906394682186,0.14194034182283824,0.9119075204672153,96.52984208115886,5.074839966074517,0.91571846519414,0.8876891172058364,0.980473717231082,0.6563361855743789,0.1748053420287188,0.9200600448409102,0.7717600837225138,0.9092778878273702,0.7367815513794089,0.18290454661042846,0.6101761608082668
198,0.044284399569009786,0.005644273489176361,0.008424424970566847,0.28649384616521795,0.4403162504261639,1.111526851094726,96.52035875414607,8.23082875921561,0.909633077407643,0.8857949820020018,0.9965958650862562,0.6500471453660333,0.4304517707218749,0.9267257488044546,0.9686959847265132,0.886046662384214,0.6588721233307772,0.38834905868945757,0.7547324081686975
199,0.0908415761092535,0.0044436023821946,-0.0017269982845784524,0.11525207820000438,0.550434116031751,1.0428428168289383,96.37672943559326,4.904561329237053,0.9096826500068628,0.8582258105583747,0.9950707640997788,0.5380192602097611,0.250278992788954,0.9515229086571771,0.738071512697512,0.8814903094657095,0.6789660924521049,0.2952269429849178,0.72646878472639
200,0.20221982592560203,0.005153067086372937,0.0045401510721182255,0.11551739979084773,0.07381498372307424,0.9476382747495228,96.21291542871101,4.941094944769772,0.9504957344960662,0.9140626646480183,0.9924882445386163,0.5584046348646878,0.476060267361447,0.9046514302309546,0.9494440671124021,0.8825214287235618,0.6731471418181824,0.2159655147452807,0.8226598254589683
201,0.061266508547907855,0.004592683347851358,0.004608294026379651,0.2215882663621283,0.1395294649542372,0.9092943863821283,96.53293485345094,4.7615551088756085,0.9017073789884837,0.8658327378697818,0.9922522471069222,0.5218527954695642,0.3780822395760405,0.9112151769738188,0.9367674498510303,0.9225990802994001,0.6715475469784234,0.29755116843899,0.9634618577163511
202,0.15029294592739853,0.0013988596384811466,0.015523423964393022,0.06415015970837243,-0.010048594527783228,0.6283486851358118,96.49891016294197,6.856566042874035,0.9117511361528902,0.9132238902792955,0.9915314087909486,0.5898825695508869,0.6092696823141879,0.9033751509847152,0.9279851280085257,0.8776576389187107,0.658244465445963,0.38377767848267985,0.7960088010270171
203,0.20777635478863155,0.0071451967727403105,0.014486332505123014,0.08778280892298705,0.18977552444854795,1.235653871110655,96.52877759469263,8.235248576939163,0.8902387653751593,0.8826836509873728,0.9903429288232237,0.6387285524100658,0.3404716730784179,0.9198534332766628,0.8563589720260675,0.9018907571679025,0.6511902288921467,0.2846211862637375,0.9347150803848735
204,0.13208257314983385,0.006015404292766924,0.010470205418402134,0.16581429348465565,0.1800132301616455,1.1586387365461794,96.50870561998534,7.9517359684567825,0.911636951616289,0.8320161191597013,0.9897297091192625,0.6254097989285233,0.11322170313092494,0.8999451013426336,0.9286241835245751,0.9370239885524059,0.6206911256853201,0.39601264919929857,0.7477825085117848
205,0.15746069293353795,0.0022934082580189424,0.01154439518678705,0.07551399426791747,0.5468009039849842,0.8894454093917329,96.45724416009878,7.877176370726303,0.922355764334463,0.8609789242538959,0.993210230962473,0.504596846032797,0.5040268452112441,0.8891645422024637,0.8632430008952873,0.9392149589171507,0.6444589404777039,0.3004989539983041,0.9500653783578653
206,0.20052696704172787,0.007323040273319028,0.0031727988882947165,0.17995506520781104,0.06702475267852456,0.7656029074786027,96.51585664204754,5.013912580144497,0.8949066602087273,0.8643186125634081,0.9843597562510402,0.5662281154305451,0.2621437422723861,0.8696020099659674,0.9627762076575563,0.9685887002590169,0.7325538752166101,0.4512964696466668,0.707550798550561
207,0.26831552158272864,0.0018144833182696678,0.0037530347779685847,0.09936171942974267,0.25473883618207516,0.9026693506864334,96.50120582897321,3.730902687151902,0.9029420342166201,0.8668529071034953,0.992879272491938,0.5345781956465465,0.612911837390768,0.9065069749223399,0.8222513997512083,0.9023990911925042,0.6775050956613506,0.3184378008252305,0.8151176166972451
208,0.1710760727091103,0.008458922365489894,0.012432886268910277,-0.048567121600489566,0.6116960991965268,0.7107550636884579,96.52623692336859,8.525725280615346,0.899927636817567,0.9009210844086037,0.9977767636863504,0.5526778271869242,0.21046843668308665,0.917002251241048,1.035124055583391,0.913299288381883,0.6286100921088541,0.21233129051459348,0.7804563791676336
209,0.12643484674178734,0.0008482942231186922,0.006851155241605235,0.18470851343759306,0.055592131286412605,1.0455628352076771,96.30184927344949,8.235161260833873,0.9083763312078821,0.8906590928382802,0.9963134737645911,0.5745736508213981,0.3450859680260908,0.91961559449441,0.9354848104517104,0.8762768961601046,0.6228587266067056,0.307078261938292,0.8597178487756257
210,0.1640363087989956,0.0075619201357825,0.01136056008830136,0.26716731459520043,0.5425370751467147,1.317202102776064,96.50072868396234,8.019570893934041,0.9003099268786504,0.9493178537412872,1.0005504547750197,0.6093998961767305,0.34004380901004555,0.9389895195787198,0.9066509771524323,0.8990336473586469,0.6536786013798501,0.25191168365457817,0.6391044064156823
211,0.05012579730702618,0.002054220032464868,0.005433001267184548,0.16037632577483657,0.25819854087041616,1.0235758234380803,96.50536280804512,7.529170221872168,0.9212086960449929,0.8777785659276602,0.9875818418122165,0.5724357878760818,0.3510193552119844,0.9459617208973643,0.946483526034112,0.9026691084873081,0.5935098369866987,0.33963796579433486,0.7420353954741472
212,0.325933258970377,0.007182929308782176,0.002900485770971831,0.22717708810980947,0.513818459959706,0.7390874344620961,96.52739818133176,7.720048435516434,0.924335829812571,0.8472727620079308,0.9874998988202046,0.606969149508202,0.5045129602876136,0.9168966439991496,0.8786072193404085,0.8593602550361968,0.7029574268422152,0.37007261695348487,0.8025245637322197
213,0.29169996905521084,0.003626974571818373,0.002748392947567008,0.1313799389010406,0.13818027790355852,1.0296401966761695,96.49596842130984,6.670273790518613,0.9287124682624092,0.8778161970246994,0.9897094233113645,0.6486213249158395,0.3953756486402872,0.8995929797375727,0.7300929527316324,0.9289608159047954,0.6742220036385725,0.2594398410024961,0.6397556055923459
214,0.003696299366147543,0.00837161266825946,0.008668530659589661,0.19412731843571038,0.26632159176830206,0.9808300523829327,96.48695021279241,8.576221359015273,0.9290129953981533,0.8957875189477894,0.9940912499363473,0.5879280535427226,0.36883496137988914,0.9240028799680503,0.926780284739028,0.8746338754762764,0.6990540743616036,0.3058970049865511,0.6603369948158254
215,0.062251995918924136,0.0051770747000861005,0.00925960446208314,0.012784297884778556,0.562242462868096,1.2364643287457622,96.50803353354856,9.201072363057637,0.9289766057618665,0.9482636070470819,1.0000669954140569,0.6088007647848148,0.21552262250417065,0.9208558092220135,0.8656751338657858,0.9458945796948726,0.7252415573501222,0.25603307222615035,0.7501877501235613
216,0.02526662128505161,0.0006457044962809122,0.0038855724802801537,0.2667246592803387,-0.06443730311797052,0.6746428102649559,96.04746217979549,7.426946435681462,0.9270339684299953,0.8460052331234239,0.9934857201408004,0.6519802940885061,0.19313772678932506,0.9098009663468113,0.934866786924671,0.9635551870202793,0.6070481684075901,0.182352300343945,0.8600956295735466
217,-0.019025105198100828,0.0049817627421997095,0.006401778700217333,0.020410780802237682,0.13010888991895744,1.0405029492989606,96.53208348802708,7.941720169327871,0.9021474827901538,0.9310122203638256,0.9998302019511924,0.6327573409019831,0.484501814106894,0.9479980631807167,0.7644374952161116,0.9115125541252036,0.680912074241644,0.3856973640132243,0.9134214410749338
218,0.13268155530626902,-0.0007034267323938101,0.01239251463943891,0.2380042664954891,0.26345493487212146,0.5511889898211186,96.52625985765398,9.361646317374362,0.9155006149034453,0.8732229733486171,0.9875631505528255,0.5523909836778307,0.360535650144006,0.9467513182713075,0.7792090290916311,0.9293086559975192,0.6019706475693924,0.46635189674805066,0.67010354015251
219,0.023281127429566506,0.007651512731681402,0.012278189714204295,0.06127655299821841,-0.03143110704781471,0.6193349837314341,96.30209959278405,8.069573351744284,0.9097869720845416,0.8470389484854473,0.9865807212940684,0.5714800013869752,0.2506401451693233,0.9222532484032787,0.8120955879179208,0.923583148770533,0.6179976603967313,0.30885472441546347,0.7509558003625736
220,0.16703827725374873,0.005777225865155101,0.014225980179530275,0.057890774477857065,0.5213702276490912,1.1482519352094476,96.23297593627561,8.226001062653474,0.8971616228303667,0.8490167282539276,1.0004485423724747,0.6240894370464958,0.1613564204958479,0.9372798395455636,0.8789324676130028,0.8717860847048833,0.6445346033337751,0.20270612876700145,0.7039203644566412
221,0.03726799217540125,0.003601129778151192,0.009978761424501888,0.2923532300403716,0.1705455144074462,0.88351761263252,96.52619189385702,6.652399284567199,0.9052768684682796,0.86429198962147,0.9904929218486734,0.6433137099056881,0.5468511703399686,0.9239451491230363,0.8736287609214072,0.8632379005999125,0.6312631881279602,0.3099358535247456,0.7265952029579538
222,0.19972715581566142,0.003347097703734318,0.007309546257798419,0.2747963018000389,-0.05523810068603202,0.49873111540455706,96.49814522061797,6.508116705747269,0.9501941611118476,0.8703240722618644,0.9973274796897377,0.6063221686834526,0.5323666409385833,0.8841918516886611,0.7700335675295673,0.903481858324544,0.6477975332991481,0.31830826633788134,0.6016140523288482
223,0.04219488940003879,0.0023365067353806465,0.005453341080618867,-0.009879448848543415,-0.09884469258184314,0.6530153449474138,96.49009137083296,6.710657424878879,0.9317889201133207,0.8686886812563729,1.0042149057247534,0.5391141772575253,0.3670504092162582,0.9024916964610202,1.0352676439052233,0.8888091468048311,0.5794437853911912,0.3727583621281525,0.7285675663521817
224,0.18595167729637316,0.006893039061486592,0.006091350565777976,0.3303148216004237,0.09078254058795052,0.7107913066545728,96.44497711427398,3.8140537778887937,0.8925578169066745,0.8644298614754328,0.990262388290665,0.6064323839484838,0.28980189867200234,0.8930999966461522,0.82739171682242,0.9218727703246695,0.6392686202907689,0.2804794361504214,0.5304366716041844
225,0.021290705628141032,0.004119462272308982,0.000734491587166001,0.04846421339544631,-0.02180426145563824,1.2374761674469186,96.51882551326118,6.5683375283303045,0.8742192649621608,0.8656597124499462,0.9972191801953064,0.6578200219083306,0.3474703063076021,0.8709240863472224,0.7852984818932686,0.9043511068083556,0.6054028194796206,0.34103962119945674,0.8488946510524927
226,0.34565409426906857,0.005000956550413026,0.014666934761617966,0.13773808921713424,0.3014579053444959,0.842670448290201,96.52915964632501,6.132708460559977,0.9251580588447585,0.8831668744495365,0.9928225136768314,0.5048162280558068,0.6509552334473152,0.9088786806359695,0.8600070899138388,0.9233633425126412,0.6549616567563487,0.21260948261800167,0.5976618402503657
227,0.145224274803476,0.003933213583318184,0.016855145914801393,0.23969609278476775,0.4955715718716606,0.9197984458853877,96.48598137907747,9.059605982195178,0.9039396151121972,0.8773988719806055,0.9932358848428307,0.6221926990872461,0.4399692312544385,0.9338703142022408,0.8770806056417089,0.9062954244725714,0.6384078352833289,0.36872262017054014,0.7422362691802427
228,0.0678932823976167,0.00252785091561325,0.0055132518885869335,-0.10857516206309345,0.23740323562106208,1.1778039737526214,96.39069445759685,5.723755639937031,0.9184456482341257,0.8878245864145455,0.9912054364146959,0.6457771546282003,0.6431440654005012,0.857368686686507,1.0206009114341972,0.8897547246041548,0.6821672887854134,0.27477579483072373,0.8446702997271075
229,0.15889477292894522,0.00024830835760798883,0.002353649281876039,-0.02413531194446794,0.07136210650347496,1.2195967008526876,96.52172026757688,7.5294623251259285,0.904396824921653,0.9244325399307748,0.993359722037913,0.6512137721612141,0.5650266584965038,0.9063207009932057,0.7137329479480041,0.8653794642277125,0.6533899920662529,0.21400880652502055,0.695667900633015
230,0.15623272822249942,-0.00039526600139275095,0.0023086540732676656,0.34758202721236386,-0.08309141469782166,1.152292647273418,96.51524245069707,6.894870852281113,0.9286788768764799,0.8949455251514591,1.0015793151508159,0.5154041426596232,0.29839557644032794,0.9185690272725403,0.9805773733764908,0.8903976931441973,0.6225725710277757,0.27032634947446577,0.8051164072550246
231,0.08593426848789973,0.006275678741762221,0.014132282034467966,0.18967567286804626,0.5009934901517831,0.8387898760424798,96.51840094929487,9.78699394780728,0.914273086952846,0.8941394475573591,0.9989269379825182,0.557455796994517,0.4473314996092681,0.9269270531456069,0.9892055012675192,0.8956348858326251,0.6581836311858064,0.33346121866101985,0.9098600116694537
232,0.17359658819540516,0.001296615567349558,0.010003071283682528,0.23857265865653896,0.23479223448031164,0.5895236835643857,96.49589626221676,4.662862720230353,0.8871602721015588,0.923046483016126,1.0050169764471764,0.59602253208309,0.6865429429269363,0.9190951582655205,1.0032865864237046,0.9003359749817959,0.6318191661957678,0.41078657759540704,0.9642543930654616
233,0.36759054017159054,-0.0029465278556758926,0.005665503120344757,0.0306125989931023,0.5291003483799386,1.0150184804804678,96.48006629124919,5.449869904547305,0.9147913611667182,0.8715282365535268,1.0021604028573632,0.6416827662245119,0.5600839705087279,0.8604547011609031,0.9012187569766777,0.9033226580943928,0.6435204274081896,0.33914327252727017,0.6522490915666139
234,0.2540861387700457,0.005506498248576073,0.005563142265814049,0.19269665869211783,0.15728588217826178,1.0893709092372477,96.52905196705821,7.203005149205397,0.9472883328860279,0.8711871597383979,0.991183441171241,0.5547695535622207,0.37092626155889785,0.9081148490364335,1.055026139885379,0.8541100333582974,0.6637509030736439,0.33740002295940213,0.5040462551508764
235,0.14584830650329936,0.0033031893173624243,0.005897846904356148,0.2912324623476258,0.17807322872004117,0.8146454178692181,96.52402404451392,9.007857444487463,0.9011449709069443,0.870911019009214,0.9913439336692169,0.6441289828914905,0.253385429473155,0.9044911150218228,0.9788981558536802,0.9024054104747148,0.5693041379846279,0.38202826732163486,0.7294693858829
236,0.0883746809892884,0.00736448681395614,0.00943654489636516,0.22840160356423664,0.15096622522879616,0.9174180254514961,96.47167150373366,9.061079093297472,0.9088461869266902,0.9176223193266307,0.991468470446123,0.6414605279236696,0.39742099304301826,0.8941949159888828,0.8944641345816889,0.8824248250189117,0.6186272435576848,0.32876016020159443,0.8977817750545768
237,0.24076134967032842,-0.0014615152134399632,0.005197763280024132,0.28628510750639347,0.3110830005527681,0.662257452769887,96.53213243314836,4.200282824318224,0.9189675416590434,0.8447149875121066,0.9960803119363291,0.5669882062132872,0.22821504832707215,0.9357705855046565,0.8748156861266232,0.9301834882904553,0.6848491170698734,0.2675398592041553,0.90547355801891
238,0.35713164690570737,-3.4389417661305835e-05,-0.0002627899647580593,0.10886840194389215,0.35322117545023657,0.7957583427230102,96.5186733638556,6.64273430529111,0.8901209417008127,0.8929478398037056,0.9848209741072408,0.6132241132373442,0.3296954042648472,0.959218604923065,0.9151490408713975,0.9260928424119245,0.5728743065431696,0.34927666023198845,0.7054790050274187
239,0.20575542095828683,0.0020935555624439555,0.004302504396061309,0.1853021511575656,0.18294376277627558,0.39072720620733326,96.52934284092181,5.124330032148997,0.9086926271344271,0.8941118350251203,1.0022640953549262,0.5340184826964893,0.36122757190638544,0.9380687407380777,0.8121067241875874,0.9267200733506407,0.6663349878672582,0.3313224379407794,0.9137655749151533
240,0.24185883072186432,0.0042955093902323615,0.0003739008076094298,0.05712686773666191,0.38955230772648664,1.3061619976328183,96.45668506697056,6.5923180118310105,0.9149669989685777,0.8721709487883209,0.9987633199810432,0.6685160095688039,0.3980746676307678,0.9115132055719086,0.8445058220302736,0.8963789714152628,0.6451831628698309,0.2800356983057039,0.8380182088085292
241,0.10169284179808173,0.004513610921741488,-0.0018001994516021096,0.12841066368367754,0.4325134289400435,0.8342917236521585,96.4854701123249,7.237725169266856,0.8771909511244926,0.9118736482375709,0.9862424247301302,0.5731877007557578,0.47843956276813776,0.9006795280787685,0.8801321496911982,0.8930664633709892,0.6210907316341974,0.3707592462701452,0.7439956729148579
242,-0.0404844159711614,0.0009640109729825487,0.0011304509606453166,0.1230552496271526,0.5582901580512634,1.1347831402222526,96.53435845726418,6.543156130483412,0.9113097676828996,0.8895700576007322,0.9875241009941633,0.6306342384050857,0.4349526944920769,0.8802478423355103,1.031849404294876,0.8995014801137933,0.5814036688653488,0.38322429459513807,0.9274554965927909
243,0.35184259656298245,0.005071491224924117,0.008669838970119699,0.18465573422984005,0.6010043111743122,0.6415611395740131,96.5187158761895,6.639702519207166,0.9123883886047395,0.8590535963267748,0.9928842556522988,0.5933203086632588,0.31898726585086595,0.8834107755754109,0.8447540073884826,0.8900786068514353,0.597912137680157,0.3575990364705548,0.5971775177716133
244,0.11222657569750819,0.0014190930103223014,0.008144676949846401,0.15754914859773594,0.6442173635922321,0.986743027391824,96.52283677571488,6.542686367414865,0.8822716884866125,0.9233743822808895,0.9944144202724122,0.6203648959472656,0.3572903151468135,0.9203016546059043,0.844803328227354,0.8839867542370627,0.7172397881740301,0.32794818942190457,0.7762316646319727
245,0.034721272476566756,0.008780668484815285,0.0028213507921240975,0.2558550341244027,0.4177799823261991,0.7900574323410754,96.50956929161111,8.921829887546883,0.8961642431364193,0.8552576701492909,0.9893485680601939,0.6133292125110679,0.2576871822583578,0.8773102537418137,0.8747611861694214,0.8890475960111477,0.7101359717589714,0.2677036141298976,0.8204641851277349
246,-0.0914610233029522,0.006539036821663546,0.003587714800554087,0.0006865089420821924,0.5337624671050747,0.5343386720014125,96.48797582284803,5.73860077053435,0.9302015940255487,0.9319109579790894,0.9918490895411349,0.6329245642185624,0.4180421078215947,0.9222332378283996,0.7784370912747491,0.931375384705846,0.6291502392462622,0.31347005304894915,0.9034296106168942
247,0.17681917657086563,0.009577507888363531,0.00636570043461178,0.1982162612159768,0.31931777025726055,0.5689634491827787,96.5264933958041,9.522062109647383,0.9439976183242494,0.8672987347185297,0.9953828122441031,0.6842176286500522,0.3500502204299791,0.91960065444094,0.9928121252567546,0.9447802761468923,0.6593332587232831,0.4570050396158396,0.9822681277809011
248,0.16706864785240128,0.006030371373626943,0.004831286629501209,0.29229982926488773,0.5439833974256991,1.1112868036522903,96.48592320430475,6.630688785164719,0.8906085817090543,0.8687020993897696,0.9865619991538758,0.6577671807684304,0.3051630177191404,0.8787683222034433,0.9937044179674457,0.9082989640133159,0.5976676593675921,0.3543866852578714,0.6527272973737692
249,0.21891616240306236,0.0030976206101218954,0.004274611183901846,0.040011612914340716,0.49986982344959596,1.0063233277012515,96.52728966300572,5.142767415136301,0.8904271411748093,0.917874649446552,0.9975152281589035,0.5609704988407422,0.6142740197690792,0.8621326701299605,0.9943963868987368,0.9074569216382758,0.6712752037671778,0.2643100592596905,0.7605482390112964
