,AS%,SrAc%,HAc%,MAc%,SlAc%,N%,MAl%,SlAl%,Zn %,Fe %,Cu %,Mn %,B %,S %,N,OC,P,K,peasandbeans
0,1.2999999999999998,0.0,0.02,0.17,1.07,1.63,83.05,12.76,0.86,0.8,0.98,0.35,0.010000000000000009,0.96,1.0,0.91,0.82,0.57,1.5
1,0.9,0.01,0.04,1.29,1.7,0.4,83.11,12.55,0.94,0.87,0.99,0.67,0.44,0.95,0.56,0.61,0.84,0.75,1.6044483224600004
2,0.03,0.0,0.0,0.010000000000000009,0.030000000000000027,1.7800000000000002,89.27,8.88,0.97,0.83,1.0,0.87,0.0,0.96,0.94,0.9,0.64,0.13,1.5553156719300008
3,0.0,0.0,0.0,0.010000000000000009,0.0,0.020000000000000018,99.65,0.3200000000000003,0.99,0.92,1.0,0.58,0.0,1.0,1.0,0.93,0.55,0.12,1.5847945803500003
4,0.53,0.02,0.01,0.010000000000000009,0.0,0.63,96.78,2.04,0.79,0.72,0.99,0.65,0.10999999999999999,0.93,1.0,0.81,0.55,0.32,1.5615909402800003
5,0.0,0.0,0.0,0.0,0.0,0.4,95.96,3.63,0.84,0.81,1.0,0.53,0.0,0.99,1.0,0.92,0.62,0.24,1.5432133839200004
6,0.03,0.0,0.0,0.0,0.0,0.99,93.21,5.77,0.97,0.97,1.0,0.61,1.0,0.95,1.0,0.91,0.58,0.11000000000000001,1.6042980091700003
7,0.01999999999999999,0.01,0.01,0.28,0.15,2.72,90.04,6.78,0.94,0.97,1.0,0.55,0.7,0.95,0.48,0.98,0.59,0.38,1.7061726038100002
8,0.0,0.0,0.0,0.0,0.0,0.51,98.65,0.8399999999999999,0.84,0.93,1.0,0.51,0.0,0.86,1.0,0.91,0.56,0.49,1.5
9,0.0,0.0,0.0,0.0,0.010000000000000009,0.22999999999999998,90.49,9.27,0.97,0.97,1.0,0.78,0.0,0.85,1.0,0.96,0.82,0.47,1.0
10,0.2,0.0,0.01,0.11,0.17,0.20999999999999996,86.67,12.64,0.88,0.93,0.98,0.47,0.0,0.78,1.0,0.79,0.64,0.13,2.0
11,0.0,0.0,0.0,0.030000000000000013,2.21,0.59,90.74,6.42,0.89,0.87,1.0,0.31,1.0,0.83,1.0,0.9,0.81,0.79,1.5
12,0.010000000000000009,0.0,0.0,0.13,0.3,0.74,95.03,3.79,0.94,0.89,1.0,0.72,0.33,0.95,0.6,0.93,0.69,0.09000000000000002,1.4862684675899995
13,0.5,0.0,0.0,0.24,0.37,0.57,87.17,11.15,0.91,0.89,0.99,0.35,0.02999999999999997,0.9,1.0,0.98,0.78,0.39,1.0
14,0.04000000000000001,0.03,0.06,0.7,0.16,0.31000000000000005,92.87,5.84,0.89,0.88,1.0,0.47,1.0,0.96,1.0,0.87,0.61,0.08000000000000002,1.469967619709999
15,0.03,0.0,0.0,0.010000000000000009,0.010000000000000009,1.36,86.55,12.05,0.94,0.9,1.0,0.7,1.0,0.91,0.94,0.97,0.91,0.24,1.6913867848800002
16,0.03,0.0,0.0,0.0,0.0,1.0,94.25,4.71,0.91,0.99,1.0,0.65,0.67,0.99,1.0,0.98,0.61,0.22,1.71605392416
17,0.08,0.01,0.01,0.030000000000000013,0.0,0.17000000000000015,93.88,5.82,0.92,0.91,1.0,0.61,0.59,0.95,1.0,0.93,0.59,0.34,1.5
18,0.010000000000000009,0.0,0.0,0.0,0.0,1.5,96.66,1.83,0.96,0.68,0.92,0.87,1.0,0.7,1.0,0.92,0.65,0.51,1.5234051260200006
19,0.0,0.0,0.0,0.09,0.12,2.32,95.76,1.71,0.86,0.91,1.0,0.63,0.10999999999999999,0.83,0.07999999999999996,0.93,0.32,0.36,1.3890977714799992
20,0.01999999999999999,0.0,0.0,0.0,0.010000000000000009,1.44,91.96,6.57,0.96,0.91,1.0,0.67,0.010000000000000009,0.96,1.0,0.95,0.55,0.06,1.75
21,0.0,0.0,0.0,0.0,0.0,1.12,88.83,10.05,0.91,0.97,1.0,0.52,1.0,0.82,1.0,0.93,0.59,0.3,1.510481431150001
0,0.1680055829605816,0.0016328471046227486,0.01151588213551898,0.07143455066405922,0.5693477275645942,0.7790898347676511,96.52862572497345,5.825542542840865,0.9069465680509516,0.8745457829990917,1.0025302742557787,0.5593194120736497,0.4491880868536954,0.8815982440185136,0.9316854888406992,0.900916193201758,0.6997673117632222,0.32032801603223326,1.584883254027342
1,-0.03982433593951573,0.009585246966616046,0.002451269984099189,0.17860098891441686,0.14248136554655388,0.7984990250018325,96.42642411644482,8.404537308305553,0.9341958038947199,0.9168876380061763,0.9779847958092004,0.6084853359002623,0.33008938692106227,0.9269999201351935,0.9309876541859133,0.9070058763989339,0.6872911333553804,0.29338580018738414,1.4087436325418414
2,0.1609969567770677,0.00543481624218419,0.008941357558180242,0.07162983553439092,0.4817454001959237,1.1440771566272392,96.51488948645104,7.510903595762062,0.9108513275448247,0.8485900429892397,0.9946835866291127,0.5295585404439453,0.3258896459476062,0.8892153379201408,0.7797514435862396,0.9219201536731321,0.6028764403724365,0.38124689667321343,1.6458189199835374
3,0.25776741620459376,0.005831988608786023,0.003486072041276707,0.11754103289759904,-0.1280262067628673,1.057658757457231,96.52140114538614,7.852195608425613,0.9018629743995425,0.8748662431520966,0.9978866229229615,0.5894096360949471,0.45994889493531943,0.888355747625611,0.9569326921648424,0.9643607758164597,0.613943356342691,0.29456915111195214,1.610625131873409
4,0.13158760476145798,0.005095425189154366,0.013853603637601478,0.03741950432043069,0.4520682127440343,0.9122981466150634,96.52481751485146,4.997465059745304,0.9130881424807697,0.8897623720317521,0.997822728974349,0.5127982772356339,0.23403769862496304,0.9027622151598608,0.8972614458142303,0.9068783660747585,0.6276458344254383,0.3054248938100267,1.642561323176338
5,-0.0757199828913433,0.008550780918323177,0.012054097863396881,0.26073531370007286,0.3897299251635738,0.6258197916046515,96.48494094564226,10.20665622195869,0.9445925529707855,0.9001186072640055,0.9929483030235375,0.651682472891351,0.40334005889970803,0.8598369515315415,0.9560890605783998,0.8566112387570971,0.6768213864382115,0.33971201273643253,1.5424044940882458
6,0.030795206454623608,0.003869195888012057,0.0011711482261314195,0.24828084397038547,0.18632772901778322,0.7782100935638872,96.48053001131252,9.145922978097818,0.8949439057257927,0.9109172773572408,0.9872247482613973,0.6049090896276877,0.5614944793626209,0.9100904295927176,0.9177963465784192,0.8876468276756236,0.6277420684600943,0.24533543385251755,1.50024829872116
7,0.15733964898866343,0.008412841319372042,0.0013666275257773726,0.229835019825592,0.6852500846428209,0.974761308351318,96.5047771447082,4.783260003425802,0.9151576742706993,0.91464693061302,0.9856775033848948,0.5723854098238694,0.44320837551016334,0.8855599827920606,0.9035140771454994,0.8657976417382377,0.6035722629566873,0.42253254627558506,1.404981933512637
8,0.3033019930536708,0.0034972952649661004,0.008184997472554346,0.1786559346009998,0.2177955237528887,0.8995402547035155,96.45044861946027,6.968459921207433,0.9292564431792592,0.8755915986209614,0.9946228078467818,0.6123711358023542,0.2893397598214419,0.8874158191544571,0.941457898915926,0.9192426320779736,0.6723458657068351,0.36302368872703705,1.5751727917401952
9,0.2124075727114181,0.0012001152146778032,0.009463316021090514,-0.0065796358478248385,-0.0027112510823421587,1.2998332400710169,96.48548633413654,7.149849562719155,0.9034919236875306,0.8750054553972333,0.9986128095713167,0.5958074881450238,0.39479433801647434,0.8873291608107585,0.9187282114102666,0.9374181046726225,0.6391080740937758,0.41209990485121734,1.6210222338037301
10,0.34172725443743235,0.0055312101207632336,0.009169047234678243,0.016579734580899508,0.4149443958521566,0.7607193030295514,96.44347240140264,8.89672232918206,0.8856819230072464,0.8518085675215092,1.0013688792371773,0.5355650983902044,0.5730895962603806,0.8660234935425273,0.8269331649638397,0.8619294930659176,0.5543294433834619,0.4172760619144449,1.5355324529484566
11,0.32756468398272653,0.006690339448679097,0.015324765190880968,0.09882930613125732,0.3492373681544795,0.4148616029004495,96.46108285603917,8.210130724720042,0.8937832431708274,0.8989634294699422,0.9852741121849077,0.6754729261724025,0.549001653362539,0.931312290685543,1.0149219588858365,0.9382844219231196,0.7177505024043555,0.4574606380976896,1.4480563051292217
12,0.08222121394740126,0.0054440320749247805,0.0060883383195736085,0.1890644150541388,0.28708926265866835,1.0070287889225837,96.53034188076873,9.466755531477206,0.9312239320078067,0.9120115295726383,0.9976767282084553,0.5836312072400955,0.3742419485290502,0.8895670673429967,0.9180359162070696,0.920402252949813,0.5711702347081292,0.2585791369119218,1.492613738905251
13,0.20365484836521613,0.004407731142709347,0.009508443519329874,0.06400732524547234,0.0033205807143445454,0.5331338043446071,96.42404594292343,6.11063162483312,0.9202935041213642,0.8993600086718607,1.0005811314492352,0.6465239854122709,0.4952058318085859,0.9180299507858847,0.7650098980428166,0.8943535114265683,0.5950417216509754,0.24629818005175447,1.4680436472629004
14,0.11620263898916285,0.0028639446248205722,0.01020586925275967,0.22406121411627783,-0.1068466501486936,1.1472525381235248,96.51174748935128,5.6334278556390185,0.9159721715498766,0.9000455624632839,0.9877577885811569,0.6240568677961802,0.33190972286011405,0.9470608474965317,0.9101324346335983,0.9267178928175983,0.6360261635034555,0.17351285970772257,1.4620375723223509
15,0.014272770978559224,0.005953540374232302,0.013209469368663818,-0.01097729960930019,0.5632047220175547,1.2346779075365546,96.49129821768052,5.969056008010922,0.9349595482562709,0.8397904401147647,1.0019114078140634,0.5533137060393707,0.38879344595382725,0.8597408460058491,0.8061855559812738,0.9361539777956607,0.5708007801714508,0.38266897925206333,1.486851064255688
16,0.12282598669463833,0.0017485472657053096,0.009240722322087008,0.20567224089828573,0.448242662309978,0.6324215939362472,96.53355939319847,7.268022465104725,0.9500478720500143,0.9147169343494158,1.006351150597244,0.6615156115585187,0.459932557181665,0.8560772933414403,0.8670809588366037,0.8945170148594971,0.7158017180479002,0.4366542490160487,1.500322121824663
17,0.41541753841824675,0.0030544005993482907,0.0039054880623508306,0.17294493200512684,0.6692368104944219,0.3015211279093074,96.53084335849705,5.085227554999881,0.8980469873862462,0.8468933139770287,1.0012326718726017,0.6388015095193206,0.3703185209831005,0.9197022377541776,1.0212671371535738,0.8958876169212815,0.6085234817105022,0.37845261182345413,1.4639333432217738
18,0.4219289229883221,0.005271238387613842,-8.856067643483664e-05,0.12208505333911589,0.4128817789102229,1.2522070182458096,96.52448832395007,6.815590568659146,0.9410979252004305,0.9463295565036564,1.0038880936785706,0.6130251239985898,0.3630657320219129,0.9095710132696219,0.8536470752378978,0.9276600365819241,0.5931960487331172,0.4259925582177249,1.401919069735298
19,-0.07352725058199247,0.004117508884485995,0.016371941868890693,0.011610606852632016,0.10197957360060786,0.8414903448571082,96.48789667159477,8.13177366358652,0.9224385928545871,0.9224028985197015,0.995024398277316,0.5564861064883985,0.43129601857997607,0.9111109034995085,0.8176828616461345,0.885646398135358,0.68566976503186,0.2614041125275943,1.4356371444040203
20,0.09923393931771006,0.004961799732198389,0.014737819842486812,-0.06072449997129417,0.45974508635337974,1.0408930750775003,96.48924476007802,5.514949346884933,0.9337992602458778,0.9004001937026893,0.9938965299953814,0.6171256350959387,0.33565686904277225,0.8776458967324462,0.9386738745241232,0.9280392032599645,0.6513027607552736,0.2080372085661067,1.6038268990405096
21,0.2141709577307111,0.006945850917376814,0.002917307132494153,0.10509809144767306,0.3307154792453485,1.1878559982704089,96.49448384585982,7.528095180170832,0.9103169872840902,0.902309732035106,0.9958903609855885,0.5677054031148462,0.6224685881734119,0.9383731205413307,0.8558813314682904,0.9272892582561348,0.6877976119781991,0.30998990458901104,1.5096695887935148
22,0.11964576630894624,-0.0014704905676772378,0.008978304016889666,0.18955716512481452,0.5637339317577545,0.49616403152402777,96.53199426806314,6.304070919150973,0.9057781646502102,0.9271203454069923,1.0023264169996768,0.6097866190214202,0.6457531275972884,0.8824263982406091,0.8480995851697685,0.8831164949726411,0.640395697783361,0.31180002846071087,1.503491348457866
23,0.11994190633301581,0.0025681433006155626,0.012414771408773865,0.19114426175556165,-0.12991197732290205,1.1286385402034989,96.51924112726245,5.56179316577952,0.9366547633009974,0.8571977696375015,0.9974860450163358,0.637202364526165,0.5836167973575915,0.9032335212851424,0.7661801457340742,0.9725707970099853,0.6581848692177568,0.27287441437308696,1.528549445006546
24,0.06999372771935629,0.002989428813815821,0.005016867046571434,0.00924719915075703,-0.14177389033806814,0.9660062978793337,96.4506522311648,8.802578370887014,0.9281377481888375,0.9348048803007476,0.9958301130651723,0.7022693859007478,0.12716921150474714,0.9246249679680181,0.9465163647636281,0.9207982864772971,0.695489713388612,0.21359284976158638,1.4682618757151713
25,0.14810112869891834,0.007102719374644266,0.009001695650349589,0.03101685223207204,0.5272447287365732,1.2319478709528537,96.48426829983268,8.597828038085037,0.9048492662524851,0.900537073596075,0.9978292380192312,0.5550963759221144,0.3757352166335944,0.896395421334141,0.8621825867252254,0.9226543208758642,0.7298876496081619,0.2550843400181919,1.6013717105795553
26,0.02953261375981789,0.001961154498728689,0.007416599482780924,0.051836902960548215,-0.09113176549542218,1.3337413585773408,96.48342532500104,10.158565998964729,0.9186185740701727,0.8987133653340392,0.9868054618230678,0.6787573925917973,0.5336526771968423,0.9045927493883653,0.8589885263901659,0.9468843808970097,0.6881667171864234,0.3668016126243153,1.542239066351044
27,0.010883840882413814,0.0007933728860325499,0.007299701918195146,0.06060375547484437,0.5256941633412264,0.7257500662069504,96.46831806370997,9.810232868856385,0.9289051869218506,0.8377643233043557,0.9994509448827199,0.6140422876952484,0.32423531861022303,0.9478409814442478,0.8039471586074605,0.8647001027130109,0.7056337790061922,0.32442487660306896,1.4281774501651978
28,0.2972832299886258,0.007508799093245156,0.004433117679980238,0.1431996926873847,0.1287237025674231,1.0271176429593802,96.52000662895927,8.529425376267136,0.899103952168974,0.92046968705404,0.9827472947854928,0.5902390063032634,0.3351842897646742,0.8998142523025672,0.974657904652412,0.9206013685073005,0.6000610475444249,0.34983316007611015,1.4771321527023935
29,0.11081878677732404,0.004341888975588065,0.014538312153975231,0.3351477539298146,0.10714348086189485,0.7562361130338979,96.24488442412623,4.136912888419266,0.8959586181662855,0.8768105261777468,0.9904468236162071,0.6456972827957118,0.22918725268505516,0.8763144335049211,0.7849880789923919,0.8611900316751396,0.7437377685833064,0.2334836664139185,1.4241258014991363
30,0.22430781380207132,0.0019141861292879337,0.008705976200718894,0.2988818892217579,0.6039319102341458,0.9648187457052946,96.4935379464303,6.225480490285281,0.907143046472385,0.8792539117381905,0.9883908068044358,0.5805512663574689,0.3242560446967616,0.9015336307231828,0.825451094551104,0.9448350769622235,0.6356752084886913,0.3511406867146562,1.5037640796356528
31,0.22358263702999176,0.0034685280093005285,0.008732981602465958,0.07335621288209879,0.24655862527917488,0.850423922259382,96.4164773490551,6.403403676361762,0.9043899972217346,0.8702409774901834,0.9921092628457661,0.5572643450300585,0.3916007086079148,0.8784003206999829,0.9414479458300938,0.8719535009155396,0.643360702926992,0.284111622664268,1.6435141674910736
32,-0.04374777508118488,0.005462589038647661,0.012134037886836601,0.24530971418408637,0.061777518280692806,0.6519947213840229,96.51613912531893,6.626546328154697,0.9262124946777717,0.8652719163063745,0.9911945498853435,0.585396527042778,0.5287865867373506,0.9337739650130481,0.8234203208424091,0.9123021233125721,0.7374631785255684,0.20573833893523755,1.5405125263183697
33,0.1196761892479337,0.004129887586034758,0.006650150277567218,0.25041638854542786,-0.017167897746328487,0.6173118256313224,96.52373792531924,7.006129705770401,0.9080224759671147,0.9210716281684391,0.9948003066377017,0.6434850233036571,0.6425393847276479,0.9091028016707928,0.8902023143088624,0.9005961360236133,0.6008464808164482,0.25780107286536763,1.5543427192890906
34,0.1265399372253078,0.007538935379264949,0.003171023719742163,0.21104487418260037,0.5859135380883118,0.3776313567508597,96.53021322502137,7.439774697461155,0.9030926243502142,0.8470719427297294,1.0014388143080182,0.5214250995001452,0.4377041389061034,0.8759999637121545,0.7826082875649484,0.9563426171671624,0.697930102121094,0.37897786146713125,1.4221909867360014
35,0.11237833403271841,0.0018304523144595504,0.010432058516092552,0.13384376469832876,0.2338444215372525,1.2467979448820699,96.53591435274807,5.818497610614774,0.9311541955229561,0.9122375757001138,0.989285131566167,0.606630573248668,0.2710733838417345,0.8763833902754806,0.7727499138060357,0.8637921799175262,0.5971961651955282,0.33965039992999535,1.4128764978191934
36,0.24612330103151056,0.006512652659140702,0.015160864443764029,0.24462038656236335,0.30401100976801904,1.3598287642982434,96.46303310935737,3.9687897846720444,0.915292476073719,0.855291655169012,0.9864130662820453,0.6333589534592944,0.5840962057973711,0.9073158362165795,0.85049965923646,0.8751716558332613,0.5736426306602227,0.3575144243416781,1.6184222400855384
37,0.2585642467360857,0.003726383062487649,0.011033932014401135,-0.04329581286452888,0.3362739983716275,0.41799939989993395,96.51217401112244,5.176076268877515,0.9383394183555749,0.8418282755705566,1.0031979088107859,0.5132288611188739,0.27512960924085444,0.8845089855356966,0.9405335383379139,0.915373958981366,0.6596971061413084,0.45946786419373603,1.514371451839698
38,-0.09046612803514059,0.0011344977608350598,0.0014011870046579467,0.2661139374559962,-0.06192575480244206,1.5479323982214113,96.53418505169164,6.348387536263033,0.8956028379676187,0.883690177207738,0.9928144970992602,0.7111899392810245,0.4343085091502332,0.8810781686436648,1.0561418033624046,0.8830835262875809,0.6164580448555858,0.15292295616307533,1.6927868452506818
39,0.0647142481807305,0.0054573347480615046,0.0030269985286024217,0.27959124643202504,0.19218349435046245,1.1263778013464063,96.52828506692936,6.527157422131662,0.9182294814593748,0.8768744371192484,0.9889290497541511,0.6539228070636195,0.4565047307336462,0.9134119049546726,0.9475568387006729,0.8898914476804342,0.571947792211368,0.2602842996143314,1.463082721910424
40,0.11727852973209,0.008345141208745686,0.009224203756831166,-0.04941771451956614,0.23598615583165747,0.7153387062036272,96.5254076531709,6.667640001930026,0.936191541432076,0.9033060337729287,0.9938340197945501,0.6839873728858006,0.4777615282575819,0.8845529795608107,0.8064733278022612,0.9494009791536435,0.6380848106663305,0.3522705913268126,1.3788194735286408
41,0.18792596745658102,0.005663111756275674,0.007883955457035567,0.15848868425580367,0.6037139940850964,0.7711895605575105,96.51669849813355,6.055377787528206,0.8964334277013722,0.9375649341648937,0.9969583206433714,0.6332474546770094,0.388180923675115,0.9310639140370573,0.9659054277257817,0.8969319095223292,0.6017775959627765,0.28899673313119517,1.5738910467036555
42,0.19138991636613328,0.003477546335540414,0.017005748048894313,0.17376057750374294,0.2809834199845155,0.6562313834785232,96.46566020378127,7.374312323743599,0.9095319614005479,0.8664448640608821,0.9957169987827167,0.5974850693464507,0.5761836514616463,0.9455219895006516,0.8784459988903878,0.866300891709961,0.6788382124352162,0.2487768313138245,1.5481340587159702
43,0.008237462640470455,0.004232612790649375,0.011215187125878406,0.1945377152861646,0.04756071409375118,1.1451848931348563,96.52212609255389,8.223907050480689,0.9360316000658158,0.8909801553377166,0.9916269950781054,0.6420437464132941,0.3515416280877385,0.8975298362096508,0.9825801235553354,0.8949790405749715,0.6769482978625683,0.3047019543794784,1.6346744499094705
44,0.06938438313114251,0.003956270518682009,0.01043365254961191,0.13778545166479816,0.33821091116112745,0.7715943782608216,96.48615170809953,7.4516750591039065,0.8999963371140248,0.8452254975935358,0.9887708788120271,0.5931543086990622,0.6266908544176456,0.9044047075935143,1.0344755274258544,0.8895003392340061,0.6510058585193907,0.3425387510396789,1.4435776182028963
45,0.14025868200332914,0.009008900938007661,0.01000661054011769,0.2860973490105416,0.38630037803892964,0.7221330398262626,96.53307945132353,5.241739191097652,0.9310712029461186,0.9186852981182452,0.99929389611752,0.48944285495394135,0.6880528905656536,0.8737393349783706,0.9172244385376813,0.8810671252564112,0.5653716284870193,0.39568653949680876,1.5786788372829021
46,0.20119993202293468,6.764429360534658e-05,0.007966833384429762,0.2808244728429119,0.5914301100398125,0.6561773327744305,96.44351547310936,5.911081141702236,0.9410714346843244,0.8602728616479143,0.9843848848490454,0.5853121770231103,0.14912802943808134,0.8965850820408904,0.9628449829069917,0.930480579217512,0.6383030774359096,0.23506848506009032,1.5448862804615187
47,0.18586125992461588,0.0031359673428499454,0.006578590293444218,0.16887975743439382,0.15807679868457858,0.7668227375300759,96.43594352300416,6.363735158330361,0.9482617525612889,0.8444611830804079,0.9816727214021446,0.607795628413127,0.5470390722408899,0.8759780131116928,0.9044297861398972,0.8937979286618287,0.7037314275466481,0.41823498895727185,1.6750121742848718
48,0.2542565449006895,0.005457453575501988,0.013319087044396528,0.11963804928155769,0.11992426123110125,1.2359841689481152,96.51846863340545,8.266794153991016,0.8864695190481449,0.8811717851467579,0.9966370776095353,0.6191723276413914,0.5226812130150587,0.907540778963046,0.8412575306434295,0.9038119730590746,0.6977588239982395,0.3945690768336443,1.4668131321009608
49,0.16327937782980526,0.0064534622403660405,0.00900556133427591,0.19735944811547793,0.23697887166104975,0.6517412802723184,96.51526930059218,6.4893608415045625,0.9103463524684804,0.9042997696867978,0.990056577954716,0.5841383118007406,0.3052985175730137,0.9227019013650064,0.8931911235649101,0.9208530239475342,0.613845603920152,0.2827513810411335,1.5904922998391928
50,-0.06759345385759347,0.006949841401660318,0.017463056795277626,0.10204972061053283,0.5891124067711364,1.2406269902766125,96.51579874696122,8.01865934285981,0.8927056846274484,0.8749579633587592,0.9854098882650686,0.5823565130375417,0.5449899626098521,0.9051622350798472,0.8197663623289819,0.8477354801167726,0.6206418505250774,0.42628137645189734,1.6060687539288618
51,0.2900383349197101,0.0002929418266686976,0.010470833398411107,0.14416700620171324,0.5422989520341127,0.510372659046987,96.48488668647926,7.001006878350299,0.8963845124897849,0.8964558307577852,0.9957735417920522,0.566711567570247,0.09610930715554461,0.8691900237198119,0.8387817399821401,0.8921569642572046,0.6450305306494218,0.34077636974843634,1.5870428813357926
52,0.2414577987575508,0.0023946621789137845,0.0025866608458537596,0.15793748767594507,0.20991506941710186,1.130916632409143,96.50709686377046,9.129844946515881,0.9256373466638107,0.8917134962669971,0.9907616887177166,0.5387216379103509,0.4131643158128171,0.9037900475593202,0.9576356754620112,0.8965168615030809,0.5972967678206818,0.37476022515349555,1.4434183970451437
53,0.16534247315218364,0.0025522387771359624,0.004498066009255432,0.017221255536716218,0.45107963136573737,0.8828161543656544,96.50233464331313,5.800716914979671,0.9401169836796287,0.927328697422861,0.9921552939517443,0.6218023177664402,0.2561997792364853,0.9001948297433944,0.8096584084890979,0.8884009120377091,0.6407864534164597,0.2682473157371136,1.6439317359187755
54,0.10889491770036025,0.0048915550672326375,0.005116259299169195,0.1301236041333201,0.46600077231033527,0.9008146439424867,96.51569694110896,7.376944462287893,0.9189291299463783,0.8968759953927303,0.9914026457931595,0.5866349353312783,0.461477166523912,0.8961928220955304,1.0089893173817337,0.912916882576826,0.6850248134037445,0.41808563556404765,1.5578570701308958
55,0.104925324883179,0.0016912113785587178,0.010036412567277421,0.2998339147879242,0.5621671298899391,1.1010471271203937,96.51183782806085,8.819173275058938,0.9416686877927165,0.8263908138344456,0.9895153372119353,0.6632835661871129,0.43652300669662053,0.8853440598011981,0.9706512211108882,0.8535558417492753,0.6496593196122105,0.2786129375296847,1.601266128345024
56,-0.04559781151354772,0.0048221953725711645,0.007272481377962325,0.38398389814650946,-0.14131299431500144,0.9388977090604421,96.53195007761079,7.793167499165872,0.9480235174500968,0.8570922994587785,0.9922715750865688,0.638948436089467,0.4684457649839446,0.9514928753903227,0.9409796201559595,0.9162060826719568,0.6759212364805945,0.1613927074593442,1.5924796913686534
57,-0.08467685045263856,0.004677681674887982,0.012126600269805585,0.019797266427220447,0.397225122217715,1.2420468490446532,96.50926946778247,3.945552559081295,0.9041210324308695,0.867522056213548,0.9947505608068288,0.5431374163227389,0.29331808505709384,0.908146339078792,0.755305223449413,0.9265662665897884,0.6919512821140581,0.20968103349134593,1.6061634330588757
58,0.1301648105513365,0.005351466557646084,0.012384434343551033,0.12872537851458074,-0.04489018555234514,1.0725623844259302,96.00846969931982,5.315495262671956,0.9224071961141264,0.9190069469647492,1.0000074169266098,0.5340005224937898,0.4375896005159182,0.9562537677882306,0.7659566602347622,0.8825759298678714,0.6523285826166814,0.39328638408776084,1.5877353628418918
59,0.1068817856026123,0.004177506918077689,0.008954933866361273,0.18742523735330735,0.025894470989871132,1.5661854378365232,96.4913052098407,6.477414641934138,0.8973925806333833,0.8610977414577304,0.9820823923963177,0.55627913255208,0.5250516221282677,0.9354313502178496,0.9833803143680234,0.927977843791058,0.6584140917017381,0.2368432364176755,1.6083417824822428
60,0.03306937205246899,0.004654601856418044,0.009300929933714338,0.26613323308033604,0.6867498667481866,0.44422450725448204,96.41971024423724,7.22169854640433,0.8984226695214991,0.8768328162548465,0.9884784208724609,0.531520387527551,0.4361816388941916,0.8748394362315389,0.7884218003839435,0.964322666433389,0.5603670775993238,0.2089259781432289,1.4574157821492348
61,0.09424622676021707,0.005220251297666102,0.011902120369413944,0.2789305739835163,0.30315761563470034,1.1592622021137249,96.52512964488203,7.926036210709338,0.9201260300756294,0.9008304806020171,0.9842671033783288,0.6866286706170784,0.3068633048632319,0.9164264935350404,0.9367374471773114,0.9438464695714727,0.6643308121253815,0.31966258701844735,1.5011144204847944
62,0.377856245738562,-0.0013910540707608551,0.007634395732237125,0.3788908982752463,0.43833621615369667,0.4863287940375873,96.5269028567044,9.596782654817432,0.9114331615469791,0.9339751793492024,0.9997700890688576,0.6445348500287407,0.5763793433789145,0.9264401264495081,0.9438627272303889,0.8789317036663762,0.6463268235398913,0.20728790382993267,1.517666142556911
63,0.29184793979560736,0.0007028748485673445,-0.001631593264072236,0.1456428346079487,0.04675961434132825,1.3956317083482443,96.51720445084439,5.369101538320248,0.9190494047982712,0.90395580231988,0.9835297996414164,0.5575871315416857,0.2063904018176713,0.9203422918762275,0.9148679486609667,0.9507841826255153,0.6043954832463817,0.30615331507391635,1.5208229120412833
64,0.38510042808802347,0.0006562648438629402,0.001473739613285588,0.12812651377032103,0.6847881605461699,0.440574245532927,96.50782628592074,5.739272595907581,0.9059914089712898,0.9087248856735277,0.9953548134326151,0.5319039332150949,0.5542829491138397,0.9002493906423009,0.888401109804428,0.888529428269795,0.6280419014388966,0.24044063797993198,1.5413810395346528
65,0.36922521314830986,0.002561242602898581,0.004782841262089485,0.0021268074896166334,0.06339600743422716,1.4457576995061694,96.4764300882677,5.761230598169366,0.891108990282257,0.8802694589333732,0.9950495964879755,0.661696121990331,0.43850036176483476,0.8895867901628851,0.7327452062983257,0.8928259822489663,0.6672077711162059,0.4083487931821233,1.58552017065103
66,0.3237520727161841,0.006003799204916085,0.008063527833099885,-0.0635052859003103,0.20164986297375825,0.6429480226522868,96.44963836793828,8.897333663023263,0.9173889628121222,0.8529329625389568,1.0039401963950259,0.5434244496477642,0.35286951633779445,0.9051480474824718,1.0332804830697497,0.9206604572982232,0.6478321500618567,0.3876657922306509,1.5245502133433766
67,0.0482655689864684,0.002718908145224725,0.0003965876878471823,0.22195609933536237,0.48932804554364995,0.5329153944938817,96.43977494709794,9.229182093752767,0.9382378641545459,0.8849697307995383,0.9911665103792399,0.6078614708145057,0.17867777979051772,0.9118334673040903,1.002801638809398,0.8836767433471864,0.6361189677678344,0.2324976114843169,1.4668128441668626
68,-0.015806952864886037,0.0025978618081787617,0.015601230167391737,0.06832255921678833,0.40694052394139063,0.5027680841651615,96.26315409962478,5.770384075068429,0.9068681292086906,0.8591018551495898,0.9835521500140891,0.6411905147605382,0.24975275396944718,0.9085933033949013,0.938243600759188,0.8539495071447849,0.5845882899604721,0.4636571349888964,1.5136450820898781
69,0.13438164829260318,0.0004527466158763486,0.008932954905251388,0.2286134410534873,0.286256434670726,0.6904884297887701,96.51953088238042,9.092675170787473,0.9029478334666696,0.8529259986675701,0.982603916794117,0.5900722657179753,0.3839849793673246,0.9531604666148759,0.866977077088636,0.898910407651071,0.7109134935354364,0.2710940030382036,1.4521521868712977
70,0.16346360562700712,-0.0006777694173237488,0.006647934539316255,0.07916258333557187,0.2466812452108559,0.8295428456678923,96.37462311725979,5.213257428397735,0.9193354268442195,0.8693649103813446,0.9948011885724577,0.6816582138962556,0.39323156110506086,0.9563051134892369,0.9828762063464089,0.8582225576577445,0.6813871629241083,0.37127978291229513,1.5369929078822018
71,-0.017735327346970975,0.0006065592078575298,0.018295342648985198,0.26812455592536893,0.2884413880070746,0.790430442784572,96.5201229785047,7.311279602401064,0.8923067157251161,0.8549131433971969,0.9906724672778009,0.5042233515507901,0.33653339420163486,0.9155813153563969,0.8739834507517503,0.856357590382753,0.5917492612741996,0.23910525212678813,1.4747310510621465
72,0.13814186958840938,0.0020240688047768168,0.013216065759323433,0.271535016990404,0.7445802466411497,0.49243946631253904,96.51115846977747,9.192603790781973,0.9279831711675659,0.9011642617070956,0.9888287499575309,0.6325855755613191,0.3197771915647607,0.8723654325309232,0.7236325108459801,0.8867287489561312,0.6851165160926004,0.3788370402318443,1.6290028904056395
73,0.057836301813658286,0.0035355391119548402,0.010258968727684784,0.20435940427259822,0.13015143089485776,0.7675746979359938,96.49787280605725,6.049464028785425,0.893096348545589,0.8969216184684446,0.9984334596333652,0.6172188934710532,0.16780714731038854,0.8688120482570763,0.8056384517761941,0.8881747237615999,0.6347415081133202,0.2966937381342909,1.5352152191563468
74,0.14071515845032545,0.005749817668927333,0.0186085068043567,0.3549567751988352,0.49229630668628166,1.039492235752573,96.44680822118268,7.848282490541915,0.9141335258607002,0.9316414670596995,0.9912387301059916,0.6457168745115404,0.23691685771303278,0.8939700749139126,0.803727050560185,0.9428787587526818,0.6619866921619189,0.44687439907845716,1.425340249938398
75,0.24118603373881456,0.004207868799758004,0.015092635557776492,0.052793333550198246,0.0743812572885274,1.1737532218460973,96.52892834566617,5.869695427117484,0.9027216727748163,0.8963914173177356,0.9939464497270393,0.653701215040831,0.6588431666883281,0.8748911207408406,0.9043733446855853,0.9085762206169117,0.705765289260255,0.3519226324242719,1.5615857991062259
76,0.34998639001648757,0.00666081588870885,0.014396693955711078,0.16788310060268521,0.3075283297827571,0.87934923336806,96.53539749226735,4.463285715286627,0.9399675465861432,0.9259291275637688,0.9802870181857655,0.5274750213479901,0.4014980194946867,0.8732716402942527,0.946416837490712,0.8612003764162544,0.6413897515960592,0.2564370714671421,1.6463359728414246
77,0.15212456110729716,0.006834257832650548,0.006366959221331243,0.2580542398466017,0.6121647589476953,1.1574934804545365,96.4723838650131,6.6788174511630825,0.921458382624324,0.8619873369178077,0.9985052820969241,0.5145756413111381,0.4726570878028964,0.9065814338467947,0.8570059261905636,0.8858309686847304,0.6277375073419827,0.3543445245213979,1.480568204665103
78,0.2524067528292824,0.0014348547055714586,0.004848469808817682,0.10125294284542734,0.4375433764407611,1.0737644283770174,96.51056637365319,8.069621066786564,0.9240454618114214,0.9128598917084676,0.9910363795974737,0.6282373851789693,0.5553816251610557,0.9249058446862224,1.0207092193653278,0.9327276635901128,0.6703418179858974,0.42058985204660343,1.5448009663880478
79,0.2643437295169459,0.006040611945978045,0.0035578015144226544,0.02906270634392541,0.5055440451676205,0.6759323458181243,96.50614928622248,7.656007461421338,0.9203590873402667,0.8849867710112068,0.9935058676066331,0.5889639141086737,0.5611341395170693,0.8773315731377798,0.8889116177749656,0.8982617940886162,0.6428919100959855,0.48673837864587916,1.5248438357396195
80,0.25420877233384576,0.004815014312685199,0.008341280146015437,0.22739403326432653,0.6470184032487623,0.5480846878136021,96.48598277750952,6.481223973545667,0.9130429160543972,0.8510068381990427,0.9977785783259938,0.5750002011160853,0.2371074680633463,0.9313834288245806,0.9029242994434548,0.8679482978233717,0.628149909430314,0.3505555525734574,1.4354957879574255
81,0.21923461563690136,0.004065748151427599,0.01207471514585209,0.20362579670622422,0.03626440107858647,1.2667306025537064,96.51604822723655,5.593422668019951,0.9391678165392696,0.8428447732464832,0.9870855983228165,0.5329302408423303,0.4166298715251281,0.9217857498102635,0.9060202505334968,0.9082153859481567,0.5785082282159971,0.3335693575122085,1.6164720560400967
82,0.3403327373716558,0.00017370707866092624,0.003926866292854363,0.2185593037521777,0.17408903589668995,0.8466974745774144,96.49848364117082,9.227672651400006,0.9087817033520793,0.9158070930978682,1.0032262448249245,0.6368322505755167,0.6426493993624794,0.8983837990376281,1.0071958114713202,0.8711631904687541,0.6559935883922676,0.18125045809300397,1.5319667201168672
83,0.10037510498093462,0.00449278758930597,0.003066686322442843,0.11805508967951182,0.22692609341037462,1.0906660705642608,96.4828729443466,7.098917600141743,0.897101427945878,0.9419987964706897,0.9833383512335026,0.5872876891590281,0.6734367563185684,0.9033903631290938,1.0001318310970873,0.8440787286411202,0.6908182789390803,0.3259364276869547,1.4138679381001549
84,0.26764234787653884,0.00753813864715905,0.0018370114626968179,0.21828192239612199,0.39506425334685813,1.2057569942683917,96.46465361240135,8.014740290871869,0.9276766853681732,0.902968884505413,0.9832682497203755,0.6487206754784827,0.39959085679437883,0.8789652394412893,0.9240127317003639,0.857726502226886,0.6385643463397126,0.20912087388277567,1.6221596502739282
85,0.09900902542138038,0.00409941437716082,0.008357059585358664,0.2921099628436879,0.4944148118353044,0.9300641226884234,96.52583725149253,6.472279446750856,0.8699561614965473,0.936990431367435,0.9925927671539972,0.5711096592052659,0.45454615102353935,0.9167505775933439,0.965719861475663,0.884972301572505,0.7390699623861281,0.24839996621027247,1.680578055576139
86,0.1521568714801249,-0.0026865583578941934,0.007990133658896661,0.1380771363978483,0.15759932940631732,0.6516126015144161,96.52451405509953,7.465825051775612,0.9239629165212837,0.8602777799709664,0.9820519334579233,0.5868522169506131,0.1388088888436958,0.9021933229630473,0.850477992630666,0.8867701206115411,0.6010117012663364,0.3494258761105792,1.473470091668227
87,0.22169021415351753,0.0029915139412689884,0.014815230307273174,0.26208122403480033,0.459559200014102,1.1694540487491454,96.49558608999105,6.79772016511143,0.9032509677112232,0.918088607165562,0.9953375696453712,0.6586319008044934,0.4628682583751393,0.9114806509679781,0.7716985366506857,0.9050362509992315,0.6521255435160412,0.4305273470306827,1.539474806229846
88,-0.11748572981177818,0.008471529368670598,0.013892057632763846,0.09092387442607341,0.19577654948852014,0.5010627390120931,96.24336376912966,8.265571122996107,0.9099071914125233,0.9085652499437749,0.9805074380195653,0.49222011512558483,0.4217217668613942,0.872167652028105,0.934630759676713,0.9155957137099848,0.5473514090297461,0.34968277532313535,1.396406539433154
89,0.13696660539015504,0.004697439031061614,0.01290640219111034,0.18312724513035103,0.5147892273043446,0.9734316269514297,96.52879493524988,6.797180070797187,0.9510751549492482,0.8676039160713447,0.9814798147923135,0.6552129407584917,0.543672779183584,0.864712073378348,0.7685123229756924,0.9122099775189101,0.7219128303283792,0.33862520020985776,1.4187494704239623
90,0.13569383862514073,0.0011752993390674858,0.004738619212879987,0.24600681590655882,0.3362651400996666,0.8164773753901803,96.52402740075081,6.59922622407406,0.922224069355454,0.8533397540757524,0.9920036080433707,0.6905364021683023,0.6918807291941291,0.8584902767397891,0.8277078707138135,0.857470017941412,0.7005024774646216,0.36969075756847364,1.49956643238548
91,0.15143221779321622,0.00130350920601067,0.013796754373512233,0.3715992241672352,-0.002925409445187044,1.084305267729136,96.51838920246577,7.755342549887366,0.9373676531767918,0.8759509313031493,0.9941885834749579,0.5630006344655635,0.599472950018026,0.9460671250863457,1.0728826068996575,0.9182306625292976,0.6368653963346491,0.3926669431708563,1.550242502539203
92,0.2386906502040948,0.007301335794234494,0.009096833038756195,0.14318548741562315,-0.12076641197141125,1.172376313697602,96.53464485614526,7.012753286319193,0.931813881497041,0.8815135031215907,0.9893683576816535,0.6322528372715479,0.4421969889176413,0.8899621503040519,0.8884782238108425,0.9460588554506779,0.664188456810674,0.3508076950298303,1.5060008716827789
93,0.19289543439604673,0.00918646160574784,0.009973102594201366,0.16052248427386243,0.1197300616761163,0.5531743254109205,96.51956556349492,7.492048463946463,0.8808556902296363,0.8401076968395262,0.9968058315070304,0.643559426629536,0.46784981583603635,0.9461934588096929,0.8873714377979816,0.8997744913779182,0.6907136312492134,0.3771475917016354,1.517920708292371
94,0.10656143857136645,-0.0017495797535856147,0.005435801058502912,0.15508188390941527,0.37875769462043973,0.9911029101617174,96.52117320096417,8.816424694856895,0.9137834574667594,0.8923887349128143,0.9859745369171242,0.6660695759693317,0.2616565954057719,0.9131364532302552,0.9121244339738739,0.869636439704903,0.5820046725921472,0.39576966084204585,1.4059785438102943
95,0.2892205606179714,0.005747603243100807,0.002550335696137729,0.2956294324755465,0.5021841588910132,0.5464160400160746,96.52215042527132,6.9849375965445155,0.8899638372775311,0.9098810020969542,0.998621768144186,0.5500500877364964,0.2986286965487194,0.908013167976785,1.002022300715442,0.900902654710641,0.6207664238305762,0.40093097257552923,1.6764888539051406
96,0.09039642171987233,0.0021958912836509276,0.009461948349828624,0.061258986953651354,0.6449785280035287,1.3122697271952974,96.50731418010895,6.275720191161076,0.9424578222522296,0.8686442136902913,0.9890121000060897,0.5116537685159466,0.48003968887423387,0.8998157485124887,0.9959112064058497,0.8695973752727232,0.7069518746565293,0.45983942873323624,1.4596029231603993
97,0.2497066660856125,0.0006512635027788047,0.01416380857568907,0.1271709851294978,0.5303076790013964,1.1896079724336133,96.49445308035502,7.8343476394250615,0.8985048928890292,0.8540499551839262,0.99073444242949,0.6942701809762184,0.2860888596056175,0.8698486763287421,0.8475093987314901,0.8964130772665772,0.6249449875884349,0.4399656763967785,1.5457899712264287
98,0.2701276311584221,0.001602187742562964,0.013314176724657657,0.11519717079839037,0.26635162968550413,0.8978802889896619,96.4986892106802,8.254320182455466,0.9258877119117158,0.9425016695223003,0.9905885615229787,0.6253478918181614,0.3678693798255387,0.9324516867391786,0.9106671907019324,0.8811843892070936,0.7023631199006685,0.2740354973030387,1.5806275848571205
99,0.08416304864546391,0.004188112620093684,0.0015372829588388695,-0.05052524011717677,0.6499624514859441,1.0221829954314838,96.51668367475396,8.635542055945448,0.89041078812543,0.8938104176708627,0.9946251948280608,0.6111726075021896,0.26375047183604766,0.9510150535870151,0.9739786639108559,0.9355400005996822,0.5910939488817054,0.18409657345823222,1.5427473796092348
100,0.24299768004686273,0.0037168997356486714,0.010670484457223621,0.18646297393603825,0.08858067285156976,1.2299617564097505,96.37888525842084,6.898825963035144,0.895105391701487,0.8842397740320591,0.9910872949732799,0.5942077026996382,0.6402331013781414,0.8978609772270413,0.8515419975843954,0.916154386984405,0.5958803163622939,0.3236402555111001,1.454977972110739
101,0.009395825205954,0.007343017872035814,0.008169203051693079,0.07819845071099628,0.19042060517185644,1.4327916755999586,96.50365560221488,10.003937048266188,0.9208395630227865,0.9217017447556674,0.9996461466165304,0.5612224681917756,0.6517678198544572,0.9023437236784009,0.9220976590290624,0.9140442406959506,0.7329319994503779,0.35434963131482994,1.5048782598241284
102,0.08454312156697094,-0.0003505882955819211,0.007702023180942931,0.18614710492592473,0.07487166611362497,1.1670165091301867,96.50600161179942,9.142053215506344,0.9436437572795889,0.9028735484424536,0.991078196128295,0.6124936235712682,0.5590187889523276,0.9267406308428054,0.7711687786377011,0.9237936140634146,0.6791874039367334,0.29631185062128645,1.4966205178410146
103,0.1028345725460164,0.00663382394147557,0.013864441889625271,0.1446088175582158,0.37844187218789643,0.6678918383761081,96.52496127366483,9.256216903850728,0.8791560286288937,0.9460963355502152,0.9899710915215774,0.5115956758019304,0.3392997657185908,0.9275552315727774,0.913461048068481,0.8324888812319697,0.7170438903344412,0.189948658699374,1.6078287159119813
104,0.23429489697098654,0.00551107228147819,0.012074549161939023,0.22355489765425954,0.39903267055831304,1.0117416727730395,96.52383301869773,7.297774610529327,0.8935761122838806,0.9308488893735241,0.9908624608859198,0.6593869117513436,0.5058957268813047,0.9545686977685957,0.8818501442714821,0.8691716962412624,0.558791328396202,0.24678853223186875,1.4563657440800282
105,0.2224558123003562,0.002071335536979025,0.005703339198555551,0.0904124412905607,0.14077001298771047,0.8973504465767488,96.5070406468026,5.178370466240376,0.916405125922484,0.9081675389349853,0.9950147917310176,0.562821260669629,0.2552231123856943,0.9160206139603211,0.894836667406885,0.9128760018458943,0.607444171906784,0.26207583400785894,1.5521237951523896
106,0.09551355903939315,0.004622547566092814,0.0024367348587636586,0.029761366489838945,-0.05954551629919258,1.1885768113630595,96.52761326017898,6.992405394250007,0.9177819776939204,0.8923729447255409,0.9981464812041616,0.5116437986600948,0.22810044222565218,0.8772447894814239,0.8429997007170472,0.8928843316077344,0.62436433025927,0.33481735515981353,1.5216120202316437
107,0.016463110586885266,0.000586552431709813,0.011721926514754143,0.16533265956731105,0.2808533454115107,1.326829489556534,96.44051415827248,6.999668374530987,0.9307980191118493,0.8744738202294416,0.9899831177618682,0.56499779183193,0.4720368206486605,0.8839623229920678,0.8054603359988273,0.8870446180490246,0.7001438481403802,0.27933292977161217,1.627224423857811
108,0.19734999971125883,0.0013097014098201317,0.004009153383097515,0.31768323209213256,0.4670802850246192,0.681355267240559,96.49781854689422,4.69303909355625,0.9257250094400143,0.8735338054398206,0.9928279656430894,0.5976440582671269,0.49418500433532564,0.9519124128843799,0.9322878082913897,0.8887954618281845,0.5644012178592407,0.34223722520324545,1.3999719953781167
109,0.08389499485874269,-0.0009812184638332186,0.008010504113775423,0.14829834479944654,0.009812705870272664,0.9111348772283213,96.50937267206677,5.755586780617558,0.9175002957992803,0.8630350297984039,0.9832242084633344,0.6681717919345794,0.49365072400059995,0.9008323108949122,1.0266693250760137,0.8496774506625306,0.6435440358587458,0.45971335281705095,1.4866971858750904
110,0.19963384047569485,0.007187291334706321,0.007702470054185723,0.05458947511952125,0.4148538810632253,0.4677997453026166,96.49900469694765,5.770950237054882,0.8915582549488973,0.8874523867807593,0.991332399558988,0.6172159829600974,0.3289015899914681,0.9233543417149837,1.0163892502568577,0.9038744925350143,0.6112988526126646,0.2319189561575517,1.5848218792746833
111,0.15521488975182943,0.005729855600133461,0.005836454791725215,0.3181228696506199,0.5479836140166395,1.3524592602127603,96.5120965379876,7.8286529581226,0.9056447772559546,0.9010118861332506,0.9798661369372272,0.583030448854478,0.6372520530034165,0.87863158056773,0.926249992500615,0.898808401949898,0.6712633186604536,0.37579077231767355,1.6621972001527194
112,0.2415031938959295,0.0036373160321408245,0.00965340649696483,0.10072812348313173,0.08394468137579914,1.1099468416916405,96.46346102956056,8.859767876664758,0.9030879665324868,0.8375881264550051,1.003192163934891,0.6098458427220306,0.46468505075956973,0.88595379638231,0.8438575556073429,0.9247729036344777,0.6788044982697493,0.17035437360201616,1.5831798550981744
113,0.13564636641863836,0.00023406530057840406,0.0017350937218958825,0.14682406608993132,0.4704986119668696,0.9452055833034567,96.52486226467664,4.983338985146823,0.9227794616909366,0.8815678114817598,0.9848837181385482,0.6280773183749655,0.4602179793824245,0.9216453625044662,0.9793811028116849,0.9048327242020813,0.6680881115702055,0.46602624959478234,1.5531616440114406
114,0.04466352559181341,0.001949761653157685,0.006290489200139524,0.07798920759140475,0.16696422893938756,1.271789211844512,96.5028229757803,8.51963713187032,0.8993863262746056,0.9183741448546207,1.0046014087901178,0.5497452885441304,0.7046284460767637,0.9286310523383009,0.8302903809715705,0.8811593240406806,0.7160210367724833,0.3934123787452991,1.4518767107217752
115,0.2574691227496019,0.006732597310137574,0.010510251411858764,0.11780795119685238,0.002035400106989216,0.7563392161583982,96.38545760930631,6.570810570058098,0.8847734295501816,0.8796662206853402,0.989346483082686,0.5349396865305741,0.3305557432142475,0.8912283674080349,0.89044231990042,0.9233794370392084,0.6131839758279926,0.2716954045354694,1.623768817970568
116,0.15907852727679536,0.004529189905094534,0.0067368716710138115,0.1789182406875258,-0.017542329235877785,1.430105801340939,96.51190271530734,6.359158041430304,0.9155683370504418,0.8549661854373224,0.9985880023430089,0.6029456471863687,0.3177792458324775,0.8647335296899952,0.8308063710272081,0.9263691780753079,0.608373695226861,0.22483001429811128,1.6153876130454266
117,0.11275644697572643,0.002204083788592181,0.011492821678408767,0.13393741142136986,0.46237835503620306,1.104349564555203,96.45830109503201,5.409139545168904,0.905975195989199,0.8300300457949031,0.9915950283453202,0.5155641303736553,0.33772584708470776,0.8658930709135861,1.0367380187250252,0.8795074618435443,0.6837300235187973,0.4314439820730679,1.4201409855365277
118,0.09438637795003046,0.0024153017994202773,0.006084763785903518,0.390033643895402,0.18602720361115738,1.1873923046800536,96.5224287132466,7.402870503173667,0.9288067714662449,0.8635631676237071,0.9936172215525496,0.5846566510918552,0.11422865302539514,0.8850466139649795,0.9953305499755476,0.9125867096744448,0.6472323607972622,0.21346866154627803,1.6355457832802818
119,0.13926129476285448,0.0015169783497558172,0.017461898073791858,0.24016040387970083,0.6158123640246418,1.544206361653686,96.49740377195218,7.442388004307291,0.9167144629811251,0.9211495581083463,0.9848932833359768,0.574178948928428,0.24478000219341894,0.9370563908334517,0.8268712952055113,0.9007219238485028,0.6127307380372995,0.4177040762109639,1.5970584577889673
120,0.2848380079673255,0.006529905462291537,0.005590086045468048,0.23898910002796986,0.4590359991867479,1.020197151358277,96.53347940288599,9.02619164672344,0.9009235655382235,0.8969819366638421,1.002009207312565,0.6881529648610871,0.558666329404769,0.8891334855489083,0.8910251341006161,0.9313304803432724,0.718007679600157,0.3693914069635143,1.6234592888150352
121,0.1851509089898968,0.0038181624141847025,-2.5854486802772206e-05,0.16452106101511635,0.25399925688469643,0.5122237982930005,96.49195827760178,6.692081816621567,0.9487307845141938,0.9044142243973421,0.9908524345700817,0.6600543316844747,0.4631163974802788,0.9271014454333121,1.0051123681549616,0.8838756981055891,0.626997335922621,0.28695460644625337,1.5638338477769564
122,-0.07141644028304764,0.008814007935087175,0.0027903375798984465,0.20493612904453246,0.4222110592386799,1.2451215291891182,96.46345683426445,8.463027230641702,0.9500620304539251,0.8872097727515483,0.9882975279412387,0.6183198416940823,0.4430885749897307,0.862427855697139,0.9549170847216627,0.8351074748352901,0.7226348763645404,0.17234698564292916,1.5322889167730855
123,0.08869146951411652,0.00422884543135684,0.013928371023401567,0.06153076519190159,0.1203939845066673,0.8882922826261052,96.50132329726428,8.182812409764265,0.9265594374817805,0.8689529717898464,0.9969247634184556,0.5756794879345304,0.6810837665374652,0.9326498803096448,0.935104635558653,0.9311363349393117,0.6565800577728296,0.3288651084788878,1.581717405820891
124,0.2849841256371411,0.0010474273655986291,0.00630906730012051,0.2424761220226333,0.0769448828487205,0.4927684009817215,96.40696045967343,8.074006612030509,0.9170276070067557,0.8740774045765789,0.9998142056959907,0.6234871827305576,0.6231220854222133,0.8828517859792762,0.8649028142032117,0.9071731209992034,0.6739133143895292,0.4016871217900484,1.5686503869762716
125,0.11921326268987696,0.0015988165727811522,0.0087882993596734,-0.008580660554395547,0.5992469789106832,0.907858137138367,96.51776382365901,7.420933129312399,0.9047403364640232,0.9265457857229056,0.9895795954493254,0.6124028079464203,0.46831937712766897,0.8910044244071084,0.86300319462987,0.9013470838899162,0.673557287165307,0.2298583743837384,1.6111960028135122
126,0.011086192117165106,0.005265739736043641,0.0037369395395318995,0.0493531723575029,0.5132786149755308,0.9871712677881616,96.45006796625992,9.305168904105782,0.9428166111891128,0.9375908507645332,0.9912852068899787,0.555816505931764,0.4560023552878905,0.9284869845533481,0.9808372865962837,0.9083847311387417,0.6410067794375796,0.28980334396551427,1.5750393502820321
127,0.13957558876959295,0.00034791116533475826,0.012311485996711039,0.16185723566617585,0.6535156510472051,0.8424784795765458,96.49611889259698,4.777122807492645,0.8916803440977934,0.8864818064836654,0.9972758519618824,0.5849004374554669,0.4182296598811363,0.8544735326715232,0.7984436112698639,0.87509165585228,0.6505364017968521,0.35632166304071866,1.436966862460583
128,0.32758675792239345,0.0021425304685158547,0.00333960005730402,0.017135046794917924,0.5752953814052181,0.3614603294853118,96.42306032802405,6.630056912813488,0.9354671242506052,0.8846922250875653,0.9993369549463492,0.559636309771961,0.4433104647061784,0.8970629108060122,0.8680442156868241,0.8581584767861472,0.6912176328157209,0.37972670365408373,1.5308322673683379
129,0.19261113060576998,-0.0001334371482948041,0.014130568374940419,0.31529614175889,0.5913291461236756,0.8842008682753593,96.53445243189702,8.018890167404447,0.9503922982859472,0.8806160786393249,1.0022624330256769,0.5812117794763636,0.3406123705756484,0.8836602545111595,0.8042521977416206,0.9505052985402745,0.7088665478833651,0.23605068957995615,1.588393810537587
130,-0.00928559022245204,0.007641245099616131,0.008776833806048998,0.0473595524143343,0.6412405942544204,1.1283987307745718,96.51875978695546,4.789607072882495,0.8765442983728972,0.891801331887302,0.9876462272366368,0.6035165824384712,0.22962781422212525,0.9093900717276405,0.8427840636705041,0.909638532765387,0.6846914429085231,0.2862934673420969,1.4957037964585282
131,0.22845693046805676,0.0042629253765895285,-0.0017561734624098177,0.16883468251362335,0.239731086685031,0.7944841157659769,96.46524067417029,8.088307318839572,0.8997779435789299,0.8745310742503207,0.9976808306444305,0.6575568240410399,0.6588072345930596,0.963217508181906,0.8882060113054546,0.9026056723347681,0.6590167666476183,0.3244888576302669,1.5999804578069459
132,0.24563924234163706,0.0012427589711905256,0.011050501234148158,0.2723861143702476,0.17666945627966038,0.9941330925988299,96.5253231878759,5.831571108335124,0.9488806023430709,0.8854023887157472,1.0027684228100875,0.6754608321858842,0.525840773999479,0.8665548749037857,0.766637944657487,0.8980420755393159,0.6113665905756374,0.26975592627371026,1.5384260430688406
133,0.27470985725501285,0.0031054152196139245,0.010411407991627507,0.14014914002927625,0.053549703582624925,1.149247329340904,96.49085211786085,7.67403284802834,0.8795617408812303,0.9043620297309473,0.9939313750544024,0.645294276455721,0.37798659906905424,0.9405675772302718,0.983563019464506,0.8721343121772202,0.6134315742787957,0.28445899400428404,1.6071807874086723
134,0.1700719389744629,0.005823757279037482,0.009405416580853745,0.2325626572095078,-0.06163605075656087,1.1341273264551002,96.52896666270398,5.886998609017273,0.9234663369698645,0.8976870535296319,0.9953243059485539,0.5000738396965918,0.25451873498045574,0.8912089868773492,0.9842645972826956,0.9122701620581409,0.639587081804835,0.3270123511641621,1.5030277073751892
135,0.3850342062690226,-0.00020824149274907035,0.008601798455521243,0.09855438402144098,0.6627636692489892,1.3413956566449168,96.43240017590989,5.7472588102812034,0.9392968982186498,0.8777210351770384,0.988389645895659,0.5574101891974504,0.4501714474436982,0.8784871252417815,0.7288857323382489,0.8804496031715203,0.5952947505713839,0.36944096848753183,1.4724155810226955
136,0.14271246817619038,0.004563849692941506,0.011453427409253852,0.2743219555391326,-0.016029182173916634,0.8476496151630416,96.41921687741474,7.247844573011685,0.8906143561958264,0.8649460744413263,0.9922984747508832,0.6158534005915023,0.4286622595163808,0.9005051450734823,0.8716829613244638,0.8961847157664751,0.689376322533898,0.32004361545565946,1.5150682507576358
137,0.0192968016830965,0.007752821007306447,0.01113164791993137,0.2007081037283209,0.35862988387107164,0.6145603678318283,96.52458313764214,6.077594710501657,0.9040397709618997,0.8987153279227077,0.9872794098971539,0.5816049944778671,0.8011610389084971,0.9285592389032771,0.7654725587761675,0.9113737808605946,0.6317405613391218,0.32615168692157814,1.4068827720521877
138,0.3721011990532741,0.00848461403463186,0.014519288226631014,0.20531754642556505,0.05472082119834751,0.8838205335070686,96.52354941668071,7.478986531674178,0.9047427508835795,0.9080016196031065,0.9821451128744713,0.597175017450112,0.6735384392471746,0.8939901469848179,0.9973591079036069,0.8697215633294463,0.7109844508776856,0.27841464142829336,1.678094425624821
139,0.19102093386841879,0.001974040805219994,0.0028372192160310743,0.27396315781856556,0.453320796328606,0.6566445532922345,96.51229987000572,5.622265684453685,0.9388208396857541,0.8523681328385466,0.9971682930832848,0.600843422182267,0.2722249778311209,0.8477919824583484,0.9488405608924716,0.8958680481599451,0.6576044654494442,0.35792344599212234,1.5114766727914335
140,0.36715602566548977,0.007034828669509411,0.0024560740198610286,0.17303818968532192,0.10860752854750441,1.1357270801606214,96.4951483807636,7.6495217276920275,0.8908672062838582,0.9147722565952165,0.9981158804234416,0.5438184216532819,0.27073143565729296,0.9219875217532757,0.8652523840744163,0.8930298876700974,0.6882479797180701,0.29732806188493044,1.6275812189951924
141,0.20762726151509467,-0.0015987733781977482,0.01078281350505125,0.13321733477644074,0.07138919092479817,0.8859107356850952,96.4826973012828,4.820981650848812,0.8938859906522908,0.9230356911487254,0.9868924101219476,0.6053972758671199,0.37857530311483856,0.8972254958566787,0.9705769817033807,0.8764664173722058,0.6798259743660982,0.29634743097001753,1.602918268606182
142,0.00025236769155156935,-0.0005911872734516836,0.008500397096553397,0.12264710145560866,0.35795041142755873,0.6828237240395812,96.49598464312147,6.634176350570284,0.9343764814104769,0.9148751123593244,0.9950973139997603,0.5350645763749121,0.3508998545555916,0.8756222713632,0.9173871639616855,0.8782404113468609,0.6648755183960805,0.2730900029396308,1.6514428743831375
143,0.2688997580827419,0.0060857035477647385,0.010010452140547087,0.16844976318396235,0.47069543488203514,0.9536123529650549,96.49453083317626,6.441651294325396,0.8868369023900254,0.870022490173413,0.9925792575229998,0.544314690887814,0.6567004736821043,0.9389438988096661,0.8469789092957714,0.8739453825226444,0.6252210463841474,0.35265615423092844,1.5402577230372787
144,-0.07012201957375905,0.006540220860634865,0.0044247146878472025,0.2281161328194521,-0.007615498861977599,1.0884650730978809,96.52947457321966,6.301245710286485,0.9185186287083289,0.9143222454427427,0.9850306767326933,0.7170256493302903,0.24401570356972468,0.9347346280877674,0.8137003580797013,0.85115864899477,0.7248705546532491,0.3274291322340636,1.5527655890597738
145,0.13049778798948125,0.007213052653199539,0.013706653149596026,0.19511247626439854,0.37960426890355947,0.6275277116311334,96.53460150475213,5.147595838323448,0.9316735851483628,0.8937401674257452,0.9988032933467348,0.5973019000792708,0.4343854339494856,0.912515870722628,0.9847650410198286,0.9265228313461249,0.6355711135714066,0.24253214804493442,1.4204606563708515
146,0.08336604502496166,-0.0009848336416462817,0.016991214732647753,0.047612269242172295,0.43448761382832446,0.5620695826382751,96.47616830179047,7.909099671678851,0.89009664737788,0.8847646459130851,0.9940123820702557,0.5128644778015983,0.2764341532366261,0.9005718647810494,0.8353902833513196,0.8729148918430323,0.5918986865204621,0.32766796936832,1.6241373736162257
147,0.3299305460292068,0.007470387476028565,0.008682526450275787,0.052194619693757244,0.36427672869856376,1.0588068047982047,95.5733450539634,8.359826254917586,0.8949742995535147,0.836743620758504,0.9926468060051141,0.5564507238948064,0.5727128380525615,0.9324768769038908,0.9400130450128941,0.9109190087674669,0.5642984676580224,0.32029564676739253,1.5115183288572693
148,0.06291247303712287,0.0027060891938915158,0.002807525281937346,0.10514226104153121,0.7048292851944378,0.6105523285313408,96.53373923155839,7.95379704029581,0.9500059632982547,0.8531522984145958,0.992186922304221,0.5356454809179382,0.6515917964387268,0.8577853234246093,0.8082097110313065,0.8882101068692803,0.6996716354632003,0.2872921548659776,1.5068451344494607
149,0.16053546138512925,0.006395421506490796,0.005759528032102411,0.314910139189814,0.4661169446253564,0.7053393692216544,96.52416053148069,5.630377302193506,0.9383182875413428,0.923850954748121,0.9869058840960873,0.5476196981026971,0.6401667830601692,0.8783291431106642,0.7859974351945889,0.9168865649075517,0.7033852311396612,0.2562684722759043,1.5749888754346228
150,0.35490631277218054,0.0029649944801752957,0.0017818143491101146,0.10494321974013054,0.6145596031860039,0.934374097676862,96.52338607981883,6.436369865858982,0.8840659489028162,0.8606297138360907,1.0020505582760477,0.5447740409235913,0.3274121943246857,0.9302859521754003,0.833624420917767,0.8770240223072527,0.6634676959459562,0.35436228266110453,1.5302273509704971
151,0.20042151510762707,0.004397041732055823,0.008505824476533723,0.10267304044170969,0.2773238679835036,0.765932155892865,96.40874457926569,7.174705769382826,0.9005486332659675,0.8631712282373908,0.9907472938152664,0.5472246730707,0.39217134020269595,0.9363029856114065,1.043321454362978,0.8631766166578488,0.5847467898072594,0.31723381372031834,1.6354995410641158
152,0.20872202405099816,0.001981309515049683,0.009253247323439908,0.061007459211907145,0.2637544521462455,1.0850517321867594,96.50315384480015,7.365873179780813,0.8851132683889575,0.8982270936967213,0.9795588666809864,0.6195831141748768,0.42453555155834827,0.9266977008149756,1.041222099016748,0.9436684747301238,0.56564343778148,0.4266302885808742,1.6187492884313108
153,0.2568631483062358,0.003946869121010227,0.011220765451719728,0.17231604283699942,0.48849358657595854,0.7831268792598266,96.52231711837008,8.310452206636265,0.915670502788347,0.8815418776976182,0.9990884215448624,0.5284423414146733,0.5526916190195789,0.8803427341849113,0.8154408501835174,0.9055890086165582,0.6091073802519719,0.3559434571694908,1.5106673044381824
154,0.34361649043977566,0.005682414509251256,0.003948348545973713,0.05962022813542116,0.2815444950205569,0.8475854056096408,96.46147637481425,5.944913831523108,0.9248217510945836,0.910261983696538,0.9955827766872981,0.5161559493327659,0.28729633793412757,0.8913865015387642,1.0385973813647489,0.9453313346101128,0.6197387392148831,0.31652839920153303,1.4867857320088131
155,0.12115792790234339,0.00509266474535627,0.011751940657595696,0.022448829325818945,0.5629449916342766,1.3962913519691296,96.52002900387185,6.671243414826015,0.8780197873086583,0.8937420997933926,0.9929113379680489,0.6567068463756881,0.2882116519574984,0.9348587177863078,0.9695097642262703,0.9104388337689397,0.6230449821870317,0.22539943114177677,1.4490202509030754
156,0.15093264345536767,0.008479212445079876,0.01039927578871738,0.25937612523729825,0.27436057438607864,1.147377992880262,96.48022291563728,7.640585814431182,0.9020067871336258,0.8886953099950087,0.9975178750099785,0.6874387055870456,0.4250112890818982,0.894382872211433,1.023545490286938,0.8632465106599925,0.6756025199170606,0.2783629578034556,1.507886840025793
157,0.20160673701482712,0.005362349974685111,0.009695760435675903,0.18234006112804754,0.17606707606091182,0.9873697007323403,96.28160081661918,5.111031704540336,0.913026828799142,0.885543177342679,1.0009774326265481,0.6613152292064068,0.4930998124968689,0.9084551814163372,0.88343345174741,0.9075886378635101,0.7109123463090359,0.29315040326296266,1.3792109743226548
158,0.01217298746774137,0.002987166445234843,0.011449749531376306,0.2170728470444578,0.6134357769551572,0.5482774354805589,96.34326663507659,8.964657165598107,0.9298433220220834,0.8519845676379377,0.9989451822553919,0.6316003156293577,0.20837421202360334,0.9392340533057165,0.7822403891005254,0.8909079159489567,0.6244082305248886,0.287012737632199,1.5669615383168647
159,0.1456148297918129,0.006991395945852246,-0.000622376699935861,0.12317786174425913,0.2565097017936625,0.7045560018513688,96.52766304435949,7.090376213984933,0.9040293905055126,0.9273844320967153,0.9840702356514449,0.591727176343964,0.5011952581021398,0.8498120874701677,0.9605953130181004,0.9410087263065228,0.5969495829729553,0.262344412588258,1.5446185521386875
160,0.16286297276140752,0.006527940456439096,0.0031061823528523652,0.29451372740692716,-0.10766290512378102,1.3830793519203541,96.44906249362562,7.400972074232566,0.8951177377430257,0.8612429540569907,0.9989827233654089,0.5777770455004494,0.6816647676242045,0.893729934091734,0.8477244370153049,0.9150791838047636,0.6921032439612547,0.2966795069323982,1.6440483172358566
161,0.1333661579779921,0.002372189203946833,0.009149945290372163,0.18099291666608636,0.08075602252719055,1.2793026059148698,96.53026468732031,8.452045020250353,0.891805181970492,0.8925709255980291,1.000328814887857,0.6568156425406569,0.19073798903841296,0.9637582137331059,0.8834489622118588,0.9551129768211661,0.58992288081415,0.33891604991020574,1.5524179310311077
162,0.3866571091930413,0.0009086155026437818,0.0036857332762146814,0.270331724921105,0.2101694024140626,1.287891561393971,96.4331578463873,5.498417295776318,0.8904706997799323,0.8801122634029369,0.998115350215781,0.5696789509948256,0.5772281972131544,0.9339427588417604,0.7613841351587065,0.8945522481316667,0.6643635398349297,0.45918374645976046,1.5204859099737005
163,0.16746964815797116,-0.0002551783317402711,0.015277256705419972,0.0907607444255274,0.2979295368622408,1.0678401206794679,96.51504051711099,6.471196775486922,0.9028553348866817,0.8988878472885811,1.0008107145066398,0.5807783709512797,0.2676397664709679,0.8961829931740529,0.8692070935769549,0.887544570421337,0.6519427822746926,0.44637218313587784,1.5391081629464902
164,0.11558796936845561,0.004696136752904467,0.009101392960575043,0.20909077333559367,0.09428263483096272,0.6987017566757778,96.40004689137103,5.77524350092264,0.9227707829360251,0.8256270018198655,0.9875965049589176,0.6637074703573208,0.5217465916167355,0.9523186486719304,0.8042738894452535,0.8896386569012085,0.6911583462195535,0.35614370035307796,1.412018147076942
165,0.08794667259363377,0.005523046440300117,0.003772085841647362,0.2126388485954126,0.335778316238059,0.6971199838089679,96.52803111167151,7.028837100625164,0.9270492318951646,0.8859480616960116,0.995719204404712,0.5185586348793614,0.7266305734056153,0.9381424733132413,0.994607388015892,0.8796071426579514,0.7407847919496997,0.252383121321932,1.5863588330995022
166,0.06225918420370498,0.007201423093955017,0.011622863968621302,0.00900936391554713,0.2746540528357331,1.0336881897897503,96.52584088741582,7.258368949095059,0.9278719995286377,0.8730587428385093,0.9917818935712214,0.5209363912669004,0.316185284673093,0.9417279399479493,0.8141060754019621,0.88441299606532,0.6027916448598332,0.38826216819313175,1.5411381559254091
167,-0.03468300179452513,0.0014122819626148728,0.016070048337806994,0.1619462459668769,0.279551912268037,1.0923704312069065,96.39439051346952,6.025115490794955,0.9268069371541674,0.8596439420501517,0.9844329594528108,0.5894334108228821,0.09653058711241852,0.9376110014483969,0.8457061799574169,0.9531366781071774,0.6525965206422966,0.24920073892333638,1.5403946077073656
168,0.2488670112966302,0.004575345600728217,0.0018023669566346184,0.0670316846509236,0.24036205798466587,1.018030454884156,96.50880966332885,8.997649574147747,0.9183954035440774,0.8783398645091466,0.9990072285899456,0.576676476909284,0.7069072580110076,0.9262235281626593,0.8956117567952535,0.9236987925486199,0.650606138040153,0.33622836702933995,1.5397262750741167
169,0.07494121235451345,-0.0014990355072019928,0.0027567803363076704,0.3129715324949382,0.12021646455931659,1.0851197499563012,96.5215225292869,7.434778908313522,0.9091122339069986,0.9462253970876552,0.9833012178547466,0.577695378325605,0.48868444670835665,0.9773331389623048,0.7303226768366174,0.929931165290385,0.5314700244865518,0.31215866740600273,1.4026907331183938
170,0.03312436344921307,0.006181606469008001,0.0062043367651742325,0.037553555761047255,0.4240011835045654,0.8132199766025162,96.50472652146848,8.692055316047822,0.8920653403207961,0.9249807942899302,0.9841632601405819,0.5864721890720215,0.3902174889938195,0.9277071894139276,0.780084620983228,0.892421644423298,0.6390648258417775,0.35460909017476727,1.4714109853527155
171,0.08458027461394726,0.005054637964335543,0.009545458158079886,0.09598776420860916,0.10371388056103081,1.0021208962768373,96.51101527033693,3.7476608397425935,0.9202548912070695,0.8968144736896078,0.9867927096222389,0.5986564336309319,0.3125413433096518,0.8794385360653072,0.8303842397182976,0.8580550829746938,0.573857840805828,0.36116486592311114,1.5431557781357268
172,0.2157185618443945,0.008048424148517896,0.015335408965840406,0.21007446282312056,0.3842855576559606,0.9517356854178715,96.50980031258356,7.600656619677676,0.9289968775999102,0.9066038428579367,1.0018473636486704,0.6065721302790633,0.42401446846572,0.9546821846239698,1.0115307962582718,0.8922617309517522,0.5691292197004955,0.32183420853808126,1.5140681884500682
173,0.016908712971351936,0.007730815106536249,0.008041806836770426,0.22200732011967428,0.20207950910494488,1.1478753545633187,96.46772428946724,9.755645165028795,0.9355424123527304,0.912895277561405,0.9900349781425419,0.6221550274039038,0.42646187815027753,0.9195294130349904,0.8020446850512937,0.8773710900771,0.6465951172205768,0.2393191248857468,1.4547787857001604
174,0.05284143151650392,0.0001562890936027254,0.013798061440293604,0.16332496651997586,0.027215775975928502,0.9716603331235268,96.52428415287272,9.030952009368043,0.9443886676208961,0.8463896492531776,0.9926863601573821,0.6498341854487194,0.7084137491524054,0.866212697090138,0.876604170676551,0.917804614390847,0.6908521360116422,0.39818343019980235,1.5952551457277346
175,-0.0070324803936247515,0.0027014885130534874,0.003084987971015486,0.3165353496331576,0.30011881623640396,1.0352337521468329,96.52542751090583,6.325936882244907,0.9346334050576575,0.8897738186879447,0.9990812619095341,0.6013075910570298,0.44919481928504146,0.8937300640456007,0.9127550351036148,0.8799516425151432,0.5883534711285429,0.3295488820229052,1.4493329601307592
176,-0.05793429290955146,0.006937869242904221,0.011467638707663617,0.2360903873864269,0.02660564975448476,1.126823232809358,96.51174860809691,7.252553829697297,0.8930694386014703,0.9161821158231614,0.9916631677498913,0.6724894807044433,0.29295512704379645,0.9261151860880468,1.0019468852949112,0.8703119225507739,0.6472038667103999,0.20537667544934357,1.4060247284396408
177,-0.09446535979990972,0.003437596535343309,0.0035217594871305466,0.22999498793811596,0.20947498302141304,1.1110143755538595,96.51129271925299,7.423598995367544,0.9093253524770597,0.8938393581503257,0.9909115741837644,0.6979924894785352,0.4047095980230718,0.9181070528791655,0.8610440519461383,0.9260197251190377,0.6072104830798825,0.2808821508797238,1.539786310933219
178,0.06898496496730742,0.0069315728003697405,0.010816654775610435,0.25899443760942614,0.2195660126995852,0.5488964869793952,96.53292646285873,9.75295059728578,0.9339431286973354,0.8583554599243047,0.9957054415118866,0.6763098788492842,0.46013017725695277,0.8622347442511057,0.7898445897011644,0.8657187040057552,0.5968213278249426,0.39866736294680194,1.5601490559453735
179,0.07009428225263614,-0.0009812777599025294,0.011215827091101811,0.16632920379616983,0.13503283062535337,1.064621344993007,96.47221409536385,9.102714464125022,0.9027314844496734,0.9075593189590127,0.9963768728352738,0.6245901375791526,0.25952282738516397,0.9109970375153311,0.7226514004687781,0.8803620115246621,0.6360577648272212,0.30743981447487945,1.5148660490371957
180,-0.017185515196595114,0.009780151264025925,0.015119117002130401,0.2212023989164721,0.5102084150193981,0.5131720008369365,96.33709927010891,5.517254322518767,0.9131667658626504,0.8683039048446414,0.9889166555612587,0.5700646501893112,0.31761989872657564,0.9383488725421527,0.9524829385459427,0.8841872633866174,0.6368984217673116,0.23203141187436327,1.5896765441478637
181,0.38542249582766586,0.005867596369010915,0.005585444601577455,0.07322939054443867,0.34442839000410247,1.0203326730045574,96.45178691891927,8.678228368744858,0.9164928796263472,0.8551258259076276,0.9896914608912303,0.4997419239425255,0.09942292732086316,0.8960295663900872,0.9478259341441027,0.9542744826850195,0.6595060681353556,0.29246189249609056,1.6612395185451347
182,0.2087562574936389,0.0045413506582933005,-0.002659064440468011,0.2864585879608921,0.3058756549668704,0.699800145743776,96.49680943833664,4.730268573639591,0.9067372115644395,0.9057919177925261,0.983242019881583,0.6941466559988193,0.46771921053713594,0.9460887252754883,0.9766836659641353,0.9332181519617516,0.6064095443880647,0.2409189451282917,1.465658433186337
183,0.02713133973817078,0.003972847240756863,0.0026735138505229756,0.11975206191902585,0.22528495561852502,0.5831276763675481,96.24463382510527,7.572983408956915,0.9120308817720392,0.8784069771011844,0.9941563906973223,0.6285657147677508,0.4494707135477609,0.8584305582967946,0.9661087919290959,0.945941250411028,0.605600249600838,0.3341035721723848,1.6889032285257766
184,0.2433208728650721,0.0042890275886558185,0.004630394083382515,0.05467952136644036,0.1752130836951195,1.1437473997295717,96.51586335452131,8.5000304881388,0.9231586942611011,0.92703234416364,0.9986139312248373,0.5918713176760204,0.23872055603439024,0.9129737460577629,0.7492242035216508,0.8650426388722897,0.5833726983935786,0.3835487541220269,1.530679711435061
185,0.21419718071577207,0.0013490182333011631,0.000682971446912357,0.07111106519718598,0.7130708193572335,0.8434969610183571,96.45642915390786,7.410332639259295,0.9049183797861361,0.912613520462837,0.9951479794504352,0.6074024744238873,0.3792776717534447,0.9144324610978948,0.790722655522597,0.8919631977056328,0.7352791373338096,0.3756931931839319,1.549886324860499
186,0.20443016240547138,0.002550016703998911,0.007092844129098197,0.3750573027253889,0.5245682455123979,0.9976206504495181,96.39822025944487,7.189684175117278,0.8793654671437625,0.8542845888219645,0.9916942077969283,0.587115402954408,0.5448131395566822,0.9543551464358019,0.9434976397239243,0.884748725063347,0.6318196385831092,0.3366363401307043,1.5040418080696767
187,0.22162006219581218,0.006347900883579117,0.003873554023839065,-0.008823558413731947,-0.025147060440258995,0.4274367653500025,96.53521793359386,8.059776145639018,0.8979287938104419,0.885723243371592,0.9978549303227154,0.586626499820876,0.6147803837289992,0.8721087504379874,0.9237153617486946,0.9264862324999104,0.6154153669038549,0.39082506592016686,1.6815457316961981
188,0.3681616524519402,0.004763101192258203,0.011617818419481866,-0.00892038785632232,0.3008133929420373,0.5830153339913873,96.51635504322537,6.7429584345941,0.917172667190943,0.9123158848842081,0.9888940665166283,0.5340447270087884,0.09763996798342234,0.8931708713965492,0.8166135144381219,0.931979716393093,0.6617284292691603,0.23897070030865203,1.509540549527786
189,0.20727587046076557,0.002143040485302487,-0.0015789361114004726,0.31214740574967603,0.3676199442302402,0.8473271284961889,96.52248101460476,8.892701670796978,0.9445802487172775,0.9029875682073206,0.9918668974264104,0.5911904716552774,0.22744801545922966,0.9617687778338464,0.8625281266005816,0.9044427578707429,0.6056335231360958,0.41340993800649073,1.596826805209186
190,0.26577105204102813,-0.00010693157001099001,0.011131335399811672,0.037685265062388215,0.3550179689003648,0.8878948162945777,96.50218165484833,6.762413243974708,0.8959200215028915,0.9010196748607442,0.9926585726700233,0.6292301654373756,0.5115558960104257,0.9560234152769461,0.8515104101614194,0.9322292522090286,0.6179482284356483,0.3631155141235031,1.4488704547881364
191,0.15371311095362386,0.01009483173902883,0.004098608988387284,0.10178209516538281,0.2668396056985424,0.8826950325366572,96.50573814720373,6.191845593847163,0.9357139320989268,0.9435415760456789,0.9915424786423475,0.46036469925788054,0.24824797817933106,0.9107683715035588,0.9871650684762479,0.8940671526202394,0.5531765562740883,0.3573428092045029,1.394577684418146
192,-0.01632192321565845,0.00013236148252275927,0.010270055051033691,0.19525429279753653,0.19171079320658335,0.9565553223840794,96.52910734496685,5.654443667472011,0.9255344420903057,0.8476080707560008,1.0009168256513887,0.6189923075674031,0.6120677297916532,0.8877900816495705,0.8833914868162187,0.9125654817589164,0.6627388499138637,0.3393036395924982,1.4665589502776317
193,0.11562444533195046,0.0006428039302237894,0.010852267144271989,0.32483767485504905,0.6217770342556259,0.5705148212332355,96.5179853352936,5.678920394224546,0.885496870129896,0.9359676903840773,0.9942780012565801,0.5270425619025657,0.6626246521400647,0.9124861710427083,1.0067271631106853,0.91235724633516,0.6352384099759613,0.24141161005451348,1.4468709380338751
194,0.22276272966074379,0.007493295288837129,0.01025826996706983,0.25613690157799396,-0.02329248659588451,0.6379003619828867,96.50798207124961,6.8854154324146215,0.9163076007840896,0.8355081996349918,1.00538493846993,0.612682633915317,0.2889156295440172,0.8583264606082953,0.8155620512330385,0.8953601940962477,0.6149158629411946,0.24173216291568012,1.4416815785649817
195,0.08461236735279884,-0.00011864489671850739,0.009658460187004635,0.08615881459042116,0.12496401974438584,1.3401700601752529,96.53202139764466,6.107965274361302,0.9469763001124751,0.9035286311485773,0.996285726055892,0.618565619430194,0.41029624040901563,0.8936130347870544,0.8036999018692912,0.942519840577563,0.6148473945641812,0.27906915795271764,1.6090273791641279
196,0.15355528050320658,0.003370290878876441,0.002580048173393408,-0.03146323516188307,0.4850841577878339,1.0994398218953654,96.49593485894097,6.709340931742143,0.8958217128389201,0.8954303361060875,0.9871588931201849,0.5843182832908892,0.2868980797970864,0.9138444424766172,0.8382109326609088,0.9094253795696239,0.6836811691405562,0.30824171074500506,1.5809468333881005
197,0.3096397795281182,0.0007107816970477123,0.011338505032386644,0.09209096693122232,0.10925728877816193,0.6469700831122027,96.4991062231135,4.271849332531012,0.8950259959907063,0.8539390570727746,0.9903529480731157,0.6310903593103071,0.40371060419869087,0.928756541361514,0.9367457940014532,0.9589080886001419,0.6871008168317747,0.26668452443494955,1.4562959488546316
198,0.16755155712306574,0.0048146552420432615,0.010230667339826294,0.09081742419599707,0.2818899288527054,0.501758344310401,96.43217782521607,7.15905444833763,0.9153980038134713,0.8667014109021092,0.9846270876862149,0.4947035131180815,0.6148740444884536,0.9360812309407722,0.9952945525037338,0.9204799932163845,0.7293092648987697,0.26795592222889714,1.5640213056719363
199,0.14351067578348486,0.0015032757811040383,0.005592485801987754,0.0012217237994702757,0.27099112636043493,1.4279321321528893,96.51589439971252,7.4157266189120525,0.9099486718369675,0.8835603557005012,0.9852831712512329,0.5133428681831161,0.4220412937601687,0.9388859904383876,0.8363411974429026,0.8828021693073257,0.5667413056593249,0.4307533585813732,1.6164883723056598
200,0.18228298445104485,0.0038141895334217763,0.011613537662704817,0.04353600103867808,0.3159623264106886,1.4054816593970478,96.45294482064554,8.220119275411104,0.9084157485417695,0.8492317715594233,0.999889898204408,0.5930107440882542,0.3707583731643774,0.9456543892848516,0.8603386144388643,0.9207880160448503,0.6243288436488623,0.39119511154803427,1.5205696092167706
201,0.2136715755725725,-0.0005721551176177974,0.0031848876730695436,0.019526515126960284,0.23091296277012624,0.6690232680466481,96.5164364319699,7.985356302118671,0.8991260255354558,0.8914760236306766,0.9988321271175222,0.6871336533067705,0.28787997008599076,0.9007285787016632,0.9159898238531233,0.8837825929992058,0.582779459285602,0.3862650806759675,1.6315272790281874
202,0.15999706674586686,0.008360119113491372,0.014737571997297819,0.3439029227724167,0.3937966474801716,0.8907691269304059,96.4750031282176,7.41543711939791,0.9209858861341264,0.8864713537879704,0.9866554250934328,0.5504719536451499,0.6090826316402183,0.8978311644176393,0.9518523732702574,0.8677148687157522,0.5968723059613993,0.32919981206463317,1.4721778050444265
203,0.019908365883324758,0.003532577411532607,0.01532017010489525,0.2545085022219443,0.19463001701178662,1.1669152452009817,96.46306303580295,3.9768466027757428,0.9274045044466427,0.8870541007022319,0.9838076912639135,0.5827362906528658,0.5407843081885566,0.9055604697122474,0.8572197131678382,0.8873489619893407,0.5610736340942567,0.4409074016090977,1.5530882704050575
204,0.21474729322648933,-0.0010784381342981617,0.01043663686800529,0.13175237395274556,0.524959002101449,0.9869529282596092,96.52341628595083,7.301866417613242,0.8881000493166308,0.9099297302344508,0.9939701282358803,0.5879971923011329,0.5637924310059024,0.9159213118015664,0.7963828277166389,0.879765629646708,0.5972560234200751,0.386759464535107,1.569901783758864
205,0.2287524188629111,0.006582861322921515,0.006593880996095191,0.28899641297297596,0.35750620387482956,1.116396293740003,96.50547859821775,8.897377018315487,0.8789673665038477,0.8865282855994326,0.9858968088928218,0.5741132161231528,0.48042785481294487,0.8962372025013378,0.7967425371147648,0.8820877316650145,0.6242567986248354,0.2325824017571505,1.552068857326459
206,0.20282106078459777,0.009073944020004422,0.012981187215527894,0.14639928535144509,0.0021077197660197555,0.6318887466027854,96.52987983882386,4.780306272762785,0.9273658737337421,0.8898310407100954,0.9892218829739666,0.5622350164236615,0.30198924382410053,0.8807678457716114,0.7725527380127166,0.8897874265089155,0.5919638005503873,0.19039628133248565,1.491106835802478
207,0.2653712775174659,0.001844261239553109,0.012056885217228572,-0.0017632336167828777,0.2553890882927665,0.7823673781531977,96.52000215397675,8.505291616519013,0.9079018478515912,0.8862058506360228,0.9993497526832754,0.6087598006989394,0.34854147869611024,0.8980943940969165,0.9237466766808482,0.9230751308623137,0.67053147554901,0.26981041957253543,1.5671630473958351
208,0.0290830608732337,0.002288052081726391,0.009933310551609004,0.03347276542710553,0.16718770200341393,0.5635285188969448,96.50907844196628,8.558214985762683,0.906441469545146,0.9038235018000541,0.9962251470828152,0.5970634005977979,0.3671037108554258,0.8741563592574685,0.7336800362605705,0.8895187629109514,0.6660721916438788,0.25041745589850417,1.5336590715245715
209,0.24727441931282756,0.0051299584434248615,0.008086622436764421,0.16754862734972958,0.1756908808934033,0.9469007743404402,96.52380588911622,9.291318220385845,0.8933277180380941,0.892393283472784,1.0004890852010828,0.5786587224264289,0.30117745705439813,0.9203295877254475,0.9756680209605876,0.8874119830487889,0.6368867579681025,0.3439261346135846,1.5854610097916593
210,-0.06996695218394008,0.002690316674756691,0.01223919434916743,0.15275771830069165,0.18860983080725263,1.2830649287238933,96.51206745060125,9.101908394781313,0.8797747793575658,0.8687019512475089,0.9801683364611732,0.657212918247275,0.44532779197333766,0.8635180526091749,0.8560986393138241,0.9422568731653566,0.7661324933040841,0.3658381694759136,1.5494888926240626
211,0.17377506428297604,0.004816134467200891,0.006053109477773855,0.2209670049110456,0.385956957148271,1.0554056891263996,96.50227423104914,5.477758499031255,0.9139966843761596,0.8653655090312111,0.9934185625592562,0.5815933840700324,0.3707307759996786,0.8954029114399441,0.8614948557433052,0.9113206130086955,0.6703868138725768,0.3850213358246676,1.477520390243295
212,0.3926207383174515,0.007404706020079263,0.008322590447858567,0.10192708259477087,0.06273568286122105,0.9235680429822744,96.52426904980673,7.880563654311567,0.9143449010379864,0.8527556089948354,0.9829732323381047,0.6056423903773266,0.44590376630697914,0.8706299357697685,0.8913909451587292,0.8778769177068779,0.6626365274415196,0.3703498058251356,1.476862518415796
213,0.053822377846426364,0.004182808445512711,0.0055554301195317205,0.03723261061446524,0.3282851487429764,0.7939491371297316,96.44643260233765,7.1015657547122855,0.9055671490241055,0.9154665602611203,0.9869061986615404,0.6265685912970863,0.3741467336355398,0.8642421184251902,0.7538705162441134,0.9360929399249236,0.7285289445250298,0.32073938334244373,1.5272942556919813
214,0.07528022245375261,0.00812838772160593,0.005744006727141697,0.08545404236182108,0.40215726978737837,0.5458600404594826,96.53181107346636,7.5408450270016,0.9192699682155571,0.9063505397396479,0.993407703001536,0.5497454783600624,0.6492666313277439,0.8860120644473268,0.9015829839858082,0.9190324871650866,0.6820810880197105,0.31039982320990506,1.636458969471896
215,0.08000258955845031,0.0062448624333602525,0.004603911734484119,0.1285000489518684,0.1390639071492281,1.1746231612208164,96.46729748800968,5.112149496013057,0.9066509347579235,0.8589471780375839,0.9921096226201892,0.6125993928500373,0.40201905260997506,0.9416313726219088,0.9150867301081852,0.9159740581199785,0.641204050773136,0.2568957140229228,1.4765263393598436
216,0.05716689533886919,0.0036441094280724117,0.01075320844245321,0.2611813921415681,0.17408250408434858,0.8313405076059934,96.50246665529738,5.627629811928976,0.928299717048443,0.8592505639062004,0.9946971214488995,0.5801457234891024,0.03757600134740113,0.9502554825181121,0.9280330577100403,0.8738278042828418,0.6573566084757367,0.29348811732531355,1.55659545648672
217,0.3220631516072943,0.006744280518206712,0.017569868121744454,0.05307911057473422,-0.11910812928000347,0.4118670900332718,96.51259437979263,8.106646607450614,0.9017813979726371,0.9070958422676186,1.002163702392498,0.5692405259058272,0.4253984393520872,0.881124501838381,0.8971110116086585,0.8805972142949128,0.5399016383558334,0.2709450934422054,1.6333504457451227
218,0.2226484043694383,0.0033773296693738863,0.010626128535430287,0.24021813761284455,-0.018752123688856426,0.98719724371701,96.41992867932136,7.781232925595597,0.9459064274713502,0.8641327829117039,0.9994310445614378,0.6121683310373972,0.5117602872091938,0.9389371319261746,0.9350782649007655,0.957448086510884,0.6257406605507705,0.28877618153651796,1.5506275072200357
219,0.09268106429369433,0.0006158771616063784,0.014912615827930124,0.09319517299682117,0.3508584806681943,1.0879168414367129,96.4561743595908,6.723910921238265,0.8863825318451055,0.914818929703274,0.9988455733512809,0.6391606954956036,0.3846381461208132,0.8952274586358617,0.8772184187715367,0.8781700008385663,0.620503776468754,0.28887498267529743,1.568556587644891
220,0.09671305060823675,0.0031875280399126155,0.010589937032161972,0.13559347786062687,0.45590829801152316,1.3846800576799108,96.26776976440469,9.793564817766853,0.8984235346885068,0.8405352093305973,0.996277384837352,0.6361111398502189,0.48277129550863546,0.933588448906407,0.8923848617642591,0.9076273412591086,0.7205660738662356,0.35202425573836915,1.6169594516858725
221,0.284971469775976,0.007000164234450658,0.011926671063563817,0.11430214929890115,0.1749570579218261,1.235819766526299,96.44904739055963,4.5872170603192295,0.9256458513019272,0.9083133915088114,0.9902451617757339,0.6150652057522713,0.38209882649587257,0.8968676272739199,0.7441475273991138,0.9367796080525793,0.6286162093264432,0.3239508285016795,1.4201208301496557
222,0.2982994152047047,0.0006620951534081162,0.01335024000874517,0.1540133031334326,0.5471891790171076,0.8111588661665444,96.41614675972166,5.700622866691376,0.9014433536976275,0.8738156846076114,0.9920332328075708,0.6347221120548255,0.16247550019515103,0.8909309900296569,0.7511413342157433,0.886234106608138,0.6515996839248129,0.3347706962884276,1.4992781495671244
223,0.1521300821376405,0.00013613972452642753,0.014247793722067397,0.1531878375402864,0.6790529634293547,0.8964084837733224,96.53113674953832,7.435537020406613,0.8896577770969705,0.9197464494269328,0.9943435933221505,0.5820546853683953,0.3122860526083794,0.9150339931808639,0.8419086223659408,0.9054391439933513,0.6363473571233008,0.28978116660554276,1.5582962688079056
224,0.294779466909466,-0.0010189058219175133,0.001919536674275745,0.12079258882101214,0.333044212148297,1.1320026664122746,96.45622442345771,6.265119368071509,0.9235734660037407,0.8901200126330394,0.9940347041791439,0.6970252146061214,0.18222342378709278,0.8698520736941164,0.8153419431857631,0.9306207765285605,0.6239670207480145,0.3334857572097539,1.5118400776160017
225,0.09234891666462838,0.002823143752493733,0.006682044120383415,0.21107715516757783,0.36449528296225164,1.0008555136854156,96.52046615372647,9.070765004672138,0.9111251211748024,0.8657704043470711,0.9921425819221276,0.6141838926401612,0.3970691944860852,0.9322927601219224,0.9008685058784168,0.9461150961487219,0.5694490854752507,0.2724261385454666,1.5160391773337363
226,0.28325623913752007,0.0046736193058855326,0.010510392520798483,0.17548847949403695,0.25107251086005666,0.9967562773452665,96.50713881673155,6.6604087055270575,0.891051144813721,0.8666876253759062,0.9853986073512422,0.6420423770269282,0.4884379068780963,0.9116991712957228,0.80970625931169,0.9116867805425488,0.6834702402533349,0.30721265123913405,1.5862662910803504
227,-0.05534850600292082,0.004810622168122674,0.010788906516704753,0.012145281216341147,0.3096257195411377,0.8369031645956942,96.5111481213804,7.765942434419628,0.8851393100706588,0.9295336657919305,0.9927213069202294,0.6643794323145367,0.5281068304268239,0.9222710520830275,0.7768761275980901,0.9335402471464771,0.582206957584949,0.46251273820957706,1.6053355585412814
228,0.19368247776217667,0.00333587604026817,0.015560864869731766,0.057833085785853264,0.6492048321559726,1.1306673240774552,96.47557005256522,7.319505542475689,0.940015565676626,0.8933590027223273,0.9994192706015934,0.617365422331628,0.734676705885883,0.932896159131424,0.8436251603752163,0.9132992938636699,0.6852023635602077,0.3245632446476157,1.6820099070565904
229,0.14653548769219063,0.0016892901388526735,0.0061128950063306965,0.27330509775617184,-0.1673107773104588,0.7680820453676248,96.42399699780215,5.9118196954721585,0.9226699213329138,0.8418171874186348,0.988320704244502,0.5368376695919486,0.6099371345260476,0.921694981675528,0.9852399996942475,0.9330960737839276,0.6781153605618255,0.2684867724685535,1.4880842987952214
230,0.13283192383854356,0.005844805030624211,0.004008225772727761,0.026656572616726548,0.5040198374519254,1.3496856671569464,96.52116956504088,5.828628822016005,0.9080905300968002,0.8963911767347045,0.9948180289465187,0.5355988765872292,0.32155304444689176,0.9638782725411714,0.9242501966959511,0.8754802438948731,0.6345421358449869,0.33448378606979384,1.4282585771969911
231,0.21025429196928336,0.0008960113230854277,0.008092680906125388,0.19281193248150363,0.6436865940162491,0.46039492866746207,96.4455434792488,4.32197144125946,0.9247368826994754,0.8631787230506394,0.9944845024196128,0.5230029760700737,0.380001353309291,0.8800629411891318,0.9176334562257593,0.8854693254523963,0.6753343626928023,0.3628716537984612,1.5232656657482815
232,0.1689997528613505,0.006664444008124343,0.005309100720959666,0.1318096111073217,-0.16348010423388787,0.9297667200759357,96.53335466274832,8.662910871339374,0.9318949611106917,0.9544215655737441,0.9928386894594049,0.6479416618551006,0.6384305122312969,0.8428532296289155,0.8965664252546326,0.916485644062433,0.6688200261351965,0.3757337349981301,1.6064874357017431
233,-0.04884209010561186,0.0028672779698280123,0.01558477288502478,0.21861540699605647,0.371015937160143,0.9484947690656929,96.52312401365518,3.914510412056756,0.9271202699997889,0.9312214541224294,0.9951536179445856,0.5149299011120456,0.29963946406709463,0.9187760031717356,0.8831219073430384,0.8966399209207739,0.738702190977456,0.2648968779551487,1.5528279939766505
234,0.08093365570828588,-0.0007031114278982687,0.011702616299080305,0.1606029953114614,0.4922749298458917,0.9383967234188613,96.51026207484203,4.441309668503777,0.9363772830380819,0.8838207500925207,0.9898734302015776,0.658640894464124,0.19022771717294149,0.8973959222308424,0.7565876943346717,0.9148464807293749,0.5764390049356907,0.22319441524821662,1.496172134066273
235,0.029315356506767504,0.002635970238945722,-0.002822860260424648,0.23543296690822002,0.41369484331211775,1.0091095679294204,96.5089067145122,7.547819839914288,0.9135019502693034,0.9072819610930156,0.9878637474155115,0.6494692778779176,0.32431105846286634,0.8565347355937112,0.9021253984804166,0.8744513246608614,0.7048024328602973,0.23116734492593535,1.5545412338534401
236,0.21522951411834168,-0.001087562199312438,0.0037842686990486687,0.13824356284682188,0.4165350029410696,0.69161644071982,96.49304234211652,8.457307480776418,0.9059230375621115,0.8551334036805421,0.9903567225968506,0.6041853937901746,0.5374536247920678,0.9416009262874063,0.9091072237680188,0.9063100054168453,0.6684713963379552,0.4127172830486205,1.5893510058564726
237,0.03746692235677243,0.003343796771558416,0.015964118037668923,0.16339650536250366,0.35431325990916934,1.164223550429792,96.5034080797444,7.478291878165238,0.924810335223656,0.8738003204774794,0.986011683904369,0.5197929084571308,0.6794590838235472,0.9235764560793562,0.9427016008108737,0.9170420088954481,0.6477459468151278,0.2949325366560964,1.4649058886273596
238,0.31058974292519637,0.0019519258420366001,0.0076246894328357365,0.23665295122397173,0.42888309727185314,0.848763907860947,96.51171336760959,7.317497938126933,0.9060924485604582,0.8925056701173701,0.9877211142271968,0.6125364417520499,0.3015442907298018,0.9362175687912565,0.8884516156198368,0.9171619808488977,0.6589239261602606,0.27011007646008744,1.5490059055692564
239,0.19404987700453222,0.001431477653243088,0.007101994967518026,0.20675185900560472,0.3506622781422607,1.1766799225008544,96.31730838024096,9.32260088028848,0.9306666437338906,0.913783052649384,0.9946490314047334,0.600852192695192,0.584346440726445,0.9065057333987913,0.9952530621906035,0.9362624343419319,0.5957704525634638,0.40669667987488795,1.4486435499217074
240,0.2920147263295945,0.0038113309834534484,0.006847604169557734,0.18977387156129005,0.12030943431706542,1.1313719522515064,96.53199147119908,5.929605780242747,0.8853859677916107,0.8908010688254306,0.9970955779551998,0.586323342875278,0.30847509664778106,0.9394755772083344,0.7891440731630204,0.8791001821255313,0.6822797923958572,0.2799020309566873,1.6581323769020326
241,0.28480945846233185,0.0014667531672383498,0.006732603860529709,0.13963372919809475,0.4228595077892472,0.9919735473487692,96.50580750943274,8.93609402089714,0.8949260250917326,0.9004519735707543,0.9895180123267948,0.6073086680682551,0.14847106279458255,0.910591279047173,0.7673398379913658,0.9230888962385028,0.6610824028606023,0.39655368177249317,1.5603152483075693
242,0.014638772781699227,0.005324355782972319,0.0024793153858683175,0.11522821990819114,0.3030014935766599,1.387863163796437,96.40289913335282,5.49931322441285,0.9188336729285814,0.925004132029097,0.9927261215119775,0.5424815435254652,0.3265302071262157,0.9245097429796758,0.8148554323346328,0.9137527661641964,0.5731821204862568,0.34848134122427266,1.5542021946521125
243,0.16576423475272928,-0.0030676974908977234,0.0065393504187261494,0.22544583280664873,0.25796142810599176,1.028256440229898,96.51954570576001,6.06623386792835,0.9415736494290798,0.9020511242387493,1.0043276101823342,0.5001901787851403,0.3443979509449183,0.904113960763098,0.9999165705181279,0.9166373007446151,0.6759535632563487,0.2299367389727922,1.4654686974127138
244,0.17322600812430694,0.009782667111538114,0.004448816954068449,0.2522466172494389,-0.08226041218442215,1.234258938848265,96.46826436391977,7.115154217631972,0.9153807424548117,0.8662266991016708,0.99469606430485,0.6058380363699947,0.6132530633220384,0.8853237498683044,0.8378915734169454,0.8640452874222216,0.6740371652202706,0.3495116321111793,1.4242392347367443
245,0.22448716965271845,0.0011896395757662187,0.016332652074623838,0.08976543882801627,0.4395675115249116,0.7190645913082102,96.48253648159859,7.270274942081633,0.926450082848339,0.8999543577916883,0.9950182751116023,0.5792340579055957,0.3014287302224056,0.9362662249113414,1.0079915994059816,0.9096347676913643,0.6388458445367239,0.276746904583502,1.5281075439480523
246,0.12568637422526224,0.0030352342626274033,0.011773543441267721,0.1170774312006196,0.21869474249368503,0.7545188672053887,96.50591910430927,6.957841749945769,0.8924763534622225,0.9440168258988078,0.9978766274879249,0.5795085678985424,0.35837752864928074,0.8809786100580838,0.9299088020677636,0.9223253637120172,0.6354895711800326,0.29807030962014397,1.4351711710551485
247,0.16947048568604517,0.0002596437895245802,0.004898876680945949,0.10022186107048132,0.707278759135965,1.0311521666721215,96.53012652223511,4.729771562133194,0.8979283728347244,0.8925988972271076,0.9976013371804056,0.5909541830209758,0.3093262139718702,0.8556528547301216,0.8087817194634,0.8958086511707767,0.624164266280901,0.40514328332245253,1.69720287131871
248,0.316756812726952,0.0032780650786615045,0.0018715962688229826,-0.007912943671603972,0.513516401305407,0.8258763449337585,96.52247430213099,7.2180222477215965,0.9074410419499309,0.8817294874267257,0.9943697768397408,0.6429021030962113,0.29911576603106516,0.8964589339659244,0.8159228147403987,0.9704646749622601,0.5935100394384164,0.25861744723865954,1.5739876741877337
249,0.18608866070275534,0.004616405128627239,0.004145181722578156,0.2664338376481322,0.3155021770703759,0.8159089125807629,96.53314517762925,7.353766153874986,0.9422457402574876,0.8974464669429935,0.9894042314900888,0.6564639271771223,0.5054678499155543,0.8990111275433039,0.9634975697436213,0.9528374992283694,0.5960411900547128,0.35813193067771704,1.3770086495867135
