,AS%,SrAc%,HAc%,MAc%,SlAc%,N%,MAl%,SlAl%,Zn %,Fe %,Cu %,Mn %,B %,S %,N,OC,P,K,Rice
0,1.2999999999999998,0.0,0.02,0.17,1.07,1.63,83.05,12.76,0.86,0.8,0.98,0.35,0.010000000000000009,0.96,1.0,0.91,0.82,0.57,2.834254144
1,0.9,0.01,0.04,1.29,1.7,0.4,83.11,12.55,0.94,0.87,0.99,0.67,0.44,0.95,0.56,0.61,0.84,0.75,4.645454545
2,0.03,0.0,0.0,0.010000000000000009,0.030000000000000027,1.7800000000000002,89.27,8.88,0.97,0.83,1.0,0.87,0.0,0.96,0.94,0.9,0.64,0.13,4.525547445
3,0.0,0.0,0.0,0.010000000000000009,0.0,0.020000000000000018,99.65,0.3200000000000003,0.99,0.92,1.0,0.58,0.0,1.0,1.0,0.93,0.55,0.12,3.990909091
4,0.53,0.02,0.01,0.010000000000000009,0.0,0.63,96.78,2.04,0.79,0.72,0.99,0.65,0.10999999999999999,0.93,1.0,0.81,0.55,0.32,4.465116279
5,0.0,0.0,0.0,0.0,0.0,0.4,95.96,3.63,0.84,0.81,1.0,0.53,0.0,0.99,1.0,0.92,0.62,0.24,2.865384615
6,0.03,0.0,0.0,0.0,0.0,0.99,93.21,5.77,0.97,0.97,1.0,0.61,1.0,0.95,1.0,0.91,0.58,0.11000000000000001,3.898395722
7,0.01999999999999999,0.01,0.01,0.28,0.15,2.72,90.04,6.78,0.94,0.97,1.0,0.55,0.7,0.95,0.48,0.98,0.59,0.38,2.857142857
8,0.0,0.0,0.0,0.0,0.0,0.51,98.65,0.8399999999999999,0.84,0.93,1.0,0.51,0.0,0.86,1.0,0.91,0.56,0.49,3.541666667
9,0.0,0.0,0.0,0.0,0.010000000000000009,0.22999999999999998,90.49,9.27,0.97,0.97,1.0,0.78,0.0,0.85,1.0,0.96,0.82,0.47,3.886904762
10,0.2,0.0,0.01,0.11,0.17,0.20999999999999996,86.67,12.64,0.88,0.93,0.98,0.47,0.0,0.78,1.0,0.79,0.64,0.13,4.016949153
11,0.0,0.0,0.0,0.030000000000000013,2.21,0.59,90.74,6.42,0.89,0.87,1.0,0.31,1.0,0.83,1.0,0.9,0.81,0.79,4.595330739
12,0.010000000000000009,0.0,0.0,0.13,0.3,0.74,95.03,3.79,0.94,0.89,1.0,0.72,0.33,0.95,0.6,0.93,0.69,0.09000000000000002,3.903225806
13,0.5,0.0,0.0,0.24,0.37,0.57,87.17,11.15,0.91,0.89,0.99,0.35,0.02999999999999997,0.9,1.0,0.98,0.78,0.39,4.759562842
14,0.04000000000000001,0.03,0.06,0.7,0.16,0.31000000000000005,92.87,5.84,0.89,0.88,1.0,0.47,1.0,0.96,1.0,0.87,0.61,0.08000000000000002,4.221518987
15,0.03,0.0,0.0,0.010000000000000009,0.010000000000000009,1.36,86.55,12.05,0.94,0.9,1.0,0.7,1.0,0.91,0.94,0.97,0.91,0.24,4.114563
16,0.03,0.0,0.0,0.0,0.0,1.0,94.25,4.71,0.91,0.99,1.0,0.65,0.67,0.99,1.0,0.98,0.61,0.22,3.142857143
17,0.08,0.01,0.01,0.030000000000000013,0.0,0.17000000000000015,93.88,5.82,0.92,0.91,1.0,0.61,0.59,0.95,1.0,0.93,0.59,0.34,3.956521739
18,0.010000000000000009,0.0,0.0,0.0,0.0,1.5,96.66,1.83,0.96,0.68,0.92,0.87,1.0,0.7,1.0,0.92,0.65,0.51,4.472222222
19,0.0,0.0,0.0,0.09,0.12,2.32,95.76,1.71,0.86,0.91,1.0,0.63,0.10999999999999999,0.83,0.07999999999999996,0.93,0.32,0.36,3.741935484
20,0.01999999999999999,0.0,0.0,0.0,0.010000000000000009,1.44,91.96,6.57,0.96,0.91,1.0,0.67,0.010000000000000009,0.96,1.0,0.95,0.55,0.06,4.868613139
21,0.0,0.0,0.0,0.0,0.0,1.12,88.83,10.05,0.91,0.97,1.0,0.52,1.0,0.82,1.0,0.93,0.59,0.3,2.831460674
0,0.19763138389720003,0.002756448910248779,0.008483969098814154,0.12314695338802059,-0.04785043481118223,0.7896967445060578,96.49561266019974,5.672491276693881,0.9023672212807579,0.8737658768093195,0.9962129457640816,0.6167583186705725,0.24095810925622782,0.8803152118124113,0.7753861621223131,0.9466935123834869,0.7033601072784531,0.21257746671107547,3.998121970389186
1,0.3435687585997579,0.008033503186822897,0.0022919787956797322,0.05995052382264962,0.3528270244458168,1.0616549718138486,96.51718067749977,9.463022616595827,0.9214364168233288,0.9025994923711609,0.9932665275489823,0.48754065526722246,0.5427076038966424,0.9192231674655071,0.9671053840875024,0.9058948055444841,0.6309007201603647,0.34307450023815084,4.036902921193908
2,0.22994386179277557,0.00637795387273964,-0.0014551311076868587,0.23651718822003837,0.0974186846727079,0.6442585250318227,96.4830222968881,6.9744601180502865,0.9334200152940746,0.8816203018401068,0.9966153181593194,0.5419522734353436,0.45375659288491926,0.9236702897329848,0.9542531895158997,0.9534634364653588,0.6913078151318728,0.3997891448195888,3.885105883177712
3,0.24010465505609013,0.007851327778958415,0.011143321971059652,0.25337067294539856,0.3113266495608855,1.1015740565725225,96.51985755610417,9.348020160782314,0.9193786790037836,0.9038818390371427,0.9914749195613141,0.606046113046489,0.2542433372667915,0.9142263989368253,0.9857158762324895,0.935593975492442,0.6663215188735658,0.25738253457722426,4.263697491357061
4,0.2269604588843583,0.0049481612833040985,0.004217298340763845,0.0656785767420376,0.6664860400910806,1.2033501367544783,96.36486290070374,7.219105887818877,0.9040175962207506,0.8793703699246671,0.9989712629242109,0.6209732673075806,0.3785693316287979,0.8923744085134119,0.8793376094776714,0.9448435676411648,0.6987763582405546,0.35956442686471585,4.018408732738089
5,0.27949538148505837,0.006319708426244154,0.0022462355287819506,0.053086893683711625,0.32934659926790927,0.8386346479595489,96.51491325979566,8.69212991621545,0.927293487578199,0.8905669086500573,1.0007039721373714,0.5251750714148233,0.28032077811428835,0.9493645791432005,0.8150045278394039,0.8901938047775144,0.5796886646375502,0.26548860342275393,3.7548905001442257
6,0.03764581493977434,0.003688832025066667,0.004973613086097412,0.1637161082831162,0.35034923416720587,0.9181115413698545,96.51025060769933,5.311361735202087,0.9476535262255545,0.8670860356161658,0.9851658435712779,0.6203293280571687,0.17485540965033847,0.8418921465247339,0.8477831157626857,0.9493125737659628,0.7604137165740303,0.34313732723629453,4.14690883807565
7,0.21687421098509888,-0.0002182559400104589,0.007925646308104828,0.14492128455473008,0.39791721958209664,0.6178405185471758,96.4880544147285,7.498253902078416,0.9367588588333798,0.9272954329670955,0.9959032115862597,0.5439736594495894,0.5741545585613539,0.8979870023099548,0.8461503722667327,0.9100069386955897,0.671668734179702,0.2686724859809869,4.301353540391189
8,0.008597406328249846,0.0029025827200796703,0.008942880811093618,0.10101073861964563,0.4847250233242021,1.4220380088957758,96.4543463292326,6.188342353020824,0.9008995296819997,0.8616157487226844,0.9959810762188537,0.49018245917431874,0.5945735843231457,0.8928548804473598,0.875015271312478,0.8941521934088906,0.6371700544127243,0.3183979184562062,3.8280371088848266
9,0.3138434905042947,0.0026494755069859256,0.014081001146230704,0.31130405544589784,0.019832080592162737,0.863506659335279,96.51332184413805,7.2643719616098235,0.9295677144820288,0.8814766808812945,0.9905295313006099,0.5286069163470597,0.1731556899908815,0.8776451170092455,0.8727489095680062,0.8874938638917911,0.6026646798453159,0.4180539259397141,4.206784750308222
10,0.22162280107485757,0.0017029529414897162,0.004883692997214402,0.07284383388264785,0.4319511258656744,1.1129712901669497,96.47672264024976,5.985708012798164,0.917908183737701,0.8845320945626619,1.0006531904911382,0.635850409590043,0.4504603035713656,0.9577546235604971,1.0220168024311225,0.9317261922725871,0.6386549276048377,0.37861531663745035,4.123120742267476
11,0.0781882807341554,0.001696235661574432,0.0037913646244003337,0.2134256497480268,0.2900013784719551,0.8634363966655972,96.5282330452576,6.4144605171967815,0.9181624418502143,0.8722340893900673,0.994529886337267,0.6017631944878654,0.573981759490138,0.9465055105322955,0.8243173319468161,0.933254100302578,0.7146603984739288,0.27660767726782964,3.834971011985062
12,0.2814604813824471,0.004289091120158651,0.0017451056725322836,0.08203020407823111,0.1110467926548156,1.0880977966161876,96.49318721967552,7.874879024655068,0.9346737258642475,0.8612943534957306,0.9946555424123784,0.6487325254159457,0.3679364752105389,0.9613567173283385,0.9709348123489936,0.9298139817392449,0.6824308174076541,0.31464501089287966,4.067946518742542
13,0.014642061472895013,0.004028817230005277,0.004174099331367309,0.09070011004297313,0.5592170372890982,0.6462996206954623,96.5317671627004,5.5993822041383225,0.9160522445749896,0.9010358342185311,0.9876139656968774,0.5917044869846575,0.3825023741700896,0.9140975966701607,0.7788800968148248,0.9480954221488772,0.6165547215052716,0.2978889809493171,3.955416169420291
14,0.2359234252878401,0.004723104228744064,0.0004650580872123146,0.26299787428967697,0.1950238844097004,0.9371114141268675,96.48296104556489,6.837653189784256,0.9048145017062843,0.9267993815703014,0.9976795446422372,0.6719492464845408,0.5445959348128139,0.8825449208083209,0.8663752004355322,0.932510292463814,0.680183974502158,0.3157914500770385,4.008830002930328
15,0.1593097118316086,0.003954449399918393,0.011469975146069346,0.2695723313021294,0.6306504791646077,1.1682398769279045,96.5152357382233,7.680543529216305,0.9322760075909331,0.9324504043919983,0.9874819806276591,0.5298671449938033,0.38812573418223417,0.8510197069832572,0.8074095990975407,0.8713904897203575,0.6826409087005137,0.21850514124594206,3.592995271686141
16,0.28492753571247836,0.0008376428137159362,0.0015753796589295117,0.3192267379076694,0.3682439405823681,0.7669835372928722,96.53341171877541,5.845899790207047,0.9063194523645253,0.8729444907865775,0.9995213039103277,0.6769576211974747,0.2041393966305196,0.9083748288447117,0.9032827638095002,0.9053647527560117,0.5841534633671692,0.43660606888903053,4.135566233749048
17,0.10432215040909722,0.002377400198990318,0.009655414133450127,0.08604519831498426,0.29999715126100485,0.996393187737569,96.50917073848069,5.667415498243136,0.9110433599906311,0.9249043220698673,0.9957696105089943,0.6450419613685261,0.3535634597641844,0.9082251525614308,0.921037232310081,0.9025630298184103,0.6309190737979529,0.2809442887420341,4.141458387790911
18,0.19829406790028015,0.006961396370214477,0.0055461103715627545,-0.07123301229207152,0.1484424818335096,1.0401268879550327,96.46953358083616,7.936803097889584,0.9412967897958067,0.8729206671407959,1.0000104845940314,0.5427466485909288,0.5809190656866583,0.9254469563432559,0.8191983336970591,0.8661401657157677,0.6747125401810291,0.31372641314163563,3.9201175977333786
19,0.16218325285430227,0.0045140593482656515,0.008099878479663598,0.3160856228593292,0.37316289158679905,0.9944211268102816,96.49365149911165,4.206630135983252,0.9048265521361979,0.9319642749712506,0.9883269651961649,0.628696956666667,0.35218618745354585,0.9535462717980849,0.9798358613111835,0.8669842585836812,0.6442892660900252,0.3349549916812038,3.623005113461817
20,0.06244085639257824,0.0062325589695819755,0.005351025905584669,0.28793125307156986,0.6065681745106888,1.3094428191135088,96.52268770285977,7.288533393660384,0.9224959949056853,0.8719894045959314,0.9945995187500825,0.5710855909970434,0.3242382076229079,0.9038351061618699,1.0101908369802781,0.8844993208102989,0.6163198378162712,0.32741226793947426,4.050112386489201
21,0.05079956155219234,0.006993816731412049,0.011615002572498886,-0.036347820670529135,0.26046761448601613,0.820861822236063,96.52767674899344,7.6340189409091606,0.8922081006155855,0.8704791736533046,0.988786895479962,0.5436848951840423,0.6226046426145417,0.9388132673262962,0.8203003511205263,0.919208448872554,0.5980859444646627,0.28134102471011524,3.751334139947593
22,0.4198052226489629,0.006559207603209317,2.4441804762156266e-05,0.13992209862174,0.46338063815382124,1.207793784051281,96.38481600868793,5.075355385414484,0.8946190471221996,0.9001490641276481,1.0021310085215172,0.6546467017559185,0.7209661997312475,0.9114895635406496,0.8119118860786929,0.858823639254401,0.6817712515442667,0.32919318870356784,3.799152139474649
23,0.20066278337000382,0.002369060395083236,0.006649658544571354,0.27278299887872715,0.4489471054200741,0.712389502453491,96.49129514113004,8.138279016191083,0.9208962051508064,0.893558277173035,0.9901159968041212,0.5255079995205265,0.3936618821239532,0.9141461187753204,0.9908865401763536,0.877771250781091,0.6960678480105882,0.41004198586076024,4.267744024711648
24,0.18124418184671515,0.005470467297951753,0.007171610421267093,0.17012504361049305,0.39822388684211807,0.9452741528315871,96.18597071991678,7.134755139191545,0.9378953756450774,0.9190161934120872,1.0008650259855112,0.5275327705855579,0.579355619723758,0.9243229528610194,0.9569366217693352,0.9112646037638794,0.586199511880256,0.36425154126217923,3.574371220522214
25,0.21892993825194124,0.0028688106673338595,0.007965395950174438,0.30918323031537986,0.1162775601498926,1.4255733750053483,96.41236931510447,5.375270584649648,0.9259650135778429,0.8769068174620026,0.9932816919444141,0.5798417773385732,0.2857402563740982,0.9413404639293101,0.9506726493521069,0.8894330350716657,0.6466516801464532,0.16585254454642304,3.6935260823203975
26,0.1898217095693705,0.007836999777956523,-0.0014499453541521887,0.193554390631871,0.023511857282133897,0.8660670193341843,96.52092483943447,5.897207872054925,0.9095732797029097,0.9358756810037221,0.9951903425452736,0.5635783460334493,0.5751855233737675,0.8949411157331362,0.9278874041946059,0.944165721536019,0.7074743787221821,0.37319851521640335,3.7537744787127916
27,0.2115624987091573,0.0034384185918121426,0.015846798617915468,0.3242156747292717,0.2168028699624196,0.6599872366476254,96.46629509192587,4.877275954615034,0.9122194623040205,0.8497925220145454,0.9924880774420757,0.6089156915524414,0.5535120341352018,0.9451735715807938,0.9027139239795696,0.91651203216677,0.629780187614236,0.4282347155636387,3.951867993642201
28,0.23849387345364592,0.0030457474910114968,0.0035083622787576213,0.18330131562378252,-0.06360601699806501,0.8777686938439776,96.48814699092931,7.913544800173563,0.9009758609371896,0.9281375636468746,0.9862905532444475,0.5775614157316648,0.5481384318491429,0.8591970865387799,0.9603115496805281,0.9154583876371379,0.6884612923750266,0.41790880424680016,3.8400103006063038
29,-0.015917302199807776,0.006088247160896685,0.011415723281469862,0.2633783998561392,0.09417231190012787,0.6464567096112803,96.51673261987524,7.451933979815572,0.9474844363759628,0.8971780088714446,0.9876278275129484,0.5634296162119498,0.23094299855479442,0.9311850008730332,0.9283369889538827,0.9582220027600807,0.6330982164520708,0.37332771959049893,4.179557218769036
30,0.13519509027823104,0.004870406959401618,-0.0002724428112337654,0.21284248409308465,0.08827329657528332,1.4233123764971551,96.53420854534986,5.01664953434639,0.9515279236196548,0.9242516949698554,0.9892438949663308,0.7101514292010239,0.3442764189514814,0.8806153193822941,0.9274600202665513,0.8746862837961352,0.6544822384354941,0.4479842296794668,3.4698333185695565
31,0.07096688504381507,0.007393834368133354,0.0054946138625337915,0.20871281511410658,0.35344171939081814,0.8514764558611478,96.47158703843866,7.028557804137194,0.9279887212371356,0.9015284309378078,0.9914320854034011,0.6069409030897641,0.5892018005673928,0.9379988742904507,0.9432664348464433,0.9510639389239729,0.6486146453029468,0.32963592566052735,4.2342687530996015
32,0.3904068076951917,0.005780214434108741,0.0011438490735627277,0.11672640983285901,0.4856091843320704,0.8429226127839947,96.52257666735608,8.24430450443072,0.9085506983440649,0.8892384815932027,0.9909460007817542,0.6015319619624641,0.30927133562823506,0.9060266596292136,0.945378073792119,0.9054151863858327,0.6354985624180853,0.3494559668126375,3.8673929538315406
33,0.2856887709980867,0.0005206813224594617,0.010532797635429041,0.15120415930272565,0.3828898236874843,0.9283942205867515,96.36985026871896,6.989404917378055,0.8875515148613109,0.8242774329365731,0.9946414266147997,0.4693246891577234,0.6140963067968234,0.8846057617161658,0.8362248940573753,0.8816331745797539,0.5935370647579147,0.3119666797884196,3.9495537512823247
34,0.310259733454493,0.003645200422620983,0.010901026162484017,0.13574441072048374,-0.011913023698241265,1.5282312411434846,96.52563783508413,8.075033575377061,0.9171062215135164,0.868234075323544,0.9924938134855378,0.48058339518717563,0.5753155676367223,0.8943793901439847,1.040736993644597,0.879652583017474,0.58832205935516,0.2765647414488769,4.277303033501316
35,0.1565081701099913,0.00066939845261157,0.0010203185991004265,0.0916480413695211,0.15039057492323832,1.394958779246049,96.4361283957194,5.883579596139935,0.9064512278241861,0.8996530802837248,0.9965964549619062,0.5684629946544848,0.6571541002631467,0.9298373746333275,0.8662059621223298,0.8839051803741313,0.5822150874107911,0.4030232389710155,3.7715406557879834
36,-0.022068417267496088,0.0040276310439044645,0.011791872226174924,0.05245829953505067,-0.05272240462535327,1.1428498940630134,96.50404212882978,7.859290011704424,0.9118419367072014,0.9338021823726809,0.9957482805112811,0.6093147501729913,0.4536866697497799,0.875744448883415,0.9916873189955534,0.9189663256507874,0.6084133916421053,0.3852723062813238,4.358105808026403
37,0.20268749461345575,0.005405368449413618,0.0009647623813530274,0.03796942060588722,0.6509392986450552,1.2796649706632448,96.53185945921483,6.422461082414339,0.9020974215031295,0.9148384702600171,0.998901503716918,0.4976234606373923,0.23314336863569188,0.8891455515333783,0.7913344547855858,0.9456743336758475,0.6399897175826059,0.28627872514832775,3.8938898005767353
38,0.19661376051507962,0.009239305697993205,0.01762981590296836,0.17923238912609454,0.12218242485892344,0.8129699109551184,96.531674866186,5.55178063646315,0.9057451559751546,0.88411566874209,0.9979622316868323,0.5757018365007984,0.4071716548971507,0.873420903913272,0.953574343168955,0.884788040439553,0.5695334006612296,0.3674651238558983,4.255257993403619
39,0.37657227146013056,0.0033029541625637436,0.002783714052904269,0.27505067614182577,0.03888542150543178,1.0984392671982859,96.50510158094069,8.183054981413221,0.9042464700391951,0.9055487191615486,0.9984859737449056,0.5494793880595236,0.4435721041417997,0.8990301112505751,0.8849542091343044,0.9122445091223464,0.6593337717994502,0.3638486171355942,3.995592857637473
40,0.14753490872853636,0.006655094523925939,0.009624710049302352,0.2301955921670717,0.6530411419118503,1.127022904505662,96.52081771954047,4.415414206420481,0.9146330880328165,0.930164007555395,0.9803603323490603,0.6595826029382812,0.16044261546570976,0.8952837425838056,0.7923960575175906,0.9053626112045656,0.7116867003115646,0.25597417845905573,3.6724862456468994
41,0.19657136898011499,0.0026997346906225015,0.010090338795862169,-0.07962772590015771,0.4251248147559393,1.0155704879013894,96.51122643357445,6.7733390500997075,0.9111418101728642,0.8601480855697892,0.9931671271015268,0.5735945915432121,0.34201864908953855,0.8957602253981644,1.0024519685468378,0.8805620017317162,0.6106470057172213,0.33514194438800426,3.759408730454427
42,-0.03781617760538736,0.005274842741541237,0.007419007691138166,0.03831410243320471,0.41320190861657613,0.8995923255679668,96.50334375187072,7.519611348769971,0.9233818106175268,0.911713789701858,0.9974593985484239,0.572848761812211,0.5884698872600013,0.9276374134698864,0.9424657815164381,0.8941583671192026,0.6089887594239389,0.4304811046098627,3.880638893698691
43,0.4366267661165382,0.0022191227541711466,0.014838030707843841,0.20761892346954838,0.23516040446997064,0.6695302368204243,96.43681502584934,5.935540671662884,0.8982663497845733,0.9070346298855363,0.9963206142956949,0.5042113389139568,0.1514620163556557,0.9172500958908916,0.904829103513235,0.8597161862465,0.6323015133677595,0.3268642486853022,4.377315255852643
44,0.12190978583627589,0.0038292044687980495,0.005454555318522425,0.16057150479848947,0.3231698290369247,0.8898310020948091,96.52777100331271,8.252014722404958,0.9189729385058336,0.9546458837698919,0.9969405877356351,0.5292947957259937,0.1830011872734792,0.9152279562888456,0.895989327339348,0.8903940434922448,0.6937567981382552,0.32587236891710886,3.9400729723016292
45,0.20869171311078208,0.003351614322982024,0.003117867710786713,0.19566682910213673,0.2498565967104407,1.0153646765384374,96.51879866336607,8.148572749386073,0.8873712289148794,0.8646650995338944,0.9848236146774749,0.6500948343592102,0.35226797617649824,0.8724377448959714,0.8703795104385759,0.9286723618376661,0.6347139627707822,0.3143151453219646,4.222967061064013
46,-0.040142045908781065,-0.0005970326423160497,0.004225969078064552,0.09480911865107192,0.1306042795833167,1.2807067557913285,96.45783569685025,5.626736244823725,0.8885368085281333,0.8561487731050121,1.000277043485764,0.684390496730892,0.5905878688898667,0.8610793801160898,0.8602458026305605,0.9062855960091996,0.6361435567198471,0.36655112971954124,4.184571944332951
47,0.39503390457227705,0.003097057238637977,0.018700764010053807,0.307508582716865,0.4669662752092063,0.9587396967706278,96.53374035030402,5.758076197899599,0.9281511853622911,0.8776694798926403,0.9942348075205203,0.46601148822177996,0.1488583710576527,0.9319312168615199,0.8955880707097784,0.8898488724682387,0.7093876863923336,0.21804065431824102,3.9298787852463843
48,0.14113067389211875,0.00409405758320088,0.0057446427349829784,0.0009570440448707362,0.1870976231918426,0.6450010189913672,96.52033749797911,8.980304550757834,0.9181090112097453,0.8939168211458275,0.9968911172149592,0.5976888946545059,0.40858774881954646,0.8822443560792996,0.9454461821561204,0.9006980987841218,0.6730955007515911,0.3389356285561389,3.9429075893040504
49,0.11397167437194791,0.005994022647837527,0.0009324918522927014,-0.10192590072546936,0.18383816906917322,0.9655647801157827,96.50576471741243,7.38251876604714,0.8834186120656797,0.8760280174247401,1.003291468218214,0.6059548579073701,0.5025980220805092,0.9099738836001134,0.9092869081603177,0.9667768161727702,0.7014198378030678,0.26625035948391756,3.752907469440725
50,0.3836654998291944,0.008158424474937951,0.002437906243872222,0.13068172466241224,0.5704133258346773,1.0076025421231742,96.44669243101005,6.917049112748858,0.9162666852719135,0.8591219622023374,0.999388705935709,0.5572342659839924,0.1780634776736335,0.9025038483078665,1.0110593943061676,0.8848820445590004,0.6413451358025557,0.39026704403907975,4.005146994982812
51,0.3354049034300214,0.005853759207693876,0.006829961114171492,0.08054112147205417,0.22650187125361532,1.001819306114179,96.39874243396731,5.67198094372898,0.9270892617332439,0.8694633763939861,0.9970051626320919,0.5549497837895622,0.44589158795774825,0.9146438066958605,0.9455259430881889,0.901321667584593,0.6333278284571267,0.2679227374475869,4.132927949675508
52,0.16906373482424072,0.0031929671895243763,0.00862353228507559,0.2711492306187996,0.20980415268514507,0.845839284414994,96.52826996386335,7.644328780958524,0.9311384878664967,0.8816073459105632,0.9999484502977561,0.5153744138691457,0.2902938691580101,0.9413554550360851,0.8238715441320265,0.9158066480001966,0.7190264563402693,0.2952957440562838,3.576009319641369
53,0.1386521308999309,0.002258376163800276,0.015677755535399157,0.23853425658064698,0.4776323436664077,0.9478221888696639,96.4657035551744,6.466793321964099,0.898462594115649,0.9118603367666018,0.9941802990456884,0.5246424705070395,0.3823053731689485,0.877063970278825,0.9972526930666117,0.8586410445846903,0.5783267997197646,0.2344428372326865,4.039531423171994
54,0.21602252650990045,-0.0008872784307256362,0.006005110050793421,0.2195211392786176,0.630295971032105,1.0451989341902905,96.49756011665387,6.765960324509946,0.9130700681417753,0.8622414992612081,0.9894885716697464,0.5362443727802254,0.34797214973651297,0.8996396563817939,0.9593527692091484,0.8714816993466212,0.5853768949760734,0.25240011062982454,4.063210475080424
55,0.233701003122369,0.0005283928703940836,0.005025533035013593,0.08663159792377237,0.2510066964252575,0.8163014942259618,96.43823890934898,6.155636688865499,0.8991289816517075,0.8751498964716004,0.9916166456915088,0.5487764861054076,0.417880467400657,0.9423137255672929,0.8593997831640156,0.8664248970404516,0.6312464699826801,0.22844674291702843,3.8568188517035304
56,0.20776629526262097,0.0022501388338542457,0.00898600858761193,0.18053319976742463,0.21031261483689037,0.9218039314824699,96.17626196565969,6.214696527417316,0.9026063006649422,0.8514536897733823,1.0032875856116736,0.5411546171757926,0.3695251000797521,0.942527499678144,0.9639103144607779,0.9010211386634698,0.5911844368602548,0.25324073133325437,4.220626709428817
57,0.2475050146013778,0.006458785474397864,0.005417069072891352,-0.0013623314386228547,-0.05406365069386393,1.1970176791644944,96.48973141442674,7.986738221782291,0.9080766982586115,0.8779802266539019,1.0013958517854173,0.5178178510885499,0.3270029411728505,0.9009794987329702,0.8471012146502046,0.9187906173236958,0.630901085367385,0.252711931311769,3.7706475445918706
58,0.3655660503802547,0.0015353749552595099,0.0030266073131124957,0.24107105465474077,0.0678505439223763,1.475559717146374,96.47117422130145,5.135581578210481,0.9212750190668106,0.8645260235796374,0.9881448265648126,0.6687477025108256,0.40732110689278084,0.9628455245206707,1.0056462278719058,0.852376058864931,0.6018283041636096,0.2855702872609401,3.7167537561949358
59,0.3997799441445604,0.0026053268774125773,0.011311130802625666,0.20874077214965214,0.13270881711191884,0.6844860536603292,96.49053187692448,5.5731894313220325,0.9393426267059639,0.8791227009528336,0.9849762009051495,0.6306797851898884,0.3919690706226183,0.9071757334024224,0.8287218377475595,0.899374059020928,0.6681333912862539,0.37947965236447995,3.9465306476109547
60,0.2604872860039707,0.005144575865717437,7.68954349247104e-05,-0.022580852123703615,0.3596887642120439,0.48393801325431485,96.46645423349163,9.019445417928278,0.9417702698524326,0.843304810667155,0.9927093796031842,0.5866798330133853,0.2359557837923135,0.9092485418140726,0.8226077245264865,0.8985942784778398,0.7129118825323809,0.3617620826000555,4.23021849509945
61,0.06319208306070846,0.005419396322890088,0.003093304805286289,0.22919379614129876,0.27326291861027596,1.1284010892720682,96.52267931226756,7.1584512284757,0.9030238466685142,0.9011916786915505,0.991456539334403,0.577931022376638,0.3604714663421023,0.8720407219093335,0.9168441704240793,0.8483009227890231,0.6032723208127431,0.28088214150372603,4.133788676058609
62,0.03565879382831599,0.007056925396798473,0.003716116699342389,0.05791298876806339,0.37594478780417406,0.8220712554247193,96.4495432745598,7.227940860755507,0.9517141032261315,0.9077690599567168,0.9936733895760503,0.5538724111572181,0.28606127211395227,0.8934359946893136,0.9884772838860252,0.8651198492327867,0.6407840468212854,0.35994025748318464,3.97223769306595
63,0.20116271024943955,0.005461959959118683,0.00699718018273304,0.11856962614956472,-0.08674632264229776,1.0591161682656849,96.52220580317997,8.236206632013996,0.8976023271415161,0.9065684261914091,0.9984053251295415,0.5916392185505014,0.4925549305173798,0.8941691433523747,1.0337518061429316,0.8882168628671868,0.6239588770284271,0.33196531650801736,3.8514806847800056
64,0.09456896140163445,0.0045659987048503,0.011644642233923492,0.22528699973085065,0.4814540476872264,0.6084017250160545,96.49423240777965,9.288497704307876,0.9306894336877152,0.8742511718928555,1.0046242720981384,0.574663657468822,0.11520397854886816,0.8864019446125013,0.8041271674789624,0.8789515282444382,0.696809154747426,0.1794828950003476,3.92142641398671
65,0.23601824752036699,-0.0005617764230734994,0.0037181329290002954,0.12696409991358085,0.23575111693980821,0.7847994001862703,96.49744740303173,8.82876520959906,0.923502605111321,0.8821018074446165,0.9931939601576449,0.5714502725964976,0.41581990046443035,0.9015302217547847,0.9698196436579354,0.8865163394561347,0.6587172983796311,0.29450611627919204,4.105097907707812
66,0.10002088341220174,0.0054397509928412816,0.008864986754211763,0.23613201440793685,0.2309935734881057,0.9628078750525755,96.48296747835226,7.240636331814742,0.8993029607009007,0.8815398457783716,1.0023482764199454,0.5697681554439659,0.5560413389460808,0.9173231595517319,0.9980646224971004,0.8691326854087775,0.6739563909545315,0.2816980845811222,3.8631984393285173
67,-0.050859452702405744,0.0046558747218423974,0.0055758065670176975,0.1978654132566049,0.15045531697093661,1.31387177448554,96.53270802777462,5.35350937666123,0.9137217293871597,0.8976146060385051,0.9973366465771667,0.5428006873789707,0.3281887067654006,0.8958893136793662,0.7893719973944147,0.9056730247393091,0.6145913050501574,0.20329436636344994,3.8860959944361015
68,0.004990160081579265,0.0024708508042242242,-0.003736196918199981,0.08332097054536006,0.0859794162531115,0.7030059496940064,96.4015488073783,4.63576941681914,0.9171033567118506,0.8905931810874067,0.989863833599944,0.6368830534538623,0.5669855251732725,0.8845115730100084,0.9248832215598499,0.8700886481489872,0.7002627428736783,0.34529243000592214,4.054585234933712
69,0.07661067622230379,-0.000503333558315507,0.0077650469787574235,0.27510150957233437,0.28633745300381797,1.0687548823254152,96.5139623260108,7.507779532086436,0.8875599498527095,0.8550505222337164,0.9977268477493673,0.6489113726986404,0.39153734056517325,0.9042794381575271,0.8693215881253776,0.9615938621119645,0.697546928503307,0.38125354738093886,3.6074457594783436
70,0.4073135720460753,0.007297966977471306,-0.0016717957437248363,0.389494123105038,0.15450297561270912,0.9944882412103695,96.38372690981785,5.442362778263182,0.9262509814541217,0.880610785812638,0.9871745146185407,0.5148691238584212,0.22034043807759277,0.8576987045311918,0.9815841480866851,0.8545756733986525,0.684795665846747,0.3113906481783534,3.984727017744794
71,0.049209046636513376,0.004948215167430576,-0.001699784159191386,0.23454534116390494,-0.14215459662156277,0.677134422225599,96.49539897978455,6.324894387288781,0.8784208997821992,0.8873930700177847,0.9926406805822232,0.6306141020983097,0.3187091532391206,0.889569531825256,0.9710756685917898,0.9004443757965661,0.7023909073913395,0.36359331496798525,3.9738155803490494
72,0.2203999068536503,0.0028766788086578717,0.006589232089712593,0.21262805223417486,0.16386442755419078,0.9826767829696352,96.53376384396222,6.851343410481294,0.9242867141732064,0.9054365434715416,0.9970657910667916,0.5591126934849538,0.415588253478439,0.8444268131544829,1.037450897741537,0.9225494676908998,0.6221747811898958,0.2227045506199845,3.8603778289537574
73,0.15135507227586661,0.006986682849549483,0.0028243584025379777,0.16502412775888975,0.33545058233226355,0.820678205632808,96.48015802839079,8.153545407637575,0.9344640892431586,0.8501847482042783,0.9861622283353176,0.6766488449093927,0.3965318421571234,0.9124956695680826,0.9261458902502054,0.9073712371964704,0.6884289437662441,0.3219931270360762,3.575604195824365
74,0.003634221501687518,0.000604511846353269,0.004801552895450124,0.13557701645001624,0.1370359433772465,1.0594391309595554,96.47975108466815,7.010629270588731,0.9011204498452521,0.9259932411638829,0.9929150600533041,0.6907304302061223,0.34174967427014696,0.9263770500914204,0.9822859195167749,0.9014120043885523,0.647704643439374,0.22700008272278735,4.116717527647404
75,0.1351833074983973,0.008448920153925349,0.002782172709101186,0.23184193591326369,0.5201014607682708,0.9915557200434423,96.53192770269821,8.599607300524603,0.9015125361041441,0.9011662574796305,0.9933201488141331,0.5806770499184862,0.6525146038387493,0.8627276778326358,0.9086862505451039,0.918854908939548,0.593109149310506,0.36321562790196527,3.872925557055218
76,0.08282754475049445,0.004722509856239781,0.006781087501479972,0.19258351985276406,0.15903751572366082,0.8382908374460655,96.51490626763548,7.1367622591236275,0.9122661398729642,0.9274372750336425,0.9993212669757595,0.5801931695630809,0.575586128833615,0.960123766093646,0.7277287076226934,0.924126652113123,0.6212877826546492,0.387105688878067,3.6571141041115234
77,0.3705418910679822,0.0040390788912857915,0.012777229620420497,0.24405168812156203,0.6404282743196037,0.9831566993443754,96.46077016663578,7.426917128472751,0.9262438016513515,0.9318532133110432,1.006038195133098,0.5996811509848093,0.11033689499126592,0.933997098122912,0.9091353817505775,0.8859040932866665,0.657751889003968,0.18723835778664324,3.7660480189913805
78,0.31812879767626956,0.00893424953976392,0.0075826611301394,0.18610005945528296,0.4563350194506166,0.5924229693904457,96.51449233175266,5.589312392550382,0.9285474906645873,0.9015523079148032,0.9922956707479325,0.6016118676906547,0.6421876732280168,0.9191236053990188,0.8918280681126998,0.9230442866742512,0.7050101403834215,0.28815324337245896,4.186885419709892
79,0.10293861431376855,0.006908472510637778,0.01649587531792123,0.3156234106815161,-0.1587362891096165,0.6487684482720344,96.51014264874611,6.857077889641039,0.9165618229124654,0.8325934473263542,0.9883265742138131,0.7049322232208697,0.26090792840428345,0.8536916837968866,0.8695817379819375,0.9067289573059171,0.6237574137514209,0.2626648404361216,4.275714021290018
80,-0.042298958974705564,0.00986542465893963,-0.0003883176734440748,0.157577647252989,0.06620720374875352,1.349520831983296,96.51306844825302,8.7964730253501,0.9193110288250623,0.879246251598179,0.9975444133950848,0.613888121003128,0.4657662637568957,0.9030054122185135,0.7379591891121554,0.9495496403437859,0.7434041281524614,0.30364522942962935,3.8463090781250946
81,0.3863112977138679,0.004610658527719591,0.00818782587009206,0.009427823130046226,0.6401449514201076,1.362047569502601,96.50236540881794,6.733719064563723,0.906587719527432,0.8708961917466345,0.9994671190950831,0.5570380415046746,0.4006476147507353,0.8529186392967244,1.0382455957129086,0.877002723737581,0.6276851914363323,0.3773340802965481,4.117604679410614
82,0.20684281193869267,0.0018305330229983346,0.009447653381053961,0.0993160206891844,0.4967237587531076,1.074717878036943,96.49019653292211,7.040589927114975,0.9063083630593196,0.8822669629549995,0.9871664751420699,0.6548433646196504,0.18611394367292847,0.8835599811793111,0.9654898003425555,0.9129627687883561,0.6228650859724277,0.22044880432802277,3.6352008968634024
83,0.19231420404487418,0.004022047007170965,0.004757926036512004,0.1406551625978566,0.004900020797083682,1.196092910132381,96.52002341014371,8.45729561256793,0.8943730053877755,0.867460374516784,1.0002613408598786,0.6153940867111407,0.45547371110737594,0.8637043229123642,0.7657659310006384,0.9159907873156603,0.6448477499940451,0.24093027133355338,3.8637854140643455
84,0.41084051517367154,0.0028261457924789917,0.014082395953827155,-0.007535913297599145,-0.009954295364537513,0.5329514427216713,96.51711439182122,8.955261662018845,0.9208271984087896,0.8824717669637268,1.0013506224026216,0.5539240772461111,0.4486192189753636,0.875269687957791,0.8894956322737056,0.9289681614993459,0.7142382231281643,0.40533248470604266,3.4453810596470857
85,0.3307758109384643,0.004975881136848543,0.006634772625577589,0.3253892306379985,0.2667355132481363,0.9365178108024942,96.5217597033603,4.527693029490605,0.9178816104193858,0.9201207492179942,0.9904002032888332,0.5916863335764558,0.45755593475657663,0.8635203175194245,0.9055323888808221,0.8744513465880093,0.5952924045132431,0.24749418857326227,4.01093755441606
86,0.10173636859331983,0.004957221110909955,0.0035818811670317668,-0.03877993412723124,0.24234780426941802,1.1995926391284064,96.48399868213603,7.232963656132655,0.9087542702837235,0.9004981536613685,1.0012318841504604,0.6714992923373928,0.35135738259349647,0.9305272950708466,0.928038589990818,0.9391519914573974,0.6023537894300472,0.22931169120924327,3.808079752229286
87,0.15298533784638976,0.003366831617959914,-0.0007507975941583563,0.11574654884222492,-0.025552653194655328,1.0697978142458595,96.39636593856437,8.848829505982305,0.9162400539146667,0.8928821778206837,1.005452951603427,0.5996198754643637,0.5847360963123217,0.8793509471590983,0.9250093489566092,0.9095496943165349,0.6150030878744108,0.32234386413952854,4.002397040154235
88,0.2059652302930409,0.003168665654372412,0.007227556041882069,0.03424759914884419,0.3933600795776979,1.2643746799306794,96.49443070544244,9.659669385085172,0.931598728855889,0.84329049419909,0.9970413483889632,0.5284773986095248,0.3282055571898328,0.9008645058051044,0.8852370689496759,0.9102264854822313,0.7388222488157208,0.2920373473187328,3.9768351211028863
89,-0.023566981191877917,0.00214535103193978,0.004723704404996719,0.08243229534248492,0.7352232880902476,0.5452353631868014,96.46993912612676,6.337266177182392,0.9352736719790676,0.9340192807076158,0.9939902433488392,0.6662232500439146,0.3593435358171071,0.8800356207092462,1.0410929383668857,0.9044447239288698,0.7191582166817481,0.4315662325821781,3.6675677727657234
90,0.35740429264205487,0.0031659363292456106,0.0037178228963779324,0.23512704748591384,0.551373048546091,1.2266737079734287,96.49852978942803,8.379667961839631,0.9089175713302732,0.904577268584227,1.0002253102921204,0.6452230141315725,0.5455892263839212,0.9149002190184925,0.9343881998198263,0.9155167857229014,0.6261391311821718,0.4018297432169002,4.221052848088162
91,0.14617875633280836,0.003819265421077176,0.012407770686729287,0.16863001557384724,0.24355688084342836,0.8654561360262186,96.5251662838014,8.605213817992597,0.9159526157187863,0.8936635891358237,0.9983824686257654,0.6784368296382296,0.25885220241830215,0.9137877588045028,0.7871775068970785,0.891923292732783,0.7275682118832877,0.22687119400728212,3.8838146588297007
92,0.26763968026943885,0.002820444898958105,0.009620576733276421,0.26139978762079047,0.137132901351486,0.6669878847072201,96.51112406834937,5.703568180614701,0.9138835404776027,0.9008337124735745,0.9959671351071652,0.5964739190298133,0.43378694724244454,0.8494678675243278,0.911896416521935,0.8958719055107153,0.640902992167513,0.348324438590207,4.275398994688874
93,0.14877504312425519,0.005512817280089339,0.011373529899404945,-0.01442426201412278,0.41685729514703107,0.8772615681976615,96.48721647425218,5.409015050083968,0.9090459104982547,0.856894495171865,0.9985034889168207,0.4785848322790276,0.5304702749558818,0.9121400566131543,0.8540137546644307,0.8898654347739615,0.6550878288349714,0.3319273624691935,3.6715010180849634
94,0.14940849162986705,0.0054157570266361345,0.009562180019708814,0.3106836227517896,0.21789010209128873,1.3917038796002275,96.46418653610112,7.031303841151705,0.8774745680371138,0.8513844563767416,0.9972780766881023,0.6230176526855754,0.5665868027306213,0.8752756031793343,0.8333179834754387,0.8449895726199768,0.5651610469434315,0.3036299762439838,4.0099505233415345
95,0.2300493289994361,0.005969471016218622,-0.0020324611482014513,-0.08119735557684557,0.3994581334935361,1.5412108967324731,96.47864995928256,9.472623755052735,0.9271063685148822,0.8340112517200199,0.9848668546038861,0.6411970136964924,0.5583786017976817,0.91390099387426,1.032321229324836,0.9434753306659177,0.6604267004508283,0.4379047695883771,3.589540094426771
96,0.015666982593141032,0.008241534033925534,0.0013438266729344627,0.2417658682873055,0.17105996774663074,1.2714340740517682,96.49547561386017,8.347901127472431,0.8838801345546826,0.8684196039501747,0.9869755271078218,0.6198740974790564,0.25308795144825613,0.8909688553375896,1.024630018102088,0.9161519859617087,0.6684894085863723,0.3246574822148319,3.849459515666267
97,0.09466685850952082,0.0036756742794941894,0.01071595477782294,0.20271996082904128,0.4765969672146204,1.0351711437752187,96.53303078588866,7.263871680290884,0.9354874765693008,0.9002959892514409,0.9973957348973146,0.6196346243435401,0.40156127307319806,0.8885210883944347,1.0008299310718844,0.8710814070797427,0.6563477727104121,0.4137075759291975,3.9910512404738077
98,0.34656531627295817,0.00429735927464865,0.009045561309031848,0.09871394676370569,-0.07682569616071633,0.7881589067692159,96.5050255062379,5.609765675521967,0.9018665387637977,0.9241564074975575,0.9868363436714224,0.5546509592796242,0.5114907578025458,0.935291919001215,0.9311163092935919,0.8528922044359762,0.6226160743292419,0.34280781248396125,3.857795184223757
99,0.25155077167394585,0.003071864762396977,0.004422907860237661,0.17004188190181002,0.20911137289260834,0.6640575705746473,96.50457884704541,5.785948140560418,0.9191777153337131,0.9069536079203656,1.0021729331351437,0.6569210672131209,0.5071703554086717,0.9129933641603615,0.9265549384142306,0.9377148277108645,0.6402488031835704,0.39055618105717516,3.9963364978269227
100,0.19359570416862892,0.007682396571717863,0.012798250781988428,0.2516098706544533,0.3672688748266228,1.0071186985255387,96.52944688426533,6.330418493370297,0.8926603183030677,0.8824535164297891,0.999485474329481,0.6181491790935941,0.3547742849623004,0.8524879304113336,0.7850294115476776,0.9251228462970513,0.6972703794568662,0.28010753407500283,4.157393166443862
101,0.0980552438843691,0.0029092821170534165,0.009804102703684231,0.08176693861542492,0.10946522552328139,1.0766560004016326,96.52423492806504,7.3927032027303055,0.9242808762305357,0.9302349736239157,0.9907083209352046,0.6204479810923156,0.6694431347925403,0.9365769886983,0.8066277010240154,0.8883304162571727,0.6739150590469791,0.49208114718882506,3.918305467613265
102,0.18473635571936667,0.0035106535722869026,0.01226200017700501,0.13652771161351226,0.5359555784905827,0.9443443327741587,96.50243141481006,8.32211792895308,0.8840341683315541,0.8712475377832686,0.994492295896478,0.5584648223330954,0.4083155793296861,0.9453265087171543,0.9745192498486291,0.9284243755401829,0.6541642587366681,0.4119291054258448,3.8995677556431327
103,0.17793103101017993,-0.00019672346658729896,0.014264911774180922,0.19999639066005984,0.14804441351422568,1.169969434546097,96.5185357581432,7.713754288581256,0.8919865961937546,0.9125980970758008,0.9945734991886123,0.6490205936897425,0.6036955902862233,0.8580432075908128,0.9753946051034589,0.9446968750216349,0.683880248647827,0.341011735419532,3.8752066941772174
104,0.21574046269505115,0.0038300836006748685,0.0015610779060712086,0.05483727345488046,0.49804382296070115,0.6483811353804172,96.5031216808633,8.896197705925308,0.9070078834737473,0.8829634031285857,0.9975444767268982,0.6130119837647324,0.48031528004856894,0.9009394677206416,0.9657710180421808,0.8782336066219589,0.5766016729060788,0.32818431923681546,3.754557438417191
105,0.09144532584975187,0.0018755403867183093,-0.0007171114529784138,0.09983381363365318,-0.099749255532737,0.8381980879091986,96.51977029394509,8.254978504713938,0.927196550180719,0.8663591690962428,0.9834629693996398,0.6411581601830028,0.5240029363184031,0.9356934323580709,0.9743232285559,0.8640664641744049,0.6086006753595863,0.30348957536592847,3.7575997387157654
106,0.3199500606060961,0.006282665795262684,0.013578360700690455,0.0566885273630041,0.4308606677127995,1.119863696174013,96.5171703291027,4.387799549565056,0.9080421828928905,0.9386600491608169,0.9849182109470702,0.5168035922535634,0.34128737420236077,0.896185794144003,0.9152288770969828,0.9202358794968575,0.6210705122650927,0.33627257485865186,3.7937810535455254
107,0.12124488985746118,0.007142302795135334,0.002550486755066787,0.347385755941068,0.2755390225652786,1.1539303316772078,96.45041309928655,8.404663619953013,0.8970940206304957,0.8751121913034309,0.9991610202156874,0.6723323854236591,0.35647010961358394,0.8438445873428472,0.8856324782309541,0.8686183110640135,0.7473019509224295,0.24054430526153503,3.454219996432197
108,-0.06888559386462864,0.0005284168711840427,0.014078474753483044,0.15067845769710195,0.21200787272651817,0.8180918859332481,96.46399634934416,7.923117963567611,0.8839526723853005,0.8568003146185383,0.9984681099863153,0.6183383035531733,0.26860276210101774,0.907003775139039,0.8794858211799721,0.9013828096092826,0.6493482778543588,0.31434039722785945,3.979934467288786
109,0.30784697446792686,0.0021165046707293618,0.0011848077524051048,0.17741145015719106,0.08647103040585957,1.1265863660929034,96.44867820450197,4.227049267579397,0.935871358444816,0.912973622299642,1.0031298736943455,0.620344904262152,0.3031074593990738,0.9139274829974888,0.8521991988379796,0.9128434936309402,0.6908440736697061,0.32374038540455835,3.8574531931490674
110,0.15969283226513897,0.007014806363438779,0.010751231108208175,0.15112036251396982,0.493622149376435,1.253751314803777,96.50198419624476,6.690002889486736,0.9180917229597141,0.8594034324974889,0.9961879273424955,0.6261892215600443,0.6209691776925678,0.9402790146690896,0.9713940167513856,0.900826495635069,0.584433993964059,0.321647516943051,3.5510096946481355
111,0.1441146724303656,0.008289085246079317,0.011707827379860564,0.32621274482375784,0.5058468305635911,0.8285706903099329,96.44007588967222,9.045850728559802,0.9469393625886737,0.9052289594251519,1.000257579682931,0.6372313702083305,0.5580223117288401,0.919534861814976,0.8438992144345344,0.9037605712562135,0.6398315799656076,0.23781979658690594,4.142246561999101
112,0.32677349411662915,0.005032539589933444,0.0024740929982819907,0.34077274371284794,0.4702259243113486,0.9566045708951618,96.52792566989595,8.398471079414977,0.938074195915022,0.8947294407021559,0.9857440017889056,0.6912583535070128,0.29057571556070316,0.8932590973087657,0.9767055727921016,0.9000385782928432,0.6029164106929459,0.45787938265778305,4.2204594728429825
113,0.1830064277875947,0.0011323819264888566,0.0180455101757574,0.19783387545043604,0.24261910048051902,0.5796100098079948,96.51278736341368,6.747848287870578,0.9101025191154053,0.8949970822135642,0.9895722149377555,0.6303157611670553,0.6463607746670949,0.8664046946458848,0.8968273428361578,0.8554540846893978,0.6869269425633632,0.271794368191543,4.279279448058091
114,0.14401368517455998,0.0018670017527375462,-0.00401425660663847,0.2763232144596308,0.35719197229753086,0.749912613406882,96.53180464067898,6.779695762475795,0.9152203816605389,0.9075782100600851,0.9896402440350566,0.6960663549066888,0.2155175280398379,0.8998975016778675,0.7931492078093427,0.9155581129149282,0.7423796827642521,0.2552839050046098,3.6627288504724405
115,0.3229321908012023,0.00753522019816039,0.0034928147420068317,0.1177442292441569,0.6141117176113999,1.4972720450986046,96.49504070149679,4.017347469755356,0.9460519426807616,0.8743880529713792,0.9938229964606299,0.622262793139528,0.48893372723145423,0.925319347447591,0.8048621325937186,0.9116942796271347,0.6837694579377009,0.26542851577861465,3.9149567004682373
116,0.20502524242289483,-0.0004765496179285392,0.009380868600337329,0.26768808025490365,0.5372950165676176,1.1376203910728786,96.52497330018035,8.102991441445235,0.8905811223297161,0.8733499845971703,0.9899766244190885,0.5083477625077076,0.17321279958092062,0.9550763300607004,0.8290182432251333,0.9199495621084747,0.7047900991840809,0.27789332345299905,3.57456776418762
117,0.11605649077422775,0.0017404688821672928,0.008728219628022688,0.08183399586453115,-0.14824086314199525,1.170915235317353,96.52484268662813,5.9020358108253985,0.9017858592318493,0.8360060050361514,0.9933132706389918,0.6951642772874567,0.2380779441726696,0.9121675505582459,0.7756873290184695,0.9162860241805436,0.6239761608476245,0.4506528511569411,3.8874866006592113
118,0.093695284440421,0.005501488436624893,0.004331995033781949,0.23442021687721964,0.10893518268897001,0.9642943126903092,96.49678594467842,6.681559052737431,0.9051569894419004,0.9331804778955789,1.006620955636963,0.4855917699001095,0.5524802309932146,0.9224991802946457,0.9095873095723872,0.9344720680968359,0.6435047249949346,0.37987642583655207,4.135129019169999
119,0.35375679810963545,0.00554992826626182,0.0053655418093498854,0.16683050492725857,0.05895687432443525,0.7693801710447024,96.42478934939406,7.790055848667489,0.8945951923474426,0.8815391595834206,0.9886993494543811,0.616968189559566,0.6796174894208509,0.8633579123156272,1.027844764434521,0.9141079463696836,0.6091973045414247,0.17899111766857786,3.610695787180715
120,0.057630529525526886,0.0032177075332368806,0.004252072648959696,0.2532782665427479,0.4405921818310974,1.1041273789447241,96.47378845015062,6.493298429999253,0.9471772324415226,0.9338472982092949,1.0008849017068326,0.6326312669677843,0.5290115686001876,0.887477774660444,0.9464287876474407,0.8856668476371354,0.6668010793572074,0.23882039056365909,3.8696341857870835
121,0.2051993496038472,0.00838107227372944,0.011923044292449697,-0.015973244832273387,0.45816071860759877,1.3478618345516715,96.52456048304315,6.836747088397594,0.9159024851719704,0.9023008209818459,0.9845444360059776,0.5540857959006652,0.33589791458998003,0.9380211636992081,0.8089318475649722,0.8764490437620103,0.6370381263538911,0.26144296666220057,3.9614925512929506
122,0.24768484899222992,0.006271259066881802,0.002713076817224415,0.2174726592270319,0.5656170789576088,0.8465214744064415,96.4284577163124,8.487216334994704,0.9459869638406008,0.9249749657808289,0.9880634886271495,0.5430118304866506,0.4633661842254651,0.9199483274466685,0.8927069079335573,0.9443419354056873,0.6278699842037567,0.3041857775762744,4.014436486459111
123,0.21441665248998368,-0.00046902466437075694,0.012158389128927447,0.17614898979444205,0.5458826392947691,0.7922543943966013,96.53043669446082,7.670127723019744,0.9340699228689565,0.9274242290336044,0.9802773226608863,0.6030792911607089,0.38148284610766864,0.8836745192686433,0.8416347009666283,0.8705536401203041,0.6694906395109466,0.38514856811390663,3.707434242115048
124,0.1884441323177642,0.0003541633711191183,0.009657356868868596,0.28991699081525324,0.20827070116989482,0.7796560039923471,96.50865583580483,7.177614994264021,0.8835968643279466,0.9099378863547507,0.9939658950144765,0.6587420256809855,0.30735593311552056,0.897352525761455,1.0054449360330049,0.9253953922183706,0.6875934771324469,0.33798128325087085,4.197574309533173
125,0.1616064528181655,0.0029938455474229613,0.005762696312230506,0.04190136798886414,0.0038553916830380563,0.9898714823610875,96.52220776098483,5.633905308822247,0.8964795972845668,0.8911969985716787,1.0011880909866384,0.6136192761118632,0.4780752505301443,0.8825679435281837,0.8876483642153282,0.8907124536979464,0.6619386942338366,0.25217848079540794,3.750861747071359
126,0.16683630894661491,0.005522753607132429,0.007843702492493877,0.15286763557251298,0.14769276803489295,1.1191857687881324,96.43806634283567,5.6681666468465535,0.9417254018890117,0.8481022235615829,0.983756568358653,0.5590002411035825,0.5137746061629211,0.8907333464425197,1.0152101251014354,0.9193065692049346,0.612906656671096,0.33517064197306606,4.085465065697905
127,0.04580648323537993,0.00405025117077358,0.011088736781817307,0.2023711126962816,0.45019921041866695,1.2929553420691953,96.49707458105077,6.114545106029324,0.8972728842361758,0.9312641854612167,0.9913389686644122,0.5577418518636076,0.4981376508912649,0.9051330662382672,0.9052993527574518,0.9116946499522993,0.6471905733733448,0.37291114088588184,4.236656839008213
128,0.08624647015395483,0.006237465248713724,0.004489790331758714,0.008361095796971085,0.4942553718027113,1.1202731010467666,96.4941121426245,6.271150355649133,0.9249955374545238,0.923786869591321,0.9947051013882318,0.5665814238920795,0.5295404513821962,0.9397460877850583,0.8119350549694161,0.9340257580555399,0.6901691591873644,0.3128856978968953,3.963133644831105
129,0.12376601783703697,0.002595113953030301,0.002107292520833303,0.020429472875302626,0.1500145126962795,0.7049923022506186,96.5044135523787,8.638667149006505,0.9288540290859446,0.9088201281105784,1.0022131671557364,0.5184137691679042,0.268033562115201,0.8959742095237466,1.0198098562348739,0.9002399852372873,0.65822829957706,0.30389619207295415,3.661831387322037
130,0.19931419852762333,-0.0006365741790756202,0.007205173403061948,0.1561184922322289,0.22563617125674706,0.7801334482722344,96.53259195791557,6.531207039550972,0.8920043932517532,0.8918371912029044,0.994311088268952,0.6724900682299468,0.5239969777297404,0.9300369698490711,0.8493286048289515,0.9146548880108836,0.6246591853076007,0.4218479671770957,4.340739942134078
131,0.24869293975165052,0.008371444662729745,0.007702192217693636,0.2749078416789257,0.09928823648568064,1.0672822494711929,96.48453092536914,8.26137534798377,0.9167503712812054,0.8746557365551897,1.0016586599682704,0.5432646879050795,0.49544737390484894,0.9343003129825737,0.9203493220578829,0.8829970285617684,0.6580206530871743,0.2528243682765851,3.685026049074837
132,0.17090783289561107,0.0032520645169997475,0.007196840534326791,0.38857413079757963,-0.028259748196072243,0.6948101276186925,96.49982166094341,5.51005249984274,0.9156701276633856,0.9112860567751031,0.9973489797935611,0.6488782633768043,0.0848933086857886,0.8713050530694988,0.9667112906500643,0.8969832939661981,0.7126043345552759,0.35531784684607787,4.2258749310628145
133,0.07195913306793968,0.005589209206208844,0.005410545271926689,0.012795287922917953,0.7542638489853399,0.9762511917755315,96.52820451724405,6.99033799471819,0.9065731552379259,0.9256555431774339,0.9937884822579932,0.5398773322117395,0.3316549222592078,0.9218658048731063,0.9315969687628497,0.9062969091993471,0.6634841769051553,0.2802585626464887,4.198353662212394
134,0.05117236473526664,0.0022994092790652497,-0.003394586647852328,0.31882178202691697,0.35202562779283286,1.009224317487659,96.36110503413508,4.469181066195839,0.9371690145463228,0.8451625904639921,0.9830178524793242,0.6259102056984284,0.11815048774515474,0.9023485749026599,0.8576884870176675,0.9008781556910054,0.745060945374795,0.29416628324135347,4.161688976603685
135,0.20917765287092932,0.0066120446363988105,0.010149017275036969,0.17874653935805385,0.02906533353022811,1.2054564481195333,96.51107288573684,8.043972172789774,0.9354561711434258,0.8474022738978431,0.9961910227502981,0.6173838570741573,0.4170723442924091,0.9127265221696936,0.9056034704423833,0.9752997280215978,0.7497939013286721,0.16921995288428499,3.504128521894078
136,0.19853169874801388,0.005466542109935051,0.006023965167523054,0.2476602040870336,-0.0612292881253273,0.5793484113242153,96.50387179980773,7.68374855102839,0.9077397551755981,0.9080732588300594,0.9936879247833288,0.6076072869442669,0.48068772408342775,0.8497766193469561,0.9928232328431768,0.920853194492018,0.614398773466581,0.4182321386539609,3.6476207863075696
137,0.12405133470710933,0.0004765798709095142,0.010200836367243029,0.3162143504372077,0.2839127112667629,0.9947214403550291,96.48528775678734,7.258601650754304,0.9197634275940113,0.8758518478335656,0.9984419712197171,0.5990978856061302,0.5309405004624845,0.8694341490203701,0.8366009027091731,0.9185160065959481,0.7254868097427843,0.3778908020392829,3.726823570718644
138,0.0020438389481929053,0.0065124999482320395,0.011359274278315396,0.13942740699642675,0.1683239714697115,0.6856527958805407,96.49880248367516,8.574475036909464,0.9519464415818688,0.8981018459336384,0.9822630335704966,0.6565637974738647,0.494732846263079,0.9026570946648118,0.8683458486857031,0.8710433732235148,0.5966871301235678,0.35541261318049955,4.203223106995907
139,0.10863431183193534,0.007881051580813517,0.0052097005535976584,0.24049472624483775,0.2614028025082065,0.6682904028154149,96.47128357868672,9.04009803836076,0.8918395889968739,0.8836702049644477,0.9886515700501424,0.6379445583781849,0.6346906079264181,0.9057932758279562,0.8635525415061269,0.8601896079880141,0.7050243199429467,0.24654366242440423,3.725354080423163
140,0.28304559999368717,0.007539878939732951,0.008670457000139334,0.16967353545958094,0.44785052313921014,1.0009080389392928,96.48961338676285,6.527520280495707,0.9284432790543417,0.8991078658037569,0.9839176415727191,0.5868605349559146,0.3573240514634677,0.8954064109119281,0.8784387922252139,0.8825169092947421,0.7301575375961247,0.2755951914006183,4.0336925315617
141,0.06289176344612538,0.004713622269597161,0.006916061255158723,0.30940092315281953,0.35876975505475056,0.6122791814505694,96.44860772352733,6.317610910127328,0.9176518648561881,0.896074871675825,0.9945714148653586,0.5581523446343412,0.2703861083598003,0.9065388400165799,0.9048845043035834,0.8888056713518871,0.6305261884521765,0.3883283127318067,4.031843901752875
142,0.2262841797576895,0.0039380906850190025,0.005891320163621907,0.13363260564124807,0.026696545639658453,1.477226157909547,96.25449137253105,6.420783759408375,0.9089727249531596,0.8754428614210368,0.9834725560566084,0.6500518365312073,0.15543781370520837,0.9267378310331579,1.0157481223763951,0.9247630778358635,0.6622463166417203,0.21738451574620893,4.193038122510672
143,0.17812081292827123,0.005784136916154026,0.01499861087215496,0.21745968737873622,0.6131660317171359,1.2306843437849213,96.50362148047319,6.11871923367159,0.9317667430506142,0.8540170770831764,1.0045053045952808,0.5546407905689865,0.543442677061658,0.8917006487674687,0.8855672619447119,0.9039499784166911,0.6057467214338064,0.3193236904083824,4.204568743024677
144,0.07984557746269205,0.005296660989076215,0.007746325169271324,0.07053610153382242,0.3681180015682965,0.8601213282866269,96.51719969617545,8.348970113965358,0.8913829015378029,0.9046963322967831,0.99664048130195,0.6478349627042367,0.6245572540629524,0.8861623259263947,0.9807868757941222,0.9194797412919177,0.6098268618997084,0.3842652678687954,4.053538580125062
145,0.3769704169106546,0.0010513206702129838,0.005842633395900647,0.05204233559970288,0.058715188405101565,0.5374745216176431,96.52220384537512,6.437372820304183,0.8786622210168497,0.8656652494150786,0.9897209866013338,0.5606587871848562,0.23773691170207012,0.935551733910582,0.9731912012879027,0.895187573842487,0.5564945732029984,0.34099462734900154,4.133698814083522
146,0.10589938837951525,0.006382853798721104,0.005639697370721424,-0.015665451698546717,-0.027522194026400437,1.1983975949382375,96.46126577094955,5.937064162099159,0.9109571062062246,0.8316548084820498,0.9825799972580029,0.6346773878057278,0.5993217669524347,0.8780634802772922,0.8047549433091228,0.9273403874923656,0.6402923164091403,0.4138074178037254,4.166757239046737
147,0.06545657603738983,0.006420614806288313,0.011888497477191916,0.2819269988739919,0.3414246736168689,0.9874278950352456,96.44750995437862,8.825458339181498,0.9141873803788334,0.914055828771545,0.9959168899494334,0.5826605947708793,0.2909465667693718,0.8744999851284888,0.9143677827927644,0.9131308836223083,0.585681691991602,0.3100113365571628,3.9982510587630835
148,0.21734094550138228,0.002731473617626723,0.018081610546168813,0.10613521774359574,0.2216507686743937,1.0654557013481583,96.51609493486657,6.624926334726619,0.9043660279168192,0.8871378223193709,1.002392077958222,0.5242497051885175,0.2516613208717911,0.9360399636262556,1.0179238898859013,0.919178112663418,0.5918850349232596,0.40135810552826134,3.5388582933389574
149,0.37332432745373056,0.004207743560341771,0.0059424824434635235,0.288575737734393,0.5558012273545886,1.1542120098460946,96.53276004944637,7.011190770064707,0.937412301366125,0.9194634787469659,0.9968532183587071,0.569223618729607,0.595643486319915,0.8629222976717656,0.9605568344456398,0.8971129150829037,0.6128257156804129,0.231268543194802,3.765856003710845
150,0.3113833662191444,0.006683507223804058,0.009591970061654116,0.09630421875354159,0.28460292613756905,0.9502577756959707,96.50034187766101,6.835971582718342,0.9412805543719955,0.9033768564397412,0.9956637731042322,0.5552493991992165,0.6216292397068004,0.918170195374489,0.8806225542927658,0.8901846294842882,0.6406386924424062,0.3700065380467941,3.564648052880151
151,0.17067390604133542,0.0014085936059226203,0.008653129772113565,0.07867304920228609,-0.048975962681064966,0.8407188781622633,96.44831880746858,4.897677889419291,0.8741033140106752,0.8609096481922841,0.997374235840298,0.5355795289204559,0.6059932710845655,0.9301222613565638,0.7509428891888561,0.8807788076248688,0.6639369174982475,0.29875394486819484,4.055994444781245
152,0.170633301873127,0.002462302640518036,0.01285231404906271,0.20395452045766965,0.13036925841687402,1.0583291225048086,96.51739463760136,6.6166117194362535,0.9082161054508568,0.8752197485103214,0.9925778073029847,0.6641548981448038,0.5061595298520951,0.8847416238426735,1.0183515857442396,0.8949127511523095,0.6501632450732469,0.2758342105854973,3.9860749620736446
153,0.10707633765019345,0.0033027452733354473,0.004580980853371436,0.09639222914093651,0.20878983401642842,0.8243443601654744,96.53330124264453,2.9795213215226517,0.9020166243456128,0.9067794044732738,0.9944540534258833,0.5857204349372171,0.2684040135051499,0.9060370539080267,0.7048273024958874,0.9261834478234457,0.6912381558624021,0.28559877466738604,4.0453157487247715
154,0.18346489984906275,0.00042748296082198954,0.019658286761395343,0.29748797404010846,0.47459036255762216,0.8289755080132439,96.45307207796088,6.0593054379120925,0.900971419024288,0.8675541556785762,0.9976779780958128,0.6784102192523476,0.22216292787878017,0.8565102810607091,0.9580857227386052,0.9002475689850276,0.6761010751353965,0.3155289682391654,4.108869503409563
155,0.0852926020724384,0.004756548741297491,0.00401526697313806,0.07712801649210607,0.3833554080806034,1.0620890327223564,96.51727297401418,8.233977225381134,0.9400016580009,0.8777905636730622,0.9877513449617018,0.543697224180762,0.5719188238698225,0.9313865337937547,1.0024675292069645,0.9055611346243725,0.670179771264408,0.41130949574098113,4.137818115250395
156,0.24891507404210889,0.0018070834276517217,0.0067291892050974095,0.12483674269174659,0.37522446272974186,1.0450351808962257,96.52193171050081,7.047300218248217,0.9051232270345859,0.8468844681063634,0.9960438673564685,0.6412609093547124,0.42656761246776614,0.8867791844435269,0.8814879161259509,0.8873719465130517,0.6664495169872898,0.34991320609409077,4.050572488035073
157,0.18430244066123544,0.002822462553602245,0.01775921641886852,0.15526461581405251,0.28771166742853305,1.2083670720436497,96.52916915566287,6.299496814717101,0.8992746407976694,0.8963394525681293,0.9908254350665658,0.5778092814430273,0.3840904766954914,0.9123742230383682,0.9281499132480237,0.867723732156208,0.6060115798859577,0.2935085132457158,3.830756580429969
158,0.039718616928397815,0.004335492000332897,0.010410805112728003,0.05222694121576062,0.406963699910553,1.120912470244219,96.5119622885121,6.461388685144537,0.9067794232794223,0.851840926531778,0.999439667109314,0.6254479044768528,0.3702892890757329,0.9139361655402131,0.9573915236850563,0.9425399428994986,0.6120529376255694,0.2612654977771072,3.796490086281389
159,0.12359414554065881,0.007979824243569935,0.0037046565729848993,0.32615954222928967,0.2841505809614421,0.8921508007584754,96.53160550395698,8.318873184973818,0.8836857273492565,0.9255667763348788,0.9928491143142316,0.5164271330274772,0.2818790393312094,0.8884925171085815,0.9248862512275474,0.8942855628497143,0.7409699995446635,0.3851428487552894,3.8351625371806555
160,0.2241096981572192,0.0064506256764154755,-0.0005804980993518562,0.09395987246207883,0.3987702902267445,1.0044016877720476,96.44587267015021,4.737468943065599,0.9072689213073288,0.9090344579629471,0.9849319549973726,0.5453380970429476,0.450524522841059,0.9435327647764257,0.7294675576107634,0.9474242906236918,0.6189889354603623,0.3345809487529695,4.138429604035055
161,0.1851319799248215,0.0022238060847883235,0.01118265246982835,0.20961415138141198,0.476083284930624,0.816253869886607,96.51924364444011,6.7636361841414905,0.8963913672745379,0.9215875235173259,0.9966093534539899,0.5177704965329673,0.41108528587685794,0.882193692636094,0.903865164539607,0.916609791919385,0.6638016668494583,0.34291873678780976,4.402848446124654
162,0.21809385724193633,0.0017617315820052744,0.006536856193841751,0.07359709740248097,0.10664591097252071,0.6970620816135507,96.5146702123077,7.7424608206174,0.941059353300314,0.9155110005690259,0.9971745098073591,0.6763963354868389,0.42258199537699487,0.893378274287021,1.0676463515464947,0.9151805962547682,0.6407593993170603,0.3445368027219434,4.009344503904835
163,0.06972664119475148,0.0031900570349163633,0.007830180174311818,0.26354306125544236,0.03354378159191457,0.6372825871019612,96.5320571975048,7.028309419488164,0.9189189638471119,0.8721849500096552,0.9993164375324396,0.6290922212282924,0.4965772745043424,0.8679895238221379,1.029535842478921,0.9281501375739497,0.5994793799414919,0.33606142738970096,3.681254394562892
164,0.13360990039504553,0.003045949615311251,0.006123169501003977,-0.08291899009252032,0.049961124109740074,1.1442327309116376,96.52202372732881,6.724284694115472,0.9098172763388458,0.8539438189575995,0.9954670035154888,0.6564988261920307,0.4807351670886127,0.9336345337964135,1.0497057422345544,0.8722012703778934,0.6538503174037853,0.29239161001708275,3.7087641562188582
165,0.20806115493709962,0.005617327661108099,0.004390583058508212,0.12483712891952137,0.09143673217026435,1.1826831857705555,96.50601531643338,4.992621135224625,0.9136193900161172,0.8424130701071441,0.9891110619835785,0.6535152586995439,0.34334568611264266,0.9126040928638619,0.7605404605473972,0.9258249389550881,0.6109517392184856,0.23299021390388713,3.8939370913232776
166,0.4052465023582048,-0.0011410538422829742,0.015211178826218665,0.2966620276327937,-0.06163353374882008,1.3790093209196161,96.48043659605247,5.695162400850261,0.9152404967934672,0.9118033055516828,0.9953574742847315,0.59375136009534,0.55286870002031,0.8857714200539145,0.9826706048500258,0.8901698384048469,0.5941714015645937,0.3455779119475679,3.8270205648950544
167,0.21122210644326234,0.008090851427317261,0.011819392992142535,0.12521850013338554,-0.017853622827028404,0.7950872852724977,96.50451172230765,5.939035980166206,0.8744981149438631,0.8849618127438512,0.9821360046082249,0.5874961923564407,0.3061926025121018,0.9272822553534918,0.753462396700128,0.888931687889111,0.5992458538698929,0.16891070747638456,3.411067585955902
168,0.30397067662729926,0.0036644644656827654,0.004632756527442199,0.158092925775822,0.5015512732474627,1.1540195651054217,96.53363155229157,6.975612303106782,0.9305175099905545,0.9367921056197642,0.9967043116570474,0.6337865816373092,0.3163765785844435,0.9173879485161355,0.7651662934333061,0.9029285820216754,0.6404170137659368,0.25423628727389225,3.8682061811819994
169,-0.04915411868265662,0.007987040010480596,0.01103396163823303,0.04296928440803306,0.2696042329385129,0.7490113644369578,96.53137616110298,9.648054284310675,0.9274281007546908,0.8698436848351377,0.9861064173056594,0.6329981811641519,0.48474757364578186,0.8865412249898263,0.9828958328564396,0.9614480660691492,0.6931147681663018,0.3537693820684501,4.337597047000173
170,0.23188567612742525,-0.000147898800754507,0.009822680916733278,0.3295622382018033,0.3392872864784387,1.016583862871557,96.49133681440473,5.96827373563627,0.9277365304713673,0.8781498513200029,0.9900954657817227,0.581388729729596,0.3163599151719931,0.8715445046720625,0.9553385348035169,0.9198735821046106,0.6815673727403927,0.2639273747868787,3.6368583053292984
171,0.17495676872876265,0.004238792111681874,0.017307690425380225,0.3416450104284518,0.056980066075973834,1.1404820924021375,96.47492481602355,4.561845373763507,0.9016274516410893,0.9252462723317647,0.9955908732147412,0.6125032759373769,0.2365745870941398,0.8970221656275675,0.7556949570336912,0.8800548901456106,0.6466193310414655,0.26975605753767856,3.7728532698933175
172,0.0816670847534743,0.003470277772774389,0.0027116901505283312,0.1378968724661713,0.16597731374931335,0.8605826850170774,96.52554777606096,6.079428045952337,0.9277041710584937,0.8906298868878861,0.9931124969732247,0.5637818174138814,0.33221891815297827,0.9513637940709351,0.8206745527279223,0.8707682898439122,0.6400940149516083,0.34006457994185907,3.5694314779545264
173,0.13226064865089004,0.002391405836440797,0.0017460359965354938,0.25158750322437123,0.5801756644350963,0.9286679327410151,96.51176399084932,7.408896101615805,0.9057472577583325,0.8731872532867397,0.9948720261216385,0.562865020021073,0.31330996900368435,0.9379676714387952,0.8292048994385419,0.9434620403779335,0.5972230833347054,0.30254101192592925,4.092542362751515
174,0.39295734553395933,0.008046886686149337,-9.734742156579292e-05,0.19863904888402178,0.11668221345773777,1.0950638353478412,96.34724685233907,7.641397938983301,0.9122049845892541,0.9232746623921542,0.9907655807455185,0.5772048092183135,0.09488913780702585,0.8841609273095772,0.9685205795157491,0.9127919605697354,0.6656272116999669,0.223411975899617,3.5596443640291446
175,0.32938706690026676,0.003909021081166684,0.009462972972594436,0.1554301116004726,0.07799498911341332,0.9809253849073101,96.51040946957869,5.25535917137712,0.8922145483539646,0.9029147758410112,0.9909121902295851,0.628852481446586,0.47585556017691655,0.9151022450677263,0.8714924687271068,0.8893425965501035,0.6553328415605266,0.30059187482383865,3.8257291028558456
176,0.30875796229256725,0.006871458115879789,-0.000527531592466093,0.11115850293849763,0.2427252933916102,0.8768540782517742,96.52239263370006,6.182645764327712,0.9007477091230548,0.8525283990617606,0.9974343398247748,0.6005658180766447,0.5830784736948448,0.9514474008193692,0.9271520195873992,0.9616893182958738,0.6259196060362294,0.34008469770766186,3.925617208745019
177,0.12401299040047385,0.003974916867699848,0.006318281442520807,-0.0061545375693021764,0.4511634725390742,0.9966032562966901,96.52239990554665,6.129965663081966,0.8996575011879876,0.8889874429775094,0.9894602544981306,0.6862327416996914,0.19425423991039473,0.8986109665188741,0.7693343560790467,0.9072010645605953,0.6889377485989961,0.22385216024119367,3.701574884557549
178,0.2083146768832352,0.0018215164909351495,0.007458441322111703,0.11694949634680357,0.5636529443748843,0.7478159740453216,96.47784949678483,4.027157149589948,0.9131333450628144,0.9170661506153447,0.9901693679887554,0.5681630945209327,0.5339583579541858,0.8951988815484966,0.7679225954693256,0.868188324566163,0.7295445058555072,0.2723392730518014,3.8994399157606265
179,0.17900096990930792,0.004119529509816147,0.010979088577708214,0.07036858452624864,0.6306850791583399,1.2562958090385608,96.42518650409245,8.60063729147536,0.9247213863047272,0.8792208789769206,0.9888355489679056,0.6117993119179276,0.6466082753520205,0.9030452610633681,0.8931046032470112,0.9304309166638416,0.6201294214096136,0.501603848033189,3.9230062254658153
180,0.24973471159613492,0.006086156503849752,0.00274028732443354,0.07283276727457061,0.24352637984997816,0.6774431257465322,96.30920642439389,6.304458906629926,0.9071732669571644,0.8979251122167353,0.9996133344563775,0.6026618972250225,0.6049956201996749,0.8983282588435111,0.9329612944570234,0.9371622026747433,0.6344662918740211,0.35466953723215294,3.84861310956519
181,0.05820368832888073,0.0025306639493775807,0.0052694364452758645,0.055762643674444765,0.18087775141897316,0.93228924742191,96.49630991841317,9.415326950981942,0.9078007649266873,0.8635686666644208,0.9872984361347312,0.5947710551654031,0.6324949324911335,0.8932287530808729,0.8770084063299645,0.8894201199815457,0.6971567841950032,0.34601357393290455,4.1283658469612385
182,0.1615944657678453,0.0024615088496854165,0.008655075560369672,0.1436300814700511,0.008118990091021294,0.7189892492138744,96.47645553973076,4.933152691209215,0.923691832148635,0.869404068528806,0.9873575597846097,0.5687795149806458,0.22533449632217217,0.9406806463767885,0.8697358028588136,0.9693015859465258,0.7296396978592631,0.2660042957994084,3.9054108754612695
183,0.057432536061152645,0.005921951099212532,0.006611397104316312,0.2844318807963415,0.12914567359754103,1.0773285724835648,96.50756589787552,7.904029040155254,0.9116305070700511,0.8661192118179274,0.9814909842212123,0.5898324395022285,0.3483799325872496,0.8795147679318016,0.8626938691433638,0.8761458522151345,0.5706159933584886,0.22350964879333596,4.187390187597438
184,0.22799639661102483,0.004705191050916558,0.005747811015111073,0.09714941123994227,0.15937959834611928,1.3419206711701794,96.43989409350746,5.893672841384427,0.8926951153510703,0.8400955657660897,1.0001169469424722,0.6368652107562636,0.24855405875539438,0.8836295111392473,1.0128648683003376,0.9175467389496555,0.599481098796272,0.38742354770255166,3.9318521833303364
185,0.2836594143510494,0.0006079237233572667,0.012823837631846299,0.19581518110467647,0.10750084278486419,1.1244074822452514,96.49606826935725,6.005769705441792,0.9293430635762505,0.9105218584055074,0.9852098361518015,0.622267902351695,0.19583694165873497,0.8759330629974158,0.8683260196002583,0.8867543123560716,0.6469585396388564,0.26124582068319785,3.861080645067483
186,0.15333698217066777,0.0055398232277834285,0.0033364300811550146,0.004567046367959515,0.48946681775211814,0.6340243769046081,96.4238996669324,7.5663288560170985,0.9179498142895149,0.8670592159413056,0.9958279262857,0.5318142045124284,0.6093192856301974,0.9631999551274718,0.8734967409106115,0.8911316288937016,0.6520469234010856,0.33870981077606815,4.150357114939027
187,0.09783064053008732,0.008154408813355177,0.007648930914106685,0.060942212616625524,0.1806513891136669,0.8580797403677758,96.43386713111626,8.70198537342563,0.9165111874269442,0.9487457638849692,0.9980869733761758,0.5273093843502703,0.4515081832951017,0.9064911286727095,0.8523238526330541,0.889444677169032,0.6821348984953949,0.394150301020225,4.3619526611719515
188,0.12895075914221443,0.006593448024312125,0.005909345021582024,0.28223503522987414,0.01558223709972062,0.5015063096421576,96.527201282101,5.10057060538486,0.8971519388411593,0.8683871110193024,0.9844785656860661,0.5267526135471576,0.5184563415004574,0.9206185204230897,0.8442731794051634,0.8628426125954575,0.6581342716706812,0.30545009336660084,3.7855689746088763
189,0.28804577495992206,0.0016371747764749914,0.001924913286696829,0.003940965514905859,0.4703703331991235,0.9007085872867178,96.50036089633672,7.9672635815941355,0.9262672106871135,0.8696887825468957,0.9888154262001716,0.6904489512568186,0.3936125061242319,0.8995369249493492,0.8810122036200133,0.9201129400693905,0.5815266404204925,0.31044162062646635,4.325302619301328
190,0.0034340084252987846,0.0031628272857384503,-0.0003301780766464379,0.03862847157335905,0.062322787239295185,0.7003462569209564,96.51957423377355,7.644872054257183,0.9072612179933952,0.9109207284793439,0.981348020765342,0.6001264241354938,0.5007279474029782,0.933265490341414,0.7400282549522219,0.9117222154226617,0.5481833109254545,0.2784190168939022,4.21413908257822
191,0.06727816478182397,0.00321824058019329,0.0061606582341323865,0.31123236796760834,-0.0404163992726011,1.2678657106148372,96.4716267539085,7.399696726236985,0.9156116495704948,0.8630634920746495,0.9870313245289912,0.6344091191413991,0.5779160917692354,0.8851528837395379,0.9123666388756102,0.8691124125423583,0.6348665041856414,0.37117855026477015,4.270167553563313
192,0.14282364477476428,0.003396331412442064,0.014833607937582587,0.22258138746435352,0.258515194181395,1.254039938639603,96.4883455682785,5.407027609579222,0.8878634331047053,0.895473895856396,0.9861915331691795,0.7153659530548578,0.7144211414935935,0.8812077604961005,0.9888915774983833,0.9166531906178019,0.7413130718437706,0.26503719913722323,3.3807238787138862
193,0.3255748730836904,0.006445845519081944,0.01410267945936726,0.06624721212524302,0.7194692302883345,1.1043835355741884,96.51832767145616,8.7432986071657,0.9312535674601553,0.9266998465631073,0.9899924032001709,0.6333584066086334,0.22803970847237887,0.8892454802554193,0.9043724653648719,0.894839220898137,0.6436975379268539,0.20771762455803916,4.059573819366785
194,0.3014270928940632,0.0006817746246653121,0.011199656549336717,0.13146091611443772,0.04482504573685453,0.5989552717774675,96.52723820070678,6.360207469600061,0.9147688064640299,0.8753042014502476,0.9908928329393472,0.6079386095235461,0.4073940792502232,0.9340837959168916,0.7555634586994042,0.8988168993288012,0.6140603932837557,0.27800910139834073,3.7632844299996995
195,0.3272141278283295,0.005051780693821091,0.01177383425231977,0.31606016560704886,0.168783839419194,0.761915851032344,96.52133346127556,6.5091551891278225,0.9191443715805588,0.9075659012159358,0.9918554413032905,0.5957818185061079,0.43656337548994084,0.9076551304975108,0.838847331391439,0.9118630090303158,0.6851145908164611,0.38298453158110557,3.8699022720524194
196,0.2635193574694027,0.006903003860055026,0.01102940137721,0.2902574117507347,0.2514624786685129,0.710493638305412,96.52329685985491,6.062639496215421,0.929011501862979,0.8534189568539629,0.99530126285146,0.6123596056143479,0.34760135656604557,0.9162377570091382,1.0169797235275806,0.9321765905087939,0.6629221858228486,0.22700433317509305,4.123062794623856
197,0.10367970509308952,0.0027285051669823143,0.016206905013900118,0.25467265916048043,0.41280588758175735,1.1565742290083092,96.51179783290459,3.903323535621105,0.9415764724427149,0.9051385049459639,0.9918480190502982,0.531122384193194,0.5637432017138564,0.8599944138471917,0.9078748069370685,0.8791334626633619,0.6552043249123785,0.4022315547250876,4.159944666275757
198,0.1648492929260098,0.00017430568659873103,0.002930586297811737,0.03135112054784106,0.5311151067239845,1.1933664221137208,96.51029451846529,5.894458262467452,0.9076819205409962,0.8637824892776891,0.9931581614780454,0.6926676554517042,0.2949433997425364,0.9356474170862075,0.928031953405128,0.867054425456999,0.5619157300293998,0.20115135081756663,3.9016942574883853
199,0.23509507219305997,0.004601617936040981,0.005913604408495606,0.03235119600206923,0.44618761411667324,1.0231143260632836,96.4635661916497,6.392805653806086,0.9195976900731112,0.9026973207795128,0.9963607271483967,0.5632600134170813,0.25255299400118236,0.9177522689602892,0.9315977934061282,0.9231027992684537,0.6606268021407917,0.2477437651315888,3.9505182261973633
200,0.28331439704498207,0.002639823777545341,0.0009884501400638504,0.07927087124415676,0.20743507232536612,1.0870052821543386,96.52730364732608,7.570307188495386,0.9243201995413538,0.8490329456834806,1.0012585965672027,0.6043327338878869,0.31019677409338114,0.8881521725726973,1.0511979019785336,0.9118935657291057,0.629504549600525,0.21997787296454646,4.074268957562365
201,0.05894471292710954,0.0028118692637594885,0.01751136218443024,0.09779738659110887,0.4013859841688989,0.9121484739838042,96.45318563064225,6.9316170964571935,0.9498147072198905,0.8776441890459097,0.987242996198095,0.6485872800726247,0.5233514381632007,0.8792237316059409,1.0282842921312043,0.8779148833453123,0.698250396617134,0.3212541251296613,3.926919194133159
202,0.12163007399562542,0.0016558963338505817,0.009552733635511897,0.3123230121459786,0.4267593099516561,1.084889223054218,96.53343129682392,9.544338010350758,0.9283287396096734,0.8824577719643673,0.9882673354151831,0.5520550998669023,0.6351185687251257,0.8455208761940555,0.8919101439842764,0.9362160803512464,0.6060099205758005,0.33033823555206326,3.953473693245796
203,0.27472244184423256,0.004021291570541908,0.013808867580988166,0.20664428725114448,0.5586969029570903,0.6822852725698664,96.48322702733824,8.27744514448227,0.9237854381114388,0.8784779384291528,0.9943705033236823,0.5971056151526175,0.6091167581025587,0.950367085042418,0.8590408804821404,0.9002719410099316,0.6670498696928783,0.3466751521462882,3.876270568120327
204,0.018135058791058783,0.005146378042681135,0.015838099613599593,0.12897600543352664,-0.01653027941920915,1.149076111077699,96.51941229534373,7.896287092888942,0.9051507908840011,0.8856245659599447,0.9982785364094378,0.47981387236038875,0.6357895161264391,0.8959357547822039,0.9924070676491167,0.9430195870783201,0.5831738987460353,0.29112996013544507,3.669367482295571
205,0.09392874078849447,0.0021355377677706963,0.001733838214150179,0.09100824548936315,0.42646828536298137,0.9575001927388918,96.51249732860929,7.5142836130972315,0.9098510733760561,0.8795280661759441,0.9859106518663698,0.6225751194374793,0.3867093828160811,0.9300498770527681,0.8346268716288571,0.8518999425205734,0.5519622905674642,0.2865664807694238,3.7873980990369827
206,0.22632964107716042,0.006654307909800122,0.002304774029697639,0.07944718478635604,0.5668086516925768,1.0750024231867314,96.51011188324131,6.7070888483537825,0.8917171934024187,0.8305203137178432,0.9918350495062007,0.6250049599609043,0.5361696521142981,0.9445833327209083,0.8736728972638401,0.9049418323196436,0.6597703043461981,0.2725174388860596,4.264241956124963
207,0.26348197024317715,0.0064572265995598305,0.017623068001107446,0.34291862973361487,0.5608850512287432,1.0433666845618403,96.49322665545895,9.210483852387105,0.8925705591606532,0.8685615467534589,0.9868987673798391,0.6481387314672581,0.5577941700083789,0.8764342764967435,0.786725545013916,0.9017764311504964,0.6442840296366493,0.4345664018408274,4.268499422038872
208,0.17270776817303843,0.007769036129244341,0.005805137087212173,0.11778012703266957,0.46423312386005045,0.6743933071949425,96.42505029681209,6.819055934156873,0.9069020421303011,0.8381843172794166,0.9928381546392517,0.5679586243471446,0.2379142248556062,0.9406696838398838,1.1159271933398702,0.9285113751540476,0.5763684326486694,0.23360844219175145,3.73746317760009
209,0.15239018146616762,0.007656504425389182,0.008497725298279715,0.32140836857707333,0.2979149322350196,1.4244766520319116,96.51470517310862,5.96160882829007,0.9352379633329121,0.860102142506792,0.981157864117059,0.473830277622463,0.2315153712956133,0.8951212283115844,0.8855070643299011,0.8969249098894457,0.7088134817154665,0.15885961290377026,4.242810384755095
210,0.32146727741676473,0.005655931049342502,-0.00020410311854676937,0.265126689718416,0.2149552178893322,0.7265448365880673,96.53029041846979,7.401974513985052,0.8937415093097151,0.8615145829654856,1.007614585728824,0.48491829393486535,0.36987587329512955,0.9341675140543543,0.9147847278125336,0.9042217207232666,0.6789185758430576,0.20209238845671873,3.892998363020702
211,0.30258666708261883,0.003233996716435949,0.008652785140664636,0.1659761375606571,0.586213451968409,1.2767248330640355,96.37109347479948,7.613160988359451,0.8916949962195494,0.9170582386334902,0.9909194231413917,0.6108410747695573,0.6422057037625414,0.9486095564596347,0.8516164951411032,0.8678047139861458,0.5617469726289133,0.23641030284767914,3.7799214807720904
212,0.11246395200257972,-0.0009660240813741745,0.00034351218335093147,0.16220714226572353,0.13415577750554175,0.9132714406512865,96.4235788666232,5.364586532720469,0.8823363856444919,0.8796318131638918,0.9964328450731841,0.5713981816814713,0.34574011659248405,0.9168348161264248,0.7820534890795388,0.8490551240958975,0.6542286056333687,0.2328887593577491,3.8777403622684723
213,0.19355802676376843,0.0002756751407079843,0.0051673662887291435,0.1682607885773328,-0.053893486790262624,1.0682715958957663,96.46311981214363,4.316618879232234,0.880388664102209,0.890781553452872,1.00524638311763,0.47917232162711987,0.41929729435762597,0.9166955960848238,0.9220318919348911,0.9436885405068128,0.7467063538473873,0.288117133279856,3.9427881016941795
214,-0.11136566894887961,0.007605487687406787,0.011336495586812378,0.20565637290469352,0.46429860151212365,0.7511531830900097,96.51939383604083,7.431117747651816,0.9117974197825853,0.8608808090421275,0.9881077293008923,0.6447754146058654,0.3988372758918504,0.9313186630662247,0.802846711591628,0.9089266009088122,0.6527955826583344,0.36169899463664157,4.348648854525195
215,0.1391570748152388,0.0030541415319978492,0.0036025303346800845,0.13983149822804636,-0.059586781045815884,0.9388049008231555,96.52830156842738,7.48219312784045,0.9185037742241645,0.8964451094061007,0.9933098760407114,0.46781044611925165,0.360996676595709,0.9253698820972323,0.821264516871056,0.889903692774368,0.6099680183826754,0.41948006520024983,4.025852172252362
216,0.1608936054562868,0.007489291392347473,0.009727709173035556,0.1419666277208337,0.08762972251153797,0.9117642065832201,96.51091402385748,5.983644579427856,0.9209283393726252,0.8881682742740531,0.9939687972864186,0.6136807900320804,0.2502156795600692,0.9138896954298158,0.9281772161113565,0.8725808804715915,0.6468984831803359,0.2567231081553204,4.082298803313934
217,0.14845564935527933,0.002654483965951397,0.0026286855303721537,0.10065671075579569,0.4276762097855611,0.9721490803403838,96.42721758678236,7.035844339178895,0.9094247360220452,0.8583404134111795,0.9962139742517941,0.6004667940425986,0.18681117593072313,0.9376388046140733,0.8581314423620654,0.8961603047599748,0.6710194615967873,0.239950779602365,3.867503325861478
218,0.05519019847779012,0.0018261554671512746,0.0026244934189546725,-0.05379279465348788,0.3416795826895449,0.8497761739045396,96.47589169193363,9.264602883083663,0.9001467539046765,0.8572817343005369,0.9921000631801983,0.5829805848870812,0.42588003873396435,0.9418523336457137,0.7110105495069519,0.9153046929483749,0.661999728464685,0.275399551831918,3.613148917162917
219,0.4228413464335773,0.0036075593206547447,0.008466025989061904,0.16916538807522505,0.14144852382791398,1.4300625694327014,96.52000019617189,4.100778795537522,0.9127365156689656,0.9108015178096652,0.9995747266501983,0.6221343668436016,0.10402762661926124,0.9100806641977955,0.8768887989932145,0.8769458861338439,0.5881103424940962,0.3512006118415015,4.070439276993209
220,0.22215766138925513,0.0025715942377287095,0.012057670361841879,0.28259128362192193,0.1922058195001068,0.7559419499745941,96.47227227013657,8.32630873869452,0.9306675228302419,0.9067088674247398,0.9921945730228044,0.6476977935768754,0.36331892689925094,0.8724026411077077,0.8718936756091743,0.8610529139101979,0.6128447620204471,0.2620052827502494,4.226233065535515
221,0.31223269362929074,-0.0003835752636640187,0.0034755223389437494,0.2980755627349903,0.14283472152762594,0.7349069868308596,96.46330048956276,6.09973642778664,0.9126201686743202,0.8617013346546198,0.9861574098834693,0.523387032452863,0.33795474975047435,0.922099350536546,0.8733211331244333,0.9218492936583054,0.6838869593268241,0.3029298392399225,3.852449298462385
222,0.2515193152917498,0.0023425135213225807,0.01735699714527815,0.3158129798311925,0.234336416786243,0.9686702721908435,96.51696280178847,6.685193547775096,0.8952201168707363,0.8657809947409972,0.9866920779878529,0.6466960399962597,0.4229204338624325,0.8813279121283566,0.9780584968965972,0.9281236983062676,0.6157964247027092,0.36962341915275404,3.946725951361456
223,0.14042411437035335,0.00515378087457236,0.0007375209066475307,0.22130210198378908,0.4354784286078562,1.3571778996626112,96.46718253689627,4.904802326531822,0.8899558650498809,0.8952195314469522,0.9863414139245965,0.6270219666504355,0.2737817042600531,0.9211600451477712,0.9955333261723501,0.9173328006401797,0.7067886668148939,0.29560044523061624,3.9391177991988022
224,0.07428330102634981,0.002566348065056804,0.008257196630424325,0.1915384888367862,0.3042175450981772,0.9963673740906585,96.41292365356377,8.261546468173474,0.9026360676722025,0.8876811451152596,0.9975874067984871,0.5977569993115373,0.5631526565673544,0.897993816765844,0.9618293307326329,0.8842778030166949,0.6696459040998916,0.2995710443186448,4.023487659429493
225,0.13497522141746637,0.0022081893354863706,0.009372521916098508,-0.019335295680127235,-0.009333746603998161,0.7905652233433365,96.52679797430166,7.800330205195562,0.8900118904175205,0.9258696573346711,1.0042231503753634,0.6226314563541253,0.4172996541319855,0.9237734034850642,0.800253351896649,0.8571517673166203,0.628149141304679,0.36540951448621617,3.9200896249100636
226,0.06982596374154623,0.007281404785286452,0.006754620021031554,0.1274440076292382,0.4332684514979444,0.9979232034850075,96.46036350259955,6.455766560376863,0.895369324903905,0.8862398982458489,0.992620773751111,0.5994835203987817,0.44070961813921394,0.9461848145569474,0.8236460292931679,0.9072795322298444,0.5777272012460659,0.40369353529962465,3.7452169879085533
227,0.1957768267871563,0.0055746081373957024,0.006925271779381079,0.20136405586536654,0.43715623583466157,0.9503361254155542,96.52897701110105,7.868411698759328,0.9284731404715973,0.9321402869390599,0.9897915277733302,0.5302555309876107,0.42444892470645207,0.8882217303798906,1.0156274949917634,0.8963069705796571,0.6199790553583098,0.3650718254265259,3.6906373648411557
228,0.0238207069649215,0.004146340245202689,0.005116427092171232,0.2017639266014225,0.5797845001616928,0.9001532557907698,96.51621771719938,8.1230831073705,0.9025363180950214,0.9033508260668456,0.9876295741101478,0.6208171075481752,0.446628002450082,0.9394339618031032,0.8326202097725474,0.8577287290505738,0.5910804004951826,0.36747498115484845,3.8194356280561346
229,0.07280853175003145,0.0029949016998320954,0.01067484436164314,0.22376105095165286,0.3407397683362254,0.5837069363352289,96.41466022646678,8.808475175046244,0.9389083345359822,0.8525509854233817,0.9931800658926068,0.5453637493103161,0.49233099334216546,0.9392660799720631,0.8636045316794372,0.9432634681264442,0.6155498027837212,0.3018028036830725,3.693347691401268
230,0.2564560836808279,0.0022625190060396472,0.011821798175929155,0.18151384897800726,0.30774411445165983,1.1706307442615438,96.51106701232229,7.277228803973218,0.9327733083728095,0.8598935013172305,0.9886394804780381,0.5716440565852624,0.3323175315056068,0.9242919286959307,0.9529915856909952,0.8859366685012393,0.6648400526262909,0.364136929065889,3.7949779291908
231,-0.02170138711200073,0.004805376701356356,0.0046769482744114365,0.07973764608944323,0.18040591882001872,0.8306189588352246,96.50478693373246,7.220525410326731,0.9350644253795994,0.8936605919216072,0.9945659455613625,0.5637222604055335,0.49515486781919127,0.9513119053484141,0.9024884978794987,0.948211884540486,0.6181887569548965,0.3618400408958742,3.649598200637627
232,0.11926237415112395,0.0011528986017722742,0.007897532274022871,0.21227514589470878,-0.108187718963138,1.13328824228616,96.43140812822315,6.683005308990421,0.8829144410220018,0.8563955638895248,0.991219547370793,0.6565442373940249,0.3731491504618839,0.9331979793076225,0.9203679625813848,0.9176315823939756,0.6489071356854419,0.2500399907310972,3.9805150415152633
233,-0.044743708883058286,0.007490394487478144,-0.0020163240745823185,-0.025258439792945286,0.43168952545199735,0.66468062502795,96.51990957777592,8.272227734706783,0.9221658911303766,0.8787052888010906,1.0030063442073136,0.5801248923204329,0.3111640452042571,0.9399895725987018,0.9596413298193588,0.9124004805799677,0.64087228302068,0.22006591983392604,4.234290414854067
234,0.2757859923588957,0.0021177853011151724,0.015908710165217128,0.24850218514015832,0.36274034362851704,1.0049247170482707,96.50667677478668,6.742114232575422,0.9039779780721597,0.9383296137005519,0.9833273042810031,0.5960752448430182,0.2701524336641524,0.8589360185028403,0.7256394057536512,0.9381905761664069,0.6976320098301001,0.35998234321167627,4.165326739909294
235,-0.013153335429629404,0.005199459672156535,0.003916439608571417,0.2324152465667923,0.17672472409751755,1.3270667241120475,96.53300169850229,5.355115217931898,0.928475304162969,0.86697979983824,0.9945344271236031,0.5520875945466731,0.5342608530591492,0.9199913328941532,0.7772756780227892,0.9403017244037035,0.549101076167336,0.2454440141569328,3.787400147592043
236,0.03240191028361919,0.002867642275936387,-0.002759477019245278,0.19304458798562324,0.33275712703124466,0.763037944082061,96.49366296625436,7.485496304580881,0.9148130981008596,0.8740263606792644,0.9956733087293677,0.6351996979783463,0.47663779905348896,0.9512792776454336,0.9218050935208424,0.9506619509576559,0.6814708548763678,0.40398761659385796,4.289207863274141
237,0.1621665523102346,0.0011123424433822737,0.00539078764593677,0.12775740613282735,0.28034200232726986,0.6809012672912901,96.44259055016038,7.500449581200426,0.925271857712659,0.940705540608637,0.9904551739943069,0.6635886591422306,0.455093161070408,0.9374398545264541,0.8837929962168801,0.9464532785509654,0.6784853688634968,0.27976959811403895,3.815276884853076
238,0.21743154232571643,0.003745993869720139,-0.0007484114058059306,-0.030016513747796653,0.19329553318590345,1.1740744318950391,96.51218687669717,4.2792429842095085,0.8897380998829525,0.8842354725733802,0.9907740774148731,0.6573412925697915,0.48569482802591246,0.9119321051897314,0.8136784153976795,0.8878549041275576,0.6232940057391422,0.323487150253783,3.9994924243194534
239,0.20383085188900196,0.0020789376695476564,0.007463348857549581,0.10013269762990457,0.2074296926644554,0.8838927327412085,96.52321407267834,6.233850574596136,0.8869278826715616,0.9003042958842776,1.0003559528315764,0.53694884749492,0.45757581928919694,0.9431560610051006,0.8940579477953877,0.9144297315289012,0.6977864725514571,0.30014542887844253,3.8208245973955357
240,0.35106094695586476,0.0051342517612052024,0.011763419327115134,-0.06992154041292345,0.27784493456111625,1.2445464452766375,96.52253723157264,6.483306700323776,0.9119061414047458,0.9055751880355356,0.9951458406932263,0.5786219659270441,0.618337390315643,0.9058274637025271,0.7883175439610949,0.86782063065918,0.657840810958936,0.4777778251216048,3.4827392154496644
241,0.041601937359271396,0.0037884387888059974,0.012498127896734854,0.05028098380685063,0.06093701494934223,1.0676020963518569,96.46840980085157,8.632706522950619,0.8753740415956053,0.8949222520023179,0.9953809795470417,0.6862137420287934,0.13020561542609532,0.9129222396548768,0.9309776186357533,0.9084904608005352,0.5849714199122023,0.2894051390911216,4.042830978858671
242,0.13229056759540636,0.005242882866088275,0.009668256403781272,0.1879305674143615,0.21827690148331075,0.7417772251252155,96.49724239289516,5.002486280768264,0.8835510863140774,0.9098597454602644,0.9982150863069221,0.5579946234129245,0.43530786087685525,0.8865006306506913,0.8581265805521272,0.9564311394996321,0.6342145411781835,0.2523972228225227,4.096401311193447
243,0.11294919177040588,0.005704393585609146,0.009883761413788997,0.28594989332668624,0.12180120453863669,1.171448082650815,96.51598921340461,5.617099622845528,0.8947967901895728,0.8944413057829842,0.9852755494506882,0.6705926862523567,0.3859571803208326,0.8964438071037708,0.8977666899612314,0.8990038020739892,0.583900883016253,0.2813340427171366,4.270285605224302
244,0.03359830152283705,0.0020855964769501477,0.01126806453513236,0.19411617075358129,0.06102479116294987,0.7844221595935942,96.50160913677256,6.6894150347161485,0.9023573090050859,0.9060179899930394,0.9975370203218329,0.51937432817187,0.4046098126212123,0.9051706585850645,0.9916334877164885,0.9458828632888383,0.6237457410205183,0.44364435535805125,4.147591859658541
245,0.14832598659586232,0.0009465343977606237,0.014163155494570628,0.019328153946772342,0.5016665415667461,0.7723091869217725,96.51603256479774,3.995986632147091,0.913975339785196,0.8476615655188746,0.9854730300829722,0.5502008287029887,0.4628632445194194,0.8959205768667455,0.9123243741148791,0.9594532608423229,0.6229936011319603,0.26637109108139495,3.9698325374987853
246,0.41793303082328115,0.0024730706419935837,0.016026424870910695,0.16631117833197565,0.10908395202677476,0.9683916503317858,96.5286928497112,5.087351964318891,0.888222771476808,0.8326565725213056,0.984422629039588,0.6417653632714513,0.13469390299014533,0.8927358253008547,0.7880949261299282,0.8498613804519143,0.6451368867737599,0.2732343651767284,4.02407276204084
247,0.08935444115040493,0.0029796409622478703,0.0030084196371450113,0.16440483910973536,0.4038366545753734,0.9014742118318008,96.51213513471181,6.723161785991644,0.9006452634440358,0.882183106732099,1.0037208034787284,0.6567615675971994,0.500350705543482,0.899262786107077,0.8388662695036023,0.9542072053225266,0.6479192328322858,0.27909778912446215,3.656565855887864
248,0.23956418971227067,0.00410092592691179,0.014288351235430508,0.22430561634968743,0.21061863511957,1.069152548804666,96.52845483657859,8.356038237639662,0.9344602849846526,0.8879814012564075,1.0040141669062044,0.6146701716814204,0.4436552245190365,0.9120053365142661,1.003111812244319,0.8548349546136601,0.6732413433963778,0.32414476515479146,3.819550503966695
249,0.044079706541766156,0.003971233422933972,0.01121187739760641,0.18036551610763316,0.4967574370256953,1.0544544573196244,96.46805348036865,5.529552329697886,0.9379018713623067,0.8767113526376686,1.0030532107959946,0.5685069935355571,0.4055508947998562,0.9393665528759213,0.831404050963105,0.8612590875729631,0.6173806093940704,0.3227550944722721,3.9798742358493326
