,AS%,SrAc%,HAc%,MAc%,SlAc%,N%,MAl%,SlAl%,Zn %,Fe %,Cu %,Mn %,B %,S %,N,OC,P,K,sesamum
0,1.2999999999999998,0.0,0.02,0.17,1.07,1.63,83.05,12.76,0.86,0.8,0.98,0.35,0.010000000000000009,0.96,1.0,0.91,0.82,0.57,0.26
1,0.9,0.01,0.04,1.29,1.7,0.4,83.11,12.55,0.94,0.87,0.99,0.67,0.44,0.95,0.56,0.61,0.84,0.75,0.3191803469100001
2,0.03,0.0,0.0,0.010000000000000009,0.030000000000000027,1.7800000000000002,89.27,8.88,0.97,0.83,1.0,0.87,0.0,0.96,0.94,0.9,0.64,0.13,0.41782931771
3,0.0,0.0,0.0,0.010000000000000009,0.0,0.020000000000000018,99.65,0.3200000000000003,0.99,0.92,1.0,0.58,0.0,1.0,1.0,0.93,0.55,0.12,0.3226545330600002
4,0.53,0.02,0.01,0.010000000000000009,0.0,0.63,96.78,2.04,0.79,0.72,0.99,0.65,0.10999999999999999,0.93,1.0,0.81,0.55,0.32,0.3037339886000003
5,0.0,0.0,0.0,0.0,0.0,0.4,95.96,3.63,0.84,0.81,1.0,0.53,0.0,0.99,1.0,0.92,0.62,0.24,0.3
6,0.03,0.0,0.0,0.0,0.0,0.99,93.21,5.77,0.97,0.97,1.0,0.61,1.0,0.95,1.0,0.91,0.58,0.11000000000000001,0.35
7,0.01999999999999999,0.01,0.01,0.28,0.15,2.72,90.04,6.78,0.94,0.97,1.0,0.55,0.7,0.95,0.48,0.98,0.59,0.38,0.4
8,0.0,0.0,0.0,0.0,0.0,0.51,98.65,0.8399999999999999,0.84,0.93,1.0,0.51,0.0,0.86,1.0,0.91,0.56,0.49,0.175
9,0.0,0.0,0.0,0.0,0.010000000000000009,0.22999999999999998,90.49,9.27,0.97,0.97,1.0,0.78,0.0,0.85,1.0,0.96,0.82,0.47,0.5
10,0.2,0.0,0.01,0.11,0.17,0.20999999999999996,86.67,12.64,0.88,0.93,0.98,0.47,0.0,0.78,1.0,0.79,0.64,0.13,0.3308707214800001
11,0.0,0.0,0.0,0.030000000000000013,2.21,0.59,90.74,6.42,0.89,0.87,1.0,0.31,1.0,0.83,1.0,0.9,0.81,0.79,0.3102376831600001
12,0.010000000000000009,0.0,0.0,0.13,0.3,0.74,95.03,3.79,0.94,0.89,1.0,0.72,0.33,0.95,0.6,0.93,0.69,0.09000000000000002,0.3
13,0.5,0.0,0.0,0.24,0.37,0.57,87.17,11.15,0.91,0.89,0.99,0.35,0.02999999999999997,0.9,1.0,0.98,0.78,0.39,0.3387852213600001
14,0.04000000000000001,0.03,0.06,0.7,0.16,0.31000000000000005,92.87,5.84,0.89,0.88,1.0,0.47,1.0,0.96,1.0,0.87,0.61,0.08000000000000002,0.5
15,0.03,0.0,0.0,0.010000000000000009,0.010000000000000009,1.36,86.55,12.05,0.94,0.9,1.0,0.7,1.0,0.91,0.94,0.97,0.91,0.24,0.37979997163
16,0.03,0.0,0.0,0.0,0.0,1.0,94.25,4.71,0.91,0.99,1.0,0.65,0.67,0.99,1.0,0.98,0.61,0.22,0.4
17,0.08,0.01,0.01,0.030000000000000013,0.0,0.17000000000000015,93.88,5.82,0.92,0.91,1.0,0.61,0.59,0.95,1.0,0.93,0.59,0.34,0.3616308889300002
18,0.010000000000000009,0.0,0.0,0.0,0.0,1.5,96.66,1.83,0.96,0.68,0.92,0.87,1.0,0.7,1.0,0.92,0.65,0.51,0.3
19,0.0,0.0,0.0,0.09,0.12,2.32,95.76,1.71,0.86,0.91,1.0,0.63,0.10999999999999999,0.83,0.07999999999999996,0.93,0.32,0.36,0.3172927601300002
20,0.01999999999999999,0.0,0.0,0.0,0.010000000000000009,1.44,91.96,6.57,0.96,0.91,1.0,0.67,0.010000000000000009,0.96,1.0,0.95,0.55,0.06,0.3597688025399999
21,0.0,0.0,0.0,0.0,0.0,1.12,88.83,10.05,0.91,0.97,1.0,0.52,1.0,0.82,1.0,0.93,0.59,0.3,0.367
0,0.05411338119957251,0.003935430332750601,0.011806627155820402,0.31671782029918333,0.3939812841782824,1.2570011296155466,96.50425385144011,5.3847673313135465,0.9328564309568539,0.9141263824120122,0.994341315339633,0.6231165829415122,0.43118280861973085,0.9049906655177616,0.8506297592625788,0.8732919754420211,0.6079389718442378,0.21113891362954101,0.3654376734749823
1,0.1498676649563695,0.0036879499555931604,0.004668284547330492,0.204834538753453,0.44045528851573146,0.8892333177177869,96.37340871887922,8.580114010294542,0.8953564046638692,0.8685649718025241,0.9959499852708344,0.6656086983672453,0.1806763059048135,0.9413262479045265,0.9696556543784716,0.9008072993307034,0.6444761369647878,0.2695304022749019,0.36558959383836065
2,0.14279376401164734,0.0035402412961337373,0.009970883972714856,0.23442553173172964,0.3958406793332589,0.5531785231037123,96.53285849906175,7.9004981270264745,0.8982156841188076,0.8761430007068702,1.0006134505633701,0.5231307990225024,0.2812669426659731,0.9041877487427004,0.799208041247505,0.9207254652009071,0.6095989131744511,0.45161334086605687,0.3871731608039564
3,0.2328261705374691,0.004621670596051856,0.00955298668183168,0.05375943897670214,0.13560674384106197,1.1479136314630545,96.50929380049992,7.064170785783063,0.9061516258290122,0.8849464382437611,0.9908698181060377,0.6307564437098154,0.37952616231213626,0.8912622203903308,0.8612006624609614,0.9093811586031603,0.7591139686068191,0.28680126512866,0.3682319708383631
4,0.07545661033695837,0.002725487420597744,0.014535105091502326,0.3261392196669598,0.5687395688632858,0.7210573485919687,96.46917054787946,7.217120687741242,0.9051431630206785,0.8904525724533215,0.9890455954694024,0.5985080899379724,0.3242676200935683,0.9218671566253813,0.813207293107209,0.9185472905451438,0.5942329468867884,0.24266844379864888,0.380170442339929
5,0.20021834424550347,0.007889331853349425,-0.0015192262253762205,0.06594798581632828,0.18179809884446668,1.1892160290973701,96.44999636653965,8.003443451851469,0.9138096020708327,0.8885812198625678,0.9953170149389682,0.6036359727051394,0.3699296747076969,0.9402058529626979,0.8650569973984712,0.9045857382545857,0.6208610997809338,0.281444279447818,0.319225701046647
6,0.017121225549178692,0.0019877631392282097,0.014100292818742591,0.16998848337838318,0.4446094148123978,1.1314607312902945,96.51679275245282,9.472025258253364,0.9068223140499053,0.8996532995342704,1.0007905393985643,0.6244179338540744,0.2964344914145334,0.9153622566483471,0.9891788545334036,0.9307737987847875,0.6023037798861225,0.1689530369808172,0.3930212578972833
7,0.21129636671953578,0.006719381345737125,0.012405469073286244,0.29775587874032594,-0.10268178225561242,0.3909431060974202,96.52823164682555,6.364133636457886,0.9222450933780518,0.8635859720507357,0.9914937271471143,0.5383188349445728,0.14667726965957334,0.9429708581801027,0.9344478466267081,0.8714811194953764,0.6713247925291009,0.20934514774855298,0.3045880186727684
8,0.21420287738055235,0.008275687158037412,0.008030316803910888,0.22352208067971707,0.3624381520336684,0.833316138735913,96.50371993008855,7.356170616583016,0.8978168560576162,0.8773565892165833,0.9861050857673689,0.6012127531421962,0.625384762736507,0.8744350499659852,0.9043709989339982,0.9260825098525585,0.59659445884218,0.2882691338297735,0.3551976184608555
9,0.33112724271961935,0.0010232571582985857,0.005564790911206709,-0.0791777108630338,0.5886602316481293,1.0366375882782117,96.52812564567718,3.0530882283861867,0.9083417345876569,0.8953516559737724,0.9816215419693151,0.5128236221819698,0.10190466660146558,0.882725482423791,0.9561872361534202,0.8725133107471266,0.5590001712368022,0.2669272940189218,0.3593147233975492
10,-0.02804469207136487,0.0043154167513432375,0.021161168428415807,-0.08152896646535956,0.3365959139126983,1.2749175099412355,96.47071973088957,5.807537198973704,0.9140690822362206,0.8609528891404479,0.9881294918915288,0.5362503248655187,0.5067674800102859,0.9332607563076957,0.9420070217043356,0.8645369964050942,0.6914170040916437,0.4705139646484545,0.34015388398093077
11,0.15748586847554394,0.00677067009267239,0.0037305952906475834,0.291551713947347,0.586911797538626,0.717584471847256,96.43388503104632,7.885746549399109,0.8959279612287401,0.9006276856986283,1.0048512972830488,0.6404155189077149,0.7452773446537541,0.8948238045211111,1.0334290049096315,0.8673328100905372,0.6822461000634187,0.3228055087725834,0.38037900559148946
12,0.07834949787469339,0.0025316679824242054,0.0016970431535739943,0.11112511168942127,0.3523629865944258,0.5824144147944044,96.44664656243924,5.285001838633646,0.8874387738496713,0.9095004945526043,0.9914595249583391,0.5601371820428419,0.2445306829781872,0.8701422513962145,0.8673090856434121,0.9049987080294138,0.689874802329045,0.22097705429097447,0.37610276581232704
13,0.11607579528972983,0.006381289982543962,0.006803157341043621,0.13072500694581407,0.6699757826966237,0.9019185046164886,96.49246255219417,3.407306052236938,0.9334372242242325,0.8461198881223044,0.9985668646960513,0.5520678536897553,0.45552770920495866,0.9182429010820446,0.9840177492807601,0.9013038499496523,0.666294200793005,0.319711295912671,0.3138328843643011
14,0.21238796783557462,0.007545177937672953,0.004466351775053613,0.15568250976224568,0.18221566511103826,0.8302771173425868,96.52794133233476,8.687128556276077,0.9123031551205684,0.8408778943781073,0.9813179114604296,0.5610833986453818,0.30188720621759774,0.8831854146849736,0.9438610098211261,0.8836354228551214,0.7167754512656347,0.3325470815406974,0.3415903880001306
15,0.12984992600562167,0.00033436271940281504,0.009207735393794263,0.25113737108028356,0.37992634840464146,0.7458559977130045,96.50144384210583,5.6912223978412175,0.9179359898029241,0.8788718167013759,0.9994058395465338,0.5732056722570247,0.49265253787451985,0.9594112800954027,0.7992176716468369,0.8809470278309486,0.6211651902002711,0.5123897082948258,0.3502866957741094
16,0.07401818975280376,0.0044091728372199325,0.004671239015755856,0.1071095972275021,0.47516549882638787,1.1573624864743213,96.50997427752891,7.45135752397482,0.9159758162013206,0.9165161967681755,1.0022932688145307,0.5771823725232199,0.4072586864042834,0.8878590059316633,0.8430588742503952,0.9208671170127671,0.6716463454015041,0.25396222060948664,0.38136107172940864
17,0.1800423083949099,0.002537720652229297,0.004066171118597162,0.06860228721623365,0.44481499407843617,0.7094978114221214,96.49705500300226,7.545671028105382,0.91983927596529,0.8741531384556149,0.9884583111898123,0.5449245242827475,0.17719200183828046,0.8934035746804594,0.8392793655905038,0.8808047912951443,0.6061559200214275,0.3693591004006584,0.35128880961253167
18,-0.0448067743730477,0.006662242053296521,0.007411446801654001,0.3398211325251688,0.14574996597904183,1.0828676120419136,96.53591910741699,7.354733715627022,0.9103024489186402,0.861475312229906,0.985716369228958,0.4904756253617153,0.5585497371071282,0.8653522911030338,0.9362938249474795,0.8972082439675376,0.7682775764339222,0.26445536847255907,0.3215202787820684
19,0.27676706086929603,0.008607873620995035,0.01082387349287599,0.03102202295493435,0.0600935337496786,1.0412100549772627,96.48682771014602,7.168890165568391,0.9323900858195577,0.8678692850804754,0.9968885622211836,0.6567783889043075,0.43563689233717207,0.9124359511250882,0.8686469402883428,0.9381072067136965,0.7072953081930152,0.3644732273525822,0.3777389204010255
20,0.39809668406447823,0.00346760928788537,0.009620454167498651,0.09325458226036973,-0.018741027584309122,1.2059035456770468,96.48266457797314,8.57253652248868,0.9274023500415002,0.8669849717808422,0.9807441639633891,0.5485447027748468,0.5638267767236698,0.933798804766441,0.9566395063814608,0.883572886629277,0.6760819871141263,0.24704092158951524,0.31150832426664005
21,0.0723468015424871,0.005106710266472416,0.007735454777651285,0.013650565120545716,0.23058362914638292,0.9204575918416635,96.09921731040973,6.8342132107477935,0.8970923831587709,0.883804362299368,0.9932489523001687,0.5271382924042218,0.5318197792115624,0.8949560232981395,0.811354893325081,0.8928606843968864,0.6496641791977442,0.3522507798436024,0.3076810173585571
22,0.2960988327996513,0.0028385171996700214,0.008563231618434326,0.1408991375386396,0.13990687431209958,0.7621717155543203,96.49178039704672,8.510381745813696,0.895080961180528,0.9354337382713298,1.0015021283256456,0.6041823273589889,0.4383195050566773,0.9068049077954833,0.9464857346439364,0.9262324184537821,0.6251925840544172,0.2460407214046669,0.36924076617067525
23,0.0639330669321113,0.0015939437065138565,0.00792795628858436,0.16269353252744323,0.3794753786092848,1.1853057917114138,96.51810420201672,6.5529708777705435,0.897094017535086,0.88499921051683,1.0047503861512388,0.628796101595384,0.30179159795405663,0.9084869444220973,0.7715669522666654,0.9024129348364295,0.6153798386122112,0.2965743785578151,0.3237968525081002
24,0.21575041022229036,0.004437530005858537,0.007344394459505296,0.13906888515284171,0.2538069827520061,0.809745044286591,96.48213289411284,4.531601303207574,0.9226513705426563,0.8620599147741238,0.9906304361515791,0.631611148695757,0.3270995618805691,0.9288951325192241,0.9706706970338854,0.9112220029700115,0.6510492355831552,0.26313557177831287,0.3434915183137315
25,0.3439682887623643,0.0014797444183602608,0.013957800830505565,0.2196409667272488,0.2920169953903844,0.8350512355775833,96.51247411463748,5.814517037709374,0.9198321371766981,0.8795713646033051,1.0002504059157102,0.5267207289900249,0.4474106475940632,0.9364418552416882,0.93691948538836,0.9316884970689769,0.7004316193634106,0.47072289938194034,0.37498903221217594
26,0.10370531208490795,0.0040086325068241615,0.0023029965997838726,0.1283365248413481,0.45146223426774085,1.0168737470971,96.41165387727456,7.5610565860534065,0.908523767892857,0.8678360514383001,1.0016669140401417,0.5697801115879623,0.39577786546630583,0.8747568180607342,1.0002552049023772,0.9249866214542996,0.639251282881411,0.39915211453093696,0.37156016540509657
27,0.177384612549848,0.003707535875977116,0.016391750488575975,0.1967706613262743,0.6270587091185302,1.2444757552645194,96.48200004306936,5.6586817683911415,0.888178021138955,0.8567118369496759,0.9979743997694489,0.6172478471798087,0.6698968903473632,0.8723560619288866,0.844189026351285,0.899440185817243,0.5753299029723317,0.2922393750672219,0.3010061006187649
28,0.0277769515648964,0.004623559069973569,-0.001690824646063723,0.20120032231354565,0.17786819894160824,1.0961699923112636,96.24880534787036,6.633796015360962,0.9011856337563048,0.9071729520919712,0.9941743179840022,0.5510870476530532,0.5251435417416843,0.9086236149167707,0.8981974455150387,0.8621099291297339,0.589214029866416,0.22673983627904043,0.36165205153524227
29,0.019190647211247996,0.004694867652309911,0.00647775529239228,0.26250923197096154,-0.08312154788908438,1.0374111430006567,96.38250356147226,9.831869581759868,0.911606577038146,0.8771436447906359,0.9890946739609198,0.4890320661607425,0.32429921222112046,0.9094294816156003,0.9322358450086211,0.8901815901379527,0.6413908333233745,0.3945007945674862,0.3504714444851212
30,0.34468434781628343,-0.0006348023560521642,0.012516499647505112,0.17204434116868705,0.4110892705771463,0.6765238743003049,96.53259391572043,4.9531284604454875,0.9101991498738631,0.8776763376941683,0.9940743141065884,0.5738523412413145,0.4122621365598687,0.8924121612720135,0.9439608275118925,0.8552589282002833,0.597681842896759,0.31006750972224845,0.3771622170022852
31,-0.035763728848034276,0.0001921538034612984,0.004894263277934402,-0.003969015345409527,0.35135079054315244,0.9864161050186706,96.51213569408463,8.00287971194838,0.896874860981503,0.8746091416662458,1.0003462159578274,0.6329625951963471,0.36687301867845373,0.9153346843828447,0.836666526387122,0.8823392604150604,0.612222103899133,0.22728906972491897,0.32621941321420145
32,0.20946473117622416,0.004782966904939444,0.006962360986517102,0.1320270179335229,0.008806966298362584,0.6615271840496589,96.48748357477116,9.088954608531253,0.9035222904304178,0.9098246985568192,0.9907209781383135,0.49102541365019015,0.32187091967518877,0.9177967387093798,0.840719752078209,0.8894592684677923,0.6482830904225175,0.186167106290973,0.3927317045000278
33,0.04940484085228611,0.0038942703603690905,0.0006970940999625553,0.033104680223487934,0.13694607556565708,0.6872832100535159,96.52073549173673,6.565016833115038,0.8995085980526732,0.9073036538605207,1.0010812899961874,0.5438947502550414,0.13502719703391025,0.8848030525713789,0.8958382468644241,0.9211369390950458,0.6053533577462262,0.35128970882262717,0.3511713254041806
34,0.1479587731696502,0.0025865974374245987,-0.0005094633163706778,0.016960872706864624,0.18085525787796586,0.6019891650615583,96.50385613736891,8.02798605927152,0.9327724648736696,0.8881169388327699,0.9875062581717098,0.5316315699499495,0.2732600569071348,0.8888123370556312,0.9700896964046496,0.8744506278648277,0.6584305270100597,0.2594826705601412,0.3647084080920283
35,0.13888469889411326,0.007595841252258106,0.007667965243712484,0.015631960898341235,0.22909862116743915,0.9557524108590812,96.4706939997401,6.431636130993367,0.939799679423378,0.8642069986288532,0.9933023480193381,0.5430824600910261,0.29488377516377606,0.8897011901762338,0.8548737966521175,0.9321838167222056,0.6389197324668285,0.228011434094273,0.3473313232821764
36,0.2589140494442026,0.0008000618120734214,0.011559876917926527,0.054626552985899704,0.5610860396144657,0.42600647726275753,96.43763394764996,6.711183077521062,0.9019219930283501,0.868871393994914,0.9984989546730273,0.5756770474439774,0.42793634187761376,0.898908146065696,0.7726421580273615,0.9130791355532365,0.5996982342180167,0.25467005843301943,0.33229504429150936
37,0.055969017570504015,0.004666535660970578,0.010418321425129246,-0.03435300263303878,0.18670393304799504,1.0224904872472813,96.52812788316844,6.342744778372698,0.9311237862181857,0.8794516863966518,0.9961083163744038,0.5527995715101048,0.40251552025049425,0.9277626309823421,0.8649665483724308,0.9410015366383574,0.6929601903253406,0.24973013275801154,0.39356009922907853
38,0.16308663494419576,0.006435266817954652,0.007122079883143067,0.21286752246276366,0.35796124608235835,0.7111974658885699,96.51802449139063,4.933609738340098,0.9053276386041222,0.8704853351862077,0.9936620559620425,0.5268818013665251,0.6129649229988532,0.9458671098411399,0.9807209186734563,0.9415765566015459,0.704253614040979,0.28709358373531946,0.40568584461663226
39,0.1160486457693784,0.003977364271782828,0.006607042287959523,0.07949724801337214,0.6155252124373147,0.9320461112132574,96.52322581950745,7.291007672921397,0.9439861281634893,0.9483338715138564,0.9990027608183861,0.6144206179640919,0.25019454075743275,0.9303155050770686,0.9248100470177936,0.9455351645044011,0.6107500457022709,0.47949076990213296,0.3315505570443594
40,0.3024978622386266,0.0035180758607008707,0.005799474977937893,0.18967220019615877,0.5371864130012254,1.176619207418515,96.52023401400841,5.454228806874241,0.9316966227349623,0.9094717146593518,0.9869763776383729,0.631710203235935,0.4946761429404487,0.9256271176544042,0.7417806434316832,0.9517553408792279,0.6640336249126552,0.23900030345882822,0.3645542409827821
41,0.20419474098804563,0.0073157261502299065,0.009640904561496308,0.23706420385608434,0.269464632067285,1.151973168231813,96.48332967224974,8.276291506175754,0.9073542799379464,0.8914456669112022,0.9898525223287195,0.5300281947731686,0.26527205290977285,0.917419388649628,0.9266533972362901,0.9125853629821106,0.6025943020707293,0.3363918766164749,0.33104945331794267
42,0.24344737547733775,-0.0008745989545713311,0.00908606997699275,0.23063759888951862,0.09389584873299567,0.9388284513132081,96.47984617804664,7.315318971380138,0.881802216985532,0.8859648871014022,0.9931214225021643,0.5549425346287343,0.4311154294924133,0.9268308246278619,0.7795425650291754,0.9194638380188072,0.6384714745914278,0.2270396119292304,0.3855899538824425
43,0.03200073068456161,0.003709305198918284,-0.0018274352860568254,0.1549240665113223,0.43225243119019174,0.44594659990353436,96.1893322708463,8.096510430778487,0.9238879867128298,0.8840154990934516,0.9942082012892461,0.522493898779565,0.4323795982461756,0.8956664602023763,0.8774282528391825,0.9147486119501078,0.7140337627718072,0.36821068444364413,0.3405078489213138
44,0.3325684632730583,0.003759991058363123,0.010600077201979174,0.16233359751809334,0.09419063997057828,0.7960475399550164,96.50479784150234,7.411299232177985,0.918811894012946,0.9206029842749952,1.008211507435514,0.5584531961072663,0.2797299234307129,0.8633011828115688,0.9881723451432206,0.8897091782634174,0.5915375007470789,0.3548467560906401,0.33654563747732025
45,0.19390970545130584,0.004301901600624817,0.012242315479914225,0.04558154440794128,-0.06387721571942956,0.5350762975028222,96.5254535217417,7.047686661649024,0.9098616391700983,0.9106900697944422,0.9886584617029216,0.6191021183437222,0.29942210455468965,0.9304485128597167,0.9629533553754221,0.8994104373774886,0.6764435539730957,0.25958894436911406,0.3685330498058727
46,0.12708082510994653,-0.0011616926392329489,0.0040682990594990125,0.02738610395993818,-0.019756126170917265,1.1671001600597393,96.5270516498731,7.6660627405090915,0.9283575810894371,0.8760880719269137,0.9885099700601708,0.6809833369086569,0.5287742697413055,0.895228085199148,0.77545315183978,0.8764295505275167,0.6580277810747366,0.3000708428164752,0.32810946081540737
47,0.16250284516655467,0.002274396102843357,0.005875468699924031,0.18562565914500878,0.25084318619616813,0.8493737417457147,96.51236447756581,6.483868706923458,0.9124802622263481,0.8554902416470614,0.9843275449580089,0.5588984907252288,0.5246664935220893,0.885172669215755,0.9109053225829535,0.8798866650668313,0.5811458565269033,0.32596249921131804,0.3156519931642674
48,0.17371637660859832,0.004239163476846119,0.0033705865854673526,0.07475719952271498,0.03730803756986112,1.326011848240979,96.53171122541895,6.369138447866052,0.9010602719855165,0.8665453590299248,0.9877623516121382,0.5339829916366505,0.5334257865220527,0.9148113137492313,0.7762273699745977,0.9588617784637522,0.6241326957218573,0.2958402519993048,0.3348449205967863
49,0.2946269754913886,0.0008383480133973835,0.00014340478184554466,0.16753293952069703,0.001422225115605913,1.430902281091801,96.4987999664975,7.477245114287181,0.8955581897782856,0.8978801326710011,0.999507440000643,0.5418384064733368,0.5460891416548124,0.8982494464645193,0.7189564822822433,0.9004645518180822,0.6703798114249278,0.25908335306735086,0.33609703400021473
50,0.1899728684566112,0.0004653503248309779,0.0045536009702074245,0.08747982618300335,0.5727299655789558,0.6621058165271801,96.51866385451775,5.936436055330659,0.9313933623524641,0.9199404186070037,0.9829779084242238,0.599299596104837,0.6033139310747424,0.9225993097489988,0.8090407578442365,0.8774222753493753,0.7166506576450313,0.22627099888839122,0.3163516216731237
51,0.12366681747072007,0.0018817265903302814,0.008196368557814056,0.1386430327167326,0.03535278341585585,1.1888227442304407,96.53083189135435,7.9928666982153365,0.9319959689719107,0.9314516980090013,0.9919111128459384,0.6023410054831442,0.6513539171978322,0.8722080073449493,0.7625317517700749,0.8874565585041438,0.6176726817236925,0.3612910543512693,0.34211812381945933
52,0.36502407814387494,0.009200574540847549,0.005599132168730187,0.2933942929319229,0.18158550031740484,1.2179139886205483,96.51508974191869,5.681476237142859,0.9132507755233992,0.8850608471783467,0.9856910495887059,0.673702097188268,0.1687284586145562,0.8927965868556904,0.7753775858322156,0.911903370818747,0.6928901261524344,0.30501687070334105,0.35640234741454185
53,0.37892249440544457,0.004239345776963971,0.01001060229493166,0.19029611457038248,0.11216227021914188,0.613211112525539,96.41600999306847,6.531149704296327,0.9240085033936045,0.883122850421383,0.9830481418350117,0.617143660830329,0.2525437465811151,0.8568323392310537,0.9159841320217982,0.9374078695672473,0.6105479909486775,0.3374001260953772,0.3486627520989902
54,0.3129035255429883,0.0059088937282673025,-0.0004486851633091959,0.22931201111712102,0.007317677633718822,0.5151324531962711,96.151317853737,6.674695140966795,0.9247719064862375,0.8802692704964177,0.9969527798948089,0.6247549475217404,0.2312365170846296,0.8969200102852555,0.9072966477417382,0.9131429392900478,0.6246988757683826,0.3189960715609241,0.363782105027768
55,0.4668400230405794,0.005417420846104773,0.004869413857968233,0.14034991618870823,0.5556066910168778,1.034036619929064,96.53311609024288,9.125748719129824,0.8763283780701426,0.8830358731373361,0.9878807669243916,0.4973066940024625,0.30574053006511526,0.9162071418506392,0.8591640212360689,0.8845332713443156,0.5948572762271844,0.22290375306782334,0.3301079949120478
56,0.08639593760520514,0.005447520542684971,0.010008887956995748,0.25524751022099423,0.20084990651006263,0.8033369741323748,96.51590782466008,7.311497226591365,0.9054472096372375,0.8840909106149285,0.9863823377908917,0.5661289546838337,0.577674472288704,0.9193389923301808,0.9879374795666638,0.9555836747236397,0.6614919388677529,0.3090780606814675,0.3158666292819271
57,0.11262651821922742,0.005533051240185149,0.004909907148672884,0.24839067228595546,0.7294056323818123,1.3772585368239558,96.37356981824983,7.320572833510259,0.9407576282410207,0.8809634112058347,0.9952016686026447,0.5997750906635365,0.4420625627704913,0.9093542120023751,0.9023639910860521,0.8727983344337825,0.6770884520110505,0.2444193613699963,0.3433901084240139
58,0.1266597148204378,0.00613329170231091,0.014875219245271163,0.3520240925295679,-0.07468333261437615,0.8351381213270966,96.37104928434712,7.354604921344115,0.9262475455493685,0.8933310595365628,0.9895570330982691,0.6177127809675828,0.39638355374681983,0.8948539735433443,0.9056003188708969,0.8837502626377848,0.7290056270185662,0.3668595062849851,0.34331998050061074
59,0.09222726054465123,0.003082801828260619,0.005523062465007276,-0.02829657277898273,0.20987262593093797,0.8152157306927266,96.53096725957549,4.84913788554454,0.9424881325038901,0.9361703916615575,0.9878835849283838,0.6226382626111121,0.3907650294453607,0.9125930789835768,0.7578129421472064,0.8825524385834086,0.6640243200729219,0.4107956160572218,0.3501671724346591
60,0.0736900129892683,0.0018402076943704975,0.001724260897139002,0.027079788175600736,0.5579451330113052,0.9028982304268477,96.51916561193246,8.581159744787168,0.9068871427626964,0.8872843715101876,0.9947763755867124,0.6675111375835926,0.694892421739119,0.8956361983559525,0.8342903060236154,0.8513595942509331,0.6823576450054344,0.21420440233906468,0.3038460903983475
61,0.19058857024781373,0.004839312406547427,0.010247317742440878,0.22246305538156746,0.5958503301407353,0.9354413161035644,96.52271986679662,8.369140618704135,0.9227845172688087,0.8264523462038109,0.997969479777338,0.5748833784488532,0.2613626383650828,0.9178787169734208,0.9857792518611528,0.9085987233524561,0.5433102028079158,0.39187955938255536,0.29704520138594437
62,0.0017655525464508048,0.0042431601966289745,0.012220375301149151,0.15724574697515104,0.439113989271001,0.5707635669875389,96.48353747925037,6.441288663031666,0.9195154930165633,0.8527418495416703,0.9942200283745373,0.5186496606575626,0.716269619511567,0.9097042328074546,0.8447046865496112,0.9393120036011087,0.7196131614182967,0.24816719143988375,0.354070236469677
63,0.39480408309341997,0.005081512378288583,0.013444461885064516,0.04435925398582592,0.49532375296163467,0.8600112308106062,96.51631253089145,8.42608646289541,0.9267753794524028,0.8374809046421927,0.9930150266872936,0.5642644131221763,0.2580477671540926,0.8982881773580289,0.7703433752531211,0.9561700553857962,0.6052743102745503,0.462485472808169,0.3322803063253011
64,0.018077654329876958,0.0022144254230931602,0.00013786535141709338,0.05122979343562696,0.23125471304121048,0.993761364182642,96.4915921680946,7.711029444796185,0.9154387695852038,0.8962702262823172,0.9923105989984636,0.6360988334506339,0.4535035140839837,0.8864039588974364,0.8078267753759685,0.8531722482237065,0.6998166623466537,0.24759815588679274,0.3482376990839583
65,0.26892100730418333,-0.0006459914302103776,0.010085828510921956,0.15956285463724987,0.41989862041577153,1.2287332605027972,96.39943465782542,5.615689546462795,0.8955384797571002,0.8610737281898553,1.0057236631778625,0.6499977209129074,0.2909260857330163,0.9361535131379584,0.801176306995682,0.8829739977474117,0.6838951328187228,0.38966397986488255,0.36423840688195164
66,0.16716551692611065,0.0070906232118067136,-0.0022149077709020864,0.023926358879607562,0.09019648546870371,0.5754890222787785,96.52838043999424,3.446397993323418,0.9286282638326788,0.9020986233880519,0.9907068815758104,0.6493496622048304,0.27165657748274374,0.8901766588863108,0.9175805374324092,0.8398171484628683,0.6821661395741921,0.20941184234576157,0.3509643560117351
67,0.2313964909483348,0.00447187178323855,0.010623818554950754,-0.014529784396716872,0.48873433304874114,0.5839689892084343,96.5250250421657,5.33561623580593,0.9245290948118224,0.8510682923492944,0.9924334474722258,0.6160835546686476,0.4567728188582963,0.8807552309641148,1.060568015208403,0.9077547877813745,0.590468547738098,0.34975678007324323,0.3506389330055461
68,0.057542325402217515,0.0069559248960093766,0.0035858916911438088,0.04575784443779861,0.20301962922152872,0.9137926983496885,96.49144001868902,4.5911559733907605,0.9160859443002578,0.881216847652158,0.9907716653102302,0.6341421475526051,0.4071533879778689,0.899913864842209,0.9252535043189698,0.9137327119601687,0.6132649525454493,0.2771945428432765,0.3571771625120736
69,0.19424887082156894,0.006017444595215314,0.0075109768842177215,0.37685325512192425,0.08950820792944977,1.148928975454068,96.52475542446905,8.798935315298458,0.9342098322914238,0.8890573394589086,0.9928700528716149,0.6208619086275312,0.6684215592713526,0.9526355783057467,0.7285780184915416,0.8809301317453077,0.5819168561823438,0.4008440945805337,0.3762051483262706
70,0.2898131155721858,0.002948065687688909,0.005898860785656195,0.1920009937820087,0.38268002577466925,0.7502868139179227,96.50163123199873,8.0814982369811,0.8941807556829017,0.9147705784396885,0.9893217972839708,0.6719264866504203,0.18173917883054158,0.8976184775101201,0.8367212253343321,0.9015517814292657,0.6488122768834715,0.31808522658780564,0.38881711355357523
71,0.22562376882058294,0.004307788912046145,0.009537826063984511,-0.032373336435016,0.4606143048434631,1.0491515596184076,96.48562366016252,6.313203142268513,0.8990839279637053,0.8709959092650936,0.9986953686091494,0.5700914526508385,0.3916668592599723,0.8923775018795622,0.9363501695958414,0.9677474384295338,0.6171609611892408,0.39739032080221903,0.30258914874448684
72,0.10536161100620874,0.005226113020009902,0.01233358220939984,0.21741004303432132,0.48818979083181036,0.8099982906599703,96.50096501897652,10.078668008394706,0.8996820121895984,0.9126809263765507,0.9823890314280387,0.5158053773842497,0.699797062461625,0.88619013837449,0.8021361200638628,0.8996067572236173,0.6210348748083072,0.40034722920732746,0.341071111007323
73,0.0869993971670686,0.0023505195495379266,0.000947140045688904,-0.07848823910966302,0.5007322708343485,0.9503796561930272,96.52344005929545,8.660971266981077,0.8930170766511958,0.9230929854642993,0.987737986659717,0.6014535273077458,0.3288733447335219,0.8969507559777725,0.8158986777901747,0.9000825946059263,0.6014407917276364,0.3281042747815011,0.34857814613019367
74,-0.0014880728521697029,0.0010740444769651945,0.009253910128411568,0.10934250047852889,0.03569966962350973,1.3218989315334708,96.51693007847881,5.606224105226383,0.9013504333680695,0.9029906412703746,0.9944878775865413,0.6478703950115251,0.5932530088864484,0.9515651668699279,0.9129436202652143,0.9247093575416545,0.6567635395661405,0.24770950523587182,0.29526763270680806
75,0.15172289405904144,0.0035594890178862635,0.005723395776497886,0.0011060221192553121,-0.011006475501805446,0.8387595293201058,96.45653683317468,5.191504939909429,0.9006833547817983,0.9182579278437443,0.9946009348180246,0.601558460492529,0.24238679051580403,0.9094120309578513,0.9606095112241146,0.9582183336173301,0.58550513424552,0.3807167590093848,0.3717079570778831
76,0.24386331345995033,0.006448134770900695,0.016526327712565948,0.008227746998137192,0.15420655363771701,1.1515945320144716,96.41880601808239,7.305072832123261,0.8828342575294557,0.8838486645386867,1.0041012863580012,0.5891011679752902,0.3902876620156587,0.867964595885764,0.887791192431182,0.8392976358564437,0.6238504700880365,0.2893021781346811,0.38471045265903875
77,0.1678831210539894,0.006075469093262058,0.006119564552025567,0.047125878980452604,0.13142879459789142,1.0723378403179549,96.52524543505466,7.208895898156215,0.9002164052657606,0.8888283595221041,0.9975246564863387,0.5766976944889578,0.43717693278324227,0.9299911193401459,0.8676734865447122,0.9052674537399786,0.7168332174890982,0.3360730645655541,0.3515548268983468
78,0.30076433507361106,-0.0016450073705261254,0.007487299160297284,0.2763852271010665,0.25314631696492246,1.4032073754075447,96.52482115077477,7.525804676485101,0.9386754451973206,0.9449920001799919,0.9846618704602293,0.6118684749682579,0.6374472419229404,0.9085028907840675,0.7955316452660888,0.8657482569284408,0.6499348685570897,0.24077287333427413,0.3482939638933079
79,0.3063382390187631,0.006249694357103501,0.005509636876551122,0.1707503880409091,0.6422397399750659,0.6677161411314192,96.47635485262414,8.679280279550063,0.8749940986289175,0.8658764220595893,0.987065715273847,0.5013498366239642,0.19600178304768934,0.9666311874077562,0.9088513907397522,0.930303636879263,0.6757032515555637,0.22912494008639409,0.3475443706372077
80,0.09695566540129659,-0.000635523791562113,-0.0024681693722739513,-0.08133074941681936,0.09767065132788419,0.742809749364047,96.18268356557162,4.097090931406723,0.9258253347633973,0.8777252139739256,0.9918081101940777,0.5127857584229821,0.2068439123223112,0.8770203521916826,1.0140250051479185,0.8691474277612236,0.685370529484107,0.2573425803255507,0.4037131073255791
81,0.22008230379230306,0.0012542875859361024,0.003748868898341179,-0.057358053108184565,-0.05847550440285976,0.7606139171391255,96.52165845688086,8.21705207014246,0.9060294747719224,0.8645117877009622,0.9958184767604265,0.5953917365973376,0.24871455372794335,0.8893915147529096,0.8882874369861419,0.8691143811129708,0.6218927302203021,0.3070593505508642,0.38305058599599523
82,-0.03403129112561293,0.00045772936811335884,0.0035716638847971853,0.2253698303871553,-0.08676525337657343,1.212132186102004,96.38030298881951,4.724673076650905,0.8733737507105988,0.921796762016482,0.9990242203584447,0.598506397977508,0.2970546360436777,0.8942657373653701,0.783887424023037,0.9413508434136415,0.6236288807285014,0.2821275334052944,0.30831493016019684
83,0.23893277627524317,-0.00013185239025191283,0.006409768485122642,0.14221069228644748,0.06912056930706714,1.1482956647822944,96.52703542806147,6.209781121161342,0.8780969403951202,0.8655516065241226,0.9935623750572491,0.5611341450308905,0.2279878223204531,0.8895485094666997,0.8589987017711427,0.9006838960831494,0.6714332074087745,0.23228823920427016,0.3753418356900939
84,0.10306419548159698,0.0009410057452029735,0.014338662904251688,0.12327675407105763,-0.1778796928139479,1.2463616877580033,96.52193366830565,4.592058441652376,0.9062329871249445,0.8807217716240078,0.9968253570714667,0.5363239192139735,0.646147039317924,0.8924001347378245,0.8746686862914014,0.9072672773905115,0.6737087528073131,0.3409675791582077,0.36061571693540917
85,0.05663829168310876,0.0020376531342427675,0.0008278817348310406,0.1305551331605942,0.6086977757642589,0.5078491532761626,96.51992663864677,6.2479296002252624,0.9527789953530691,0.9267025463076646,0.9936006384966931,0.6445940319246517,0.5137375906878958,0.9226456777527864,0.8649600767153967,0.9277557729460567,0.5953780177720004,0.1700795318551313,0.38309670544412405
86,0.1903802652601933,0.0012601009537471894,0.008565810587830198,-0.03271029821095198,0.14610996898759832,1.3670692217867653,96.48137354551697,5.384877293898295,0.9081949719281414,0.8734190497042029,0.9910609494623323,0.5456798199534956,0.25728382965698393,0.8908259896259044,0.8358635246164755,0.8922330100425124,0.69544981452165,0.3150736416612496,0.35888486640745526
87,0.40980798831867865,0.004732757958250478,0.009076156734773315,0.10217923640835991,0.3943323004056799,0.5831912043368099,96.50217717986581,6.678449506423972,0.9326278968596227,0.8722441595083743,0.9814333658795584,0.5547621371825957,0.32460350651032277,0.871335462274325,0.9040274982580537,0.926077590862377,0.66081212584777,0.23675079533069163,0.34698666828157126
88,-0.06674004358314525,0.008895671799432512,0.01585337465632416,0.05541479095087723,0.6675402054738906,1.1983349108350523,96.42881096024483,7.959956034979248,0.8982372111454796,0.9168761066126108,1.0008083905954726,0.5611515606426426,0.18220559961061716,0.9136992172900383,0.7860086790264222,0.930013635730031,0.624417358715574,0.24794383017121913,0.31318823567958914
89,0.40849436491095287,0.002319625709172316,0.015299739158604029,0.024334296483822404,-0.08630276206691045,1.4017296144440867,96.52694257217425,5.433461985211121,0.9187573776575291,0.8869611091016532,0.9943731394449873,0.5369584874326045,0.38399393982073016,0.8926804278239308,0.8165262241543793,0.9440218550822199,0.6456929616015796,0.3183630088819796,0.37652389225269495
90,-0.0006895827025201473,0.00728814053639793,0.0106208217990707,-0.05349887419085517,0.2961135700613337,1.3312143907918426,96.48342448594181,5.452748429521854,0.9216187132383524,0.8636333443902633,0.9913284248334464,0.5669350238566523,0.16183560968020053,0.8759109592370397,0.7621196739383522,0.9007069381656236,0.7180941622104082,0.28185072582421816,0.32982501973777006
91,0.14432613883785067,0.004817910760959731,0.013312289392588918,0.13090852819642834,0.4950406250416114,1.1497096381253897,96.52678007437159,7.132458459193234,0.8957294696302313,0.9117854810748867,0.9905557545968598,0.555767913053197,0.6339727914532434,0.8823014545595156,0.9084973050502457,0.8863881107133216,0.657690777861315,0.36481537001119574,0.3422915800574185
92,0.19439088271824312,0.007429457893583023,0.007632550291884864,0.09441611218473908,0.2953330578147869,0.9585570579160482,96.51925902719252,4.06526766249713,0.9327372607792932,0.8635881479642595,0.9948998633323218,0.5891945619332132,0.17465119256617417,0.9220289143804494,0.9382234902194068,0.8771948518439339,0.5906081798787197,0.4221863469352857,0.3289319167964264
93,0.14214835327362488,0.003040196072998665,0.01183307422748387,0.07749221914946294,0.04442088874039485,0.9899441792598367,96.39180956730281,7.6207283034151825,0.9006184285636021,0.9247290354065659,0.9984995984592291,0.6657002167629841,0.24791566433629855,0.8629872281930597,0.9606017165524291,0.9497882369492634,0.6821067716003736,0.449988630474863,0.35981233683537567
94,0.2388327715541137,0.0004715135865113714,0.007325433270801246,0.22222896756919858,0.4729105080463516,1.0710087512471398,96.40549602164472,7.6908794066618364,0.9049500156469953,0.9049648051825582,0.9981409247534967,0.608963550024129,0.43067563696150996,0.9459627257192271,0.8638009993551584,0.9160171656745982,0.6444863865792038,0.28145106454484425,0.354729477736612
95,0.05005010650099111,-0.0007739438769161565,0.017455000922090857,0.2293730148370226,0.1507986846853754,1.1417631676569473,96.51356517131241,9.371012998161586,0.8983766098253484,0.9305539985746998,0.9845936851270086,0.6365481232420203,0.3005258492714823,0.8810696032914813,0.789962363102971,0.8741954421537802,0.665020623679954,0.3963026050545293,0.30509138845805467
96,0.16473809787309288,0.0024496542242095614,0.007447101952443012,0.21172761228555378,0.5116112036997111,1.1227000815209707,96.5109529002681,5.741022430034269,0.9301643469607784,0.8701493663162245,0.993212711428509,0.5936906984048751,0.6721781527834381,0.8740046914919138,0.9572271328401698,0.9321903948665792,0.6792537783278425,0.21134346039608776,0.34534826077757386
97,0.1006702675611813,-0.0008833503014356544,0.011274085635499274,0.27613207787828536,-0.06265675057166259,1.2434659288593921,96.46376896429501,6.953380302664388,0.935332325349532,0.9514801618798545,0.9874247632130219,0.5512332465954606,0.577630350358369,0.9284572831329748,0.7819355292366431,0.9302559160963576,0.562382480479842,0.3804791712268264,0.3151986762417955
98,0.14765156308520105,0.005152806136607597,0.0022947494154384436,0.06398085006343,0.27417692255587356,1.0821862983729305,96.50436264945256,8.512951091846764,0.9288821833847577,0.8809492156218544,0.9939370384102151,0.570318605828489,0.4265895783147705,0.9427353817734996,0.9907868228769429,0.9394154656303556,0.6455125265081387,0.42456136216907836,0.34197976198800306
99,0.14534579092498892,0.006533689351539902,0.0032484952412812863,0.1323502050028442,0.03487286803148032,0.5005319688874355,96.40835329798185,7.144010767456505,0.8990308834755947,0.868495328348106,0.9968291978057338,0.6365868276144206,0.10080955023059346,0.9068058083351694,0.951424239992441,0.9329875709470108,0.7299566499171395,0.2208677676613967,0.3074283517946039
100,0.08862116483081384,0.006438843641564154,0.01135687633088466,0.08827978385258689,0.4969375980586332,1.0961046035091146,96.51603648040744,8.431651562737871,0.8956647786631713,0.9066747970750766,0.9874268966053458,0.5419567024737546,0.7008501591747853,0.9161059315746174,0.8486902233691472,0.899454351972969,0.6790637813603796,0.231331756171519,0.3216292706343814
101,0.387156888437733,0.0041079113038864825,0.007950521168384647,0.12695341165107887,-0.2065326708202238,1.1740409801782548,96.51378304702371,4.593307025626779,0.9080808344998065,0.9081002776081177,0.9945287481965388,0.5070449111453981,0.548664954410967,0.8598000028624906,0.8399048933713785,0.8740104354977991,0.6390110431535838,0.2580984295081424,0.3208400362351699
102,-0.04030827244891136,0.00254704507677936,0.012347138617602192,0.1885009278732257,0.14300072882337364,1.1043687895554377,96.51007440526273,3.5502959235356726,0.8750534531096762,0.8304371407270486,0.998100572443732,0.6089096728056006,0.08508609869299383,0.9519121715414844,0.9018088017914365,0.8726337590069557,0.7060117722417897,0.24169252119726428,0.3817748592291195
103,-0.058273303008790606,0.008132151610195997,0.001615444195548093,0.19654289278583553,0.14590917558134878,0.9535578897943702,96.51663444994628,7.544052773657469,0.9279781643423962,0.8852981260445903,0.9890976552667777,0.6325794201018131,0.6625362535108579,0.885820069212185,1.0013137456980343,0.8906794667402628,0.662783621515797,0.2609782922145449,0.30089646285383853
104,0.174628753917996,0.0032636613398726714,0.011039686952553227,0.295672347673658,0.22094505376637227,0.9934142431176269,96.44685408975347,6.2103335681007446,0.8930808157797768,0.8619656465205788,0.9962816982049036,0.608851974411586,0.5368218725226717,0.878319867653423,0.8713555797355619,0.9187322789285016,0.6238724718261857,0.3992392363018735,0.35283772308064215
105,0.08098764929779409,0.006102980116403671,0.000402223904535569,-0.0026090701914843473,0.40391600235813074,1.186657297327241,96.48249536769671,7.150220323130178,0.9206042352751435,0.8523229624855807,1.005300888255765,0.5943863108587468,0.5505896688306391,0.9499142700760462,0.937151453957225,0.9349451414403331,0.6227494959656987,0.3105162543497555,0.32643870591116686
106,0.18656489475119248,0.003209167281555814,0.011614862368103652,0.05625406953560701,0.07727349416214385,0.7886540938743057,96.51114728232119,6.779253444639373,0.9396350036280008,0.9070700275898546,0.9948000440200376,0.6184453303624912,0.14937578807056812,0.8611619101039133,0.9254147830318309,0.8888672976010933,0.597577937529857,0.3534192073051118,0.30950779556609886
107,0.10353182598805138,0.0018857167216609911,0.012615271834858149,0.0896069210401976,0.357738739052993,0.8572360528011994,96.31790327322932,7.10167801827623,0.9002181278612518,0.8961932029730448,0.9945395316154183,0.6890713033784855,0.4461084219019974,0.9151849467803025,0.9122607313735016,0.9087619252871012,0.7299530772397675,0.2397804302248837,0.3635367365596348
108,0.20291784554105027,0.001009669416955631,0.007945051105211418,-0.08889085070227101,0.5333053643190258,0.8033219143685444,96.5248071664544,5.296286325028888,0.9058064365745914,0.9129787823908634,0.9829960119015787,0.6035093733875575,0.3235124334674717,0.8652373933199632,0.8777591508145866,0.9202673218087881,0.6042751554724932,0.299595551614053,0.2961546874597769
109,0.20532775110437293,0.0042999669487126186,0.007844736160704541,0.12454506865596718,0.2984763844898707,1.3450502026096305,96.43529716771685,7.633563468132465,0.9019765473025358,0.8942081227539618,0.9905373805199389,0.5852416157750675,0.5859916044767183,0.9584144086245521,0.8063423242539415,0.9517494108038926,0.6095961860307239,0.34644111474153805,0.37927569457460475
110,0.15109289206107593,0.0063538542559983,0.007239521260933466,0.13449803173372732,0.21641938079008483,1.1676526543264742,96.50744451397475,6.78908881369565,0.9439131136397795,0.8712114598096896,0.9849326909025756,0.644738798208716,0.44202763667071127,0.8574073990151785,0.8562110632905364,0.8840681746099587,0.6738111278774074,0.2653547891831062,0.30942814445519035
111,0.18807573272274614,0.0066250878892323,-0.000743276306762442,0.2747015892910245,0.4006707019726516,0.9068813540404806,96.52440246022302,7.948078743680544,0.9446061170560363,0.909651187230369,0.9932619675521052,0.646000079881939,0.6696046873500898,0.9227250958096216,0.8663533097418908,0.8948229850632833,0.5788427260894116,0.22654702201099047,0.3220953277003272
112,0.38200661475444553,0.0009156378514235957,0.00579103704777411,0.17055913210054283,0.10865896767753055,1.1980851913891217,96.51295377682602,8.113550756081143,0.9099807255781344,0.8525689876708905,0.9944655965648211,0.6397086353384559,0.37027585645648586,0.9080653688115818,0.9281455713218916,0.9057397471660404,0.6382280948771547,0.3618948498532897,0.33118089438887655
113,0.1656720514912529,-0.0020790291852804447,0.003567197696400634,0.13948777028762013,0.42531242045965967,1.1974278197153663,96.5181917438622,7.709354453045459,0.9338289668926492,0.872300166763988,0.9972386879640265,0.6099201895550725,0.3778836457487093,0.8974136377276101,0.906759274327346,0.8972359148100274,0.7099909845719331,0.3239057565179099,0.33807817351996455
114,0.19666913881667025,-0.0012201411512356374,0.011188138532132165,-0.009610165889444522,0.2356236402467119,1.1590306366072394,96.52891855664191,5.639294080995772,0.9310265671384241,0.8870318266059783,0.9871770656867905,0.507186089004464,0.5889589042464338,0.8715713749546238,0.9270498570413972,0.9434743171444142,0.7412531937710161,0.3130118683543911,0.37303925593428944
115,-0.03978975886428096,0.004505069052360118,0.008714522110880618,0.16139419022727436,0.11823680252038851,0.7177454122543985,96.51049896922903,8.161533196365385,0.9383636058868733,0.8960209935207807,0.9896666821884087,0.6430667910142716,0.35979600163412434,0.9541331481016675,0.9230990269476735,0.8930911009580178,0.6818559140738788,0.4146172914852556,0.32578404450800297
116,0.03717860697413922,0.0018220248606087453,0.007709947838645293,0.10643742352391589,0.11816848880325526,0.6361772956422074,96.53276536348811,7.719561717864336,0.8926418387072331,0.8920565978905439,1.0020997885545557,0.5741668662404771,0.2949192558508126,0.9235019553840157,0.9135552205381945,0.892533893147983,0.5899613347315972,0.2753198308485255,0.3866361306025456
117,0.043764389273525606,0.00900646509312867,0.0011751227946001684,0.09393918957062963,0.2307912778536447,0.6244210294885286,96.50532281288886,7.419070486653008,0.9094393521596635,0.9022993976310061,1.0001987758325395,0.6497022136623507,0.4966847419070075,0.8865325575310331,0.9324061876267357,0.9410462509656491,0.672135569977437,0.33462698177650674,0.32592193934034797
118,-0.004394400242469482,0.0011644938069448945,0.006019435774080587,0.17912758289762515,0.2854710671168012,0.8597105872925851,96.532432256977,7.077654796357656,0.9238408467186981,0.8811838030395073,0.9968364783472512,0.5102290914807711,0.40746338391578035,0.9386459795700757,0.8271336966967623,0.882350384788101,0.7294673122064232,0.38839669500860724,0.3126732201542603
119,0.21706361108919686,0.0036684099926041942,0.009419733710968301,0.354240855288106,0.37132115979952446,0.8202478447524828,96.42350307160683,5.786941558052371,0.9197685675217975,0.9179263238373275,0.9947036562714,0.5167892927866935,0.48076501807012706,0.914520570399722,0.9946377922550335,0.8774107026879775,0.5784899916828339,0.2849836685867668,0.33573472637955704
120,0.2675948298523573,0.0001318464067460866,0.01114559735271262,0.08933673725830038,0.33176025459399877,1.090582203258791,96.29148857017695,7.958361819708729,0.8926306085608867,0.9069711278166739,0.9930313859064079,0.5331904604072609,0.6280941407398264,0.9414469471995068,0.9363962635697096,0.8783304247253886,0.5941828738285992,0.3592218841635324,0.33532139273538675
121,0.30432013315739553,0.0018075407368211885,0.002063822826499518,-0.02771274952339778,0.27899082393794067,0.7813432060247663,96.12973445368456,8.321020240772285,0.9092072966469865,0.8645822773439727,0.9886805278675395,0.5604310758579774,0.6324976409405256,0.8892862381971901,0.9395538441959077,0.8671098426688213,0.6545576569105089,0.39209887647086444,0.3169373893073421
122,0.22589901598293824,0.0055329939441816686,0.010211132344847839,0.14311344580137103,0.15653210039882465,0.8892598940898053,96.51053420971635,9.462736084133805,0.8936367962431,0.8678289785342097,0.9929416298426154,0.5353472891277731,0.21334867915091324,0.8694052760558976,1.062930854838363,0.9470794642956311,0.6576979867303234,0.2546017949188568,0.33150505239345224
123,0.045848655863655066,0.0037013590770864544,0.0006346683191209576,0.1408065737031296,0.32256893553665683,0.7535721360176891,96.46161453989947,8.162124063602157,0.8802519367609004,0.9453941364943903,0.9982882858448687,0.6129511703556925,0.2607477558661859,0.885589122626081,0.8251716408710138,0.9242177265219746,0.7148309700005919,0.29612737317788757,0.36128995743054815
124,0.025472892476800957,-0.0029240894700827053,0.0029079346948089144,0.15140541662821017,0.1084906649416249,0.8795869872257746,96.49741943439099,6.430838523803414,0.9247662124801174,0.9568272489288636,1.0004424551907458,0.6270803938020459,0.5315411958455178,0.9401662564836113,0.75833493417175,0.8715671421329841,0.6594426719678002,0.4481307202680498,0.35368167926083593
125,0.19376406632169518,0.0009817630866852788,-0.0005509258264914099,0.17978728696162574,0.043939307167796565,0.47405106192368635,96.5285051801319,6.599735202186079,0.9205759277535508,0.8821289737723664,0.9981276570003029,0.6313261897877017,0.4199471900136047,0.8927197794792147,0.8499189131710188,0.877197507465181,0.6187473430771856,0.2831510173178468,0.3189497161060506
126,0.019455066128752835,0.00029591015966217576,0.010624542190539057,-0.0664549761040096,0.285298245510044,1.1257214033642777,96.49452523944811,4.332870331983071,0.943913435562387,0.8731827130227366,0.9854931172592738,0.5820816132440205,0.2308315394136205,0.8986195626190708,0.950725673914921,0.8980337590593829,0.6242994841801476,0.44039090914730333,0.36713018554861504
127,0.01426100092585858,0.004156010269363071,0.007498975925059022,0.27533310210555195,0.1741894946387379,0.7609972919890515,96.49434959638431,6.170903443624495,0.9140770838702629,0.8736976851490553,0.9818619411583128,0.6166673900600508,0.38552216949284407,0.8563454252982812,0.8846857496521857,0.9166976990735382,0.7313471756467314,0.30348968318990244,0.3955509821582006
128,0.07290630667743996,0.00040795549456786864,0.01391920572640348,-0.044419481206685235,-0.10567195200083274,1.0447953390109113,96.52042559919742,5.561428400024825,0.932145310107696,0.8682950637145285,0.9900574041470084,0.5432642901955079,0.37049618881453317,0.9021518821833246,0.8854904249108768,0.8760602729931846,0.6737257448578584,0.3106106534575993,0.3381375572449753
129,0.2076625385826505,0.0031014812077773844,0.011016828434999376,0.0963629028547375,0.44789129157444796,0.7420037923480157,96.50538770013537,5.192256027960762,0.9192484218425745,0.8839483269482249,1.0003193700732143,0.6007665907942593,0.47153499011712774,0.9104404967373736,1.0335986949839342,0.9149083597498694,0.6836061488702068,0.2301638506405501,0.3367331538487743
130,0.2614724271969664,0.0039022132982725953,-0.0024693109074144974,0.08196168299207765,0.27101422145742954,0.8127008475021988,96.50433663861668,8.130519872132883,0.9024391508633721,0.9204327249674498,0.9984934557967382,0.6275732576483714,0.33906503343794214,0.8700362392087849,0.8543144124329977,0.9192352913561227,0.5884304186598524,0.35629674476407647,0.3241607244818979
131,0.2755392692472678,0.007188723852444276,0.0037519287461990894,0.16687257785605364,0.42014480858838804,0.9560199502141348,96.50202950544275,6.582551617275296,0.9233437471384515,0.9010229399161679,1.0000450778960093,0.6086761325478129,0.3497140567195964,0.9187100655079738,0.987783307127621,0.893141826978362,0.6843102779293475,0.2812341445866223,0.3745415392326698
132,0.2839163089874593,0.008680325888033304,0.005893255888820614,0.014707824806010628,-0.025004512720179672,0.7048969886591341,96.528547133093,6.776619762016933,0.9161483903214419,0.8266353884107396,1.0016789962845982,0.5408661376341433,0.089586509792418,0.9196232675740619,0.9804264995105623,0.9007555975522772,0.6058866036618441,0.4889504890443907,0.4034281804651822
133,0.2533281921756331,0.00587336432356257,0.0035074423570159922,0.3188805697227347,0.5560787363207116,0.971875170066921,96.45375423310831,7.73042900040004,0.8826617565383883,0.8710216374277776,0.987434983188124,0.6036320328946956,0.179323216178033,0.9281744130152784,1.0073114049465466,0.9102618439218702,0.5573212192933285,0.40663849868362106,0.3874883447003954
134,0.056769656060222634,0.003394791185276621,0.004436140215378127,0.14060636763081302,0.054380280686265436,0.979365071122079,96.406806352463,9.138578736919959,0.8879248909163466,0.8761490532070696,0.9951484991900273,0.5904665235772475,0.5865387757408126,0.9104005182287277,0.8312081730865982,0.918500540647621,0.6506250908144959,0.303794471873547,0.3341312332956159
135,0.27205997650603747,0.0036328562939013233,0.002183456975591056,0.06420214619206292,0.21812232707483625,0.6128136516034095,96.29542599541912,8.323584137117784,0.937089719436357,0.8426729851108083,0.987813644623509,0.5729533029367063,0.4676091120693471,0.9645610687220653,0.9100569600538757,0.9111112830548058,0.6373499555893803,0.3850146226102906,0.32366361640095004
136,-0.012676098483103165,0.0006887181473212403,0.0027194683285580923,0.12280689165562994,0.3159521564586374,0.8206797094454319,96.52536821738747,6.355387750775007,0.8892023076816115,0.8872876817490009,0.9911107817856197,0.5330662168409768,0.5581251812162277,0.8785068689471128,1.0608208293251888,0.9080123600492916,0.6068547714421615,0.4632578550000969,0.3762287616897179
137,0.2710155879629856,0.006792191742209882,0.0135016643737753,-0.014567564904878011,0.5686558872186085,1.1299766954252406,96.48060888287938,5.745361410725533,0.8835270814119506,0.8602330670813013,0.9931900210736271,0.6587735260868275,0.5781390487437175,0.8605541669222937,0.8946173539751165,0.8574468921094144,0.6485828335881804,0.22642332134756424,0.3361046583441195
138,0.2488767195537669,0.005435456498551629,0.0037091924113068246,0.26319237994828815,0.2782299281773383,1.1660169173059385,96.49424387492235,5.852289669987206,0.942683948120724,0.8916067665827745,0.9947531729824275,0.6064410386510931,0.43317433145774137,0.9005468126923206,0.9828034011011251,0.9056624711002357,0.6564283971221836,0.2956531383378766,0.3565440415435048
139,0.1318734128988684,0.0008937912500142061,0.004401900945245377,0.0570558558754711,-0.03156716726906922,1.1241610949884444,96.41276479168441,7.556368280388897,0.9191506471367741,0.9323366453575099,0.9941448519418881,0.5814656899212719,0.2999944643981305,0.9319678406459039,0.9396781000109651,0.8973716755281483,0.7210923054252799,0.30857140364129526,0.39974524682857976
140,0.19552451391866624,0.0051843555279617,0.006452948046812742,0.15052439222596392,0.7165082720132324,0.8364845962028512,96.38323046644487,5.663305041117313,0.89014063314954,0.9180950424653627,0.9918445610547791,0.6131896367888556,0.4454203532313127,0.9041517982237735,0.9315653992669015,0.9159529910035348,0.6703136513944609,0.251376620466607,0.34821461682805854
141,0.09847489818984997,0.0023248044678606593,0.0024161433558262833,0.17631777245804744,0.4346112219514248,0.8944003124101693,96.52026869512292,6.9957748755225415,0.927898239316559,0.875275404965062,1.0035513087036978,0.6380469414763115,0.3762919061626952,0.912773630446401,0.9783720836376104,0.9263837157743734,0.7099649913592312,0.2309635857431982,0.37035597828840316
142,0.11742176088811615,0.002611023888452735,0.00996406189820614,-0.0648048128691528,0.4499810638393314,0.7947260781352792,96.52760263209551,4.943985095744471,0.9041147286290409,0.888954957898177,0.9844156327061254,0.6109851055168856,0.30310063668608134,0.9027964829502583,0.7726665746392192,0.9069879442555542,0.5541428067175495,0.32050560719596377,0.3562785188851228
143,0.10375920385735127,0.002909527066292117,0.009034097338360294,0.006450729896822327,-0.1467249154657873,0.967755672826834,96.51558618529167,6.0997823868184815,0.9131690448096671,0.9108606040540234,0.9932144200094462,0.5640040444161564,0.44494039987731016,0.8927967434965121,0.8719936671921102,0.8991003174609601,0.6351646937328526,0.3745372608020683,0.3615105816516883
144,0.25614085804794573,0.005910501310590841,0.008478236208933893,0.1013344853251304,0.09848626818833309,0.8655784154663724,96.26170812089897,5.866650807776213,0.9405442833191262,0.844837881590953,0.9818461427496025,0.548704419323262,0.2806603402837893,0.9236096430480849,0.9757429702783957,0.902927363237704,0.6054024899993741,0.3122358615580062,0.3464726800335809
145,0.12616437989062837,0.006697506272802391,0.01069275389018137,0.2733815686035205,0.2551566195848779,0.8385804025171307,96.47062156096061,6.871582369351162,0.946142149109876,0.8845554820776284,0.9896191022008715,0.6401816927961727,0.13230920358204845,0.905348254757722,0.8964792344658942,0.9027388934627996,0.7062010129925422,0.2876317535038729,0.3475969780468549
146,0.09768322469269441,0.0026943693963827845,0.0055726051579478245,0.14066372189235296,-0.06848801939238586,1.0494393612257484,96.47923226638258,5.70538147332554,0.9251284497033924,0.8779507949347027,0.9989295591868258,0.579252350286176,0.6854455050280138,0.9397051012637182,0.9561935249547708,0.9152624399434364,0.7110380807346807,0.41521163598156097,0.39375992012852296
147,0.10355056541884336,0.006650078594126339,0.0005844774069885756,0.19290008700054628,0.267534308697698,1.1966122123334322,96.51190355436655,8.139651247521245,0.9470685402257543,0.8954557253192792,0.9861563751149157,0.5480494278142436,0.5755425872852925,0.9004047069786957,0.6952118758176619,0.9252008521257474,0.6132230807666497,0.2991803418051049,0.3451097703533585
148,0.37852176280147254,0.0025412172379037385,0.009592380046442112,0.0855944040661398,0.15913675141265163,0.49696786805607146,96.51163477572914,5.201764763937314,0.9068660429025612,0.8891030918628164,0.9880884596807264,0.5913927493420664,0.4100699215515735,0.9333121368177734,1.0750021409083745,0.9222937861826744,0.6843126597142621,0.35819650317410534,0.3644149835108707
149,0.39297308645219053,0.008403103116497045,0.007779657633557483,0.024362807525388927,0.12316386289835049,1.3230996014974843,96.52943569680905,6.4540412498442405,0.9126561152559125,0.8903002768762972,0.9828325582487764,0.6004507212655791,0.1161099935626595,0.9439055328020711,0.7447351180037673,0.9273449629572299,0.5575769991753134,0.2461633469536864,0.3530086903555035
150,0.0851672449021527,0.005407079093952863,0.010932307572149583,0.13387395127030013,0.42380335910392564,0.6116736101713687,96.40928577246383,8.800191165522955,0.9010088316934766,0.8466670047488984,0.9860019292349039,0.5913777363706666,0.6423395269572671,0.9348644775273318,0.9390905524311783,0.9060911508961494,0.6935157773834579,0.44925867779801026,0.30390352297371137
151,0.060325443962300634,0.0012686355875962925,0.005096965817568336,-0.02507186137495926,0.5779318052104205,0.5552961942044152,96.52281020550618,8.444934510117166,0.9136237130459406,0.8937602969961164,0.9913050959580874,0.6808974587577519,0.09826257601177568,0.8908083472281868,0.9913107797037328,0.8692164544228499,0.6684110161055479,0.31226773760629956,0.31445497760888275
152,0.07771641972865506,0.00029237427857672265,0.010883006957926935,0.014095229270247672,0.5168860188302516,1.0008253941577547,96.51789807313452,7.421958518304763,0.9358644541335078,0.8904778061171397,0.9874394985893943,0.6351402132808296,0.5141997811279685,0.8890442292881765,0.8331057274663378,0.8942884279970414,0.7037149217771895,0.29110865474326275,0.35427717689261995
153,0.29006834040873153,0.0012576065187044736,-0.001009762348510526,0.059108452687245086,0.30970035458140865,1.0439189840902499,96.51373018629273,4.951239840942012,0.9279401434252041,0.8792593076718908,0.9873061244075098,0.5710035679173268,0.42467584278817,0.8641213402296478,0.7822049868060345,0.9225571970105387,0.7228872423548144,0.2899339734912653,0.3499931365384119
154,0.32250643256268163,0.0030356048042351307,0.004337651602721258,-0.03209438764729122,0.4389662480067804,0.6171421219995372,96.53086265685916,7.692661333393104,0.8916928511006359,0.8639676196979232,0.9918476377509096,0.6199278899583295,0.37810323328317375,0.8474978272396851,1.0227387740361324,0.8699485190557323,0.6257296805223139,0.3269614078524786,0.34877743726327126
155,0.07737525110764035,0.004605356764982707,0.004820504006963267,0.29692245550378515,0.3930135744662865,0.9698645374277107,96.49835526510986,5.559584952376098,0.9453930259159841,0.9406320762690334,1.0013011613032072,0.6885067907970074,0.504596096786573,0.8683509533729069,0.8467655740795972,0.917630684599086,0.6432503583053323,0.22003892946178485,0.3036771703016694
156,0.17475509012299625,0.004525436369786412,0.015113889639549405,0.08038908510426934,0.034706160582170964,0.9633328219603641,96.4748470632023,4.508832266331184,0.9101019696801858,0.9024515018082298,0.989594195264213,0.6139294308251649,0.5920037301556536,0.8982980608137184,0.9503579152813149,0.8724061868841784,0.6306788509411021,0.3751893645697425,0.3343600762719363
157,0.07444105638668172,0.00014518237509633268,0.008229383357383756,0.11546345626962791,0.30819301037444136,1.0815048656971928,96.40084008202217,7.656253787299509,0.9434663933999023,0.8799931949498284,0.9993059699875217,0.6140456546683262,0.28178365032309527,0.9172009866727265,0.8928038596527987,0.8694375945822398,0.6564594818963458,0.28803208047908585,0.3455271652602621
158,0.22124851136263596,0.005333669854240439,0.008991327987594312,0.1677633294554789,0.5856774002212517,0.6701883225347063,96.51654942527846,8.022713789307828,0.9096791825676234,0.8657643316995243,0.9990953514060911,0.5258965798496926,0.5436448692574674,0.906837763352844,0.950560759600823,0.945666505684043,0.6908584636202322,0.28822517290173527,0.3550706977052707
159,0.22955552132559992,0.007704984609295503,0.012470207774376952,0.025453812032878553,0.23813928313117078,1.4370927528049808,96.49129625987567,8.157233635080878,0.8823186922827179,0.8904090266283855,0.9881163979082691,0.585568442654388,0.11547987926027664,0.8927105376707424,0.7451780446649208,0.8793434662679623,0.55080216283195,0.3834272349407399,0.3108945334669128
160,0.10323400598241123,0.006414502369810186,0.016721211821940522,0.10039123377301963,0.4319524109576547,0.8514122030325636,96.41155374954074,6.018177917413996,0.9177567214724274,0.9073628586186874,0.9917304143590853,0.6168742803869707,0.2853316287450988,0.8751176048039837,0.8589545295746541,0.912848053259531,0.6510245394585746,0.3401749260591807,0.3608118962610832
161,0.02875010888935517,0.001654092509773848,0.01343030802522957,0.08911384216920046,0.09274600160522323,1.1517300698889459,96.48715102763286,6.805328519342169,0.9258866176843913,0.9056655097792581,0.9934881425499481,0.5879148037127617,0.6242318274198027,0.9012911530520069,0.9261501138579541,0.9277835741332591,0.6323725282698108,0.3407838689839566,0.3802517565148753
162,-0.00659831206554462,0.005356672846652321,0.012847246338583383,0.12961390170360865,0.2188269651644052,0.6035775590314316,96.5108345929178,5.301170456133416,0.9243816960456163,0.862807303145124,1.0023383286146197,0.5999839401620393,0.5319340112890187,0.8835765085264397,0.8691926461852544,0.914616798118611,0.6648554320099669,0.21874957350684568,0.3416503623811109
163,-0.0698219443201317,0.00501741544508031,0.013188357752647352,0.38459283634171126,0.6764576448421159,0.7787813043474516,96.5120965379876,7.675103287771284,0.8988488300502315,0.9094796574547965,0.9989369449324299,0.6808844337692818,0.5944246711960923,0.8971051608966463,0.868252079574115,0.9324460727202799,0.6461859498938828,0.3960681863592047,0.345874538884391
164,-0.03927658049385052,0.005562168433839127,0.003582203863276925,0.04088062765964272,0.08023769618665838,1.2515188346414585,96.50542182187706,8.186269812662932,0.9308995237863232,0.8758589005903085,0.9984765498663993,0.5953199391447916,0.36561328017405426,0.9024957273514952,0.9448692186935441,0.9154172096715345,0.6497201608192398,0.3670814892819829,0.38623635575853366
165,0.23138128966054755,0.006191050544555066,0.006780077125289805,-0.02035354973842532,0.14974873794934224,0.8025494956196643,96.34258084400585,7.622021211515157,0.8884998446933495,0.9108899883676992,0.996141378459688,0.6169468849809233,0.1613611667309731,0.8798952890979632,0.9979670277577807,0.921418968507837,0.5927896209552801,0.22672823504451195,0.37203636608872825
166,0.2549528718074341,0.007438231358822406,0.013005023319534318,0.011176004893587194,0.5046769005501124,1.265599648910184,96.4742001485422,8.725208308724529,0.9370238924539418,0.8937301589346187,0.9914709150017778,0.6956672714292906,0.35256530588154944,0.944141160047984,0.7804714288765697,0.8800061290413542,0.6001454778500079,0.3969983040863302,0.3363950432733939
167,0.04308839523463848,0.0031643614832936704,0.011300199834792121,0.03706489542587582,0.6086392819223959,1.0206318992603216,96.49749942470348,7.616153411804216,0.890287578438227,0.9221333530839597,0.991563222951638,0.6252273541819764,0.3579205648716659,0.8475498876869586,0.9927090878717961,0.8807178525900239,0.6343272204452648,0.18931149089608867,0.38837925347015373
168,0.2869126426631169,0.005448278802936376,0.013109874950373576,0.2171864588157807,0.04827249552219007,0.9568675393089665,96.53593672766064,7.784766866328582,0.8843460803841291,0.9411317826316812,0.9956932197804198,0.5588989178110756,0.16763868175819996,0.9419164055432453,0.8412086364678195,0.848461317439648,0.5539431258095876,0.31606809201548813,0.3325606978491253
169,0.1789026973509948,0.006113462108465539,0.008809195354898165,0.16248560911325122,0.17097308666605765,0.7239738363034385,96.52523340853915,8.207771252210508,0.8880271493230794,0.8846192048784589,0.9857521721162303,0.6179373038387483,0.699429512981739,0.8821739303659246,0.9506693722914259,0.9310407837377614,0.7070687488422915,0.262702938240244,0.3498192001577709
170,0.3628374752218302,0.008324343347736766,0.014257716575071987,0.14830695272429864,-0.010999172634275911,0.7434519314484218,96.13432970135673,5.6904656178939765,0.9243038534566463,0.904025961309365,0.994216990933663,0.5279659169838786,0.4420958541276025,0.8822667035031762,0.769209598307211,0.9408437902999303,0.6229018766100761,0.3553111617596941,0.3785901624111216
171,0.17560236464657186,0.006614621427093347,0.0125418567430637,0.237454638473328,0.22842933197003237,0.5600002066422698,96.2962818358255,9.193527815585533,0.917956003174259,0.9260802018559967,0.989566608763766,0.6564640356433691,0.33164087056581404,0.8844222181235741,0.8886598739017392,0.876614691182735,0.7056167413047693,0.35647056951138417,0.31838461552957126
172,0.02392510000154749,-0.0006550364337989064,0.0028835233005097896,0.16222179640059503,0.003599879946536766,0.9485572983248624,96.52893058315743,10.29297660877804,0.9403690057455691,0.9206201782583302,0.9889190336446796,0.5999210602450263,0.6913439403193713,0.8858307880855895,0.8932425824259341,0.8419234069461805,0.6353993322964888,0.2752356812688703,0.30480432000035496
173,0.07349963544134741,0.0013934408718932114,0.0008542279497843874,0.33671505948368285,0.30929535119678264,0.5718859954199275,96.46392446993747,6.887464151628491,0.9098902212158375,0.9197176102767761,0.9965751443301194,0.6457170959634609,0.4254764185119958,0.9047260843762851,0.9264357308502005,0.8718468789406436,0.5845272051166941,0.31663651109672813,0.3483622957075503
174,0.019008374301691916,0.006838513031529189,0.0029839471860931242,0.1209938731711806,0.10516215263474402,0.6854668640549728,96.51408930363972,8.923924989657182,0.8970260593631008,0.8912435771649739,0.9819779524786764,0.5348178066245849,0.17102537846759297,0.9075487313854962,0.8480814896279114,0.9343250075884911,0.6824861105444479,0.26439753731854093,0.374592860315931
175,0.07375685589236491,0.004583342158043603,0.011941160961675079,-0.014147727431497475,0.2403153382441537,0.8461921502606082,96.51834976668233,5.2881897847580115,0.881304069609106,0.9121505201969531,0.9777667909587623,0.6310610327488282,0.32143526559046964,0.8935758575384343,0.8916392501798487,0.8985267976801413,0.5978915908156267,0.34992575742972293,0.33752853139195244
176,0.16525942574503233,0.004643931269913507,0.006069816527486838,0.13494532628600034,-0.11595999071093993,1.5297982788103397,96.48897654081341,6.968888478582741,0.9327735467193554,0.8690884852190203,0.995526467115886,0.6231367282871421,0.19137986574958435,0.927124559817063,1.0575358950935303,0.889185378899576,0.6278942744402447,0.2938675201989187,0.3716023385632054
177,0.21439696616048826,0.005287962820432783,0.0069252588896221625,0.12341981936979979,0.4122363791295951,1.340258514650165,96.48575007841863,3.812359530575321,0.9147543806941073,0.871592463926897,0.9925415321095548,0.6489180976059421,0.11455753616586434,0.8603044652084878,0.9651533673973194,0.9132667972213773,0.6062996408928194,0.30147834884418256,0.36355925015492807
178,0.12489170221554585,0.004586529733547321,0.006548537594393977,0.16076354895880426,0.43247669303481295,0.9713434722305189,96.49911321527368,6.800886479003745,0.9103016154795818,0.8948529569784968,0.9957148774286714,0.5338618981109505,0.3976226032446426,0.9412179359977759,0.7885541377031312,0.9559886447820727,0.6776042791396593,0.2608860761515066,0.3433172249107946
179,0.3539997336264497,0.00038863344683957423,0.008121267564700954,0.021262598840319946,0.3801766134207817,1.466454488729061,96.52348648723907,5.844346871457892,0.902330317806463,0.8635851021593814,0.9904435450172089,0.6302286379140256,0.46956194277318475,0.8848707585359706,0.8891325908013321,0.9062635699607143,0.6887230584764304,0.27242453212452167,0.3585991155256513
180,0.21704203096229463,0.008053334427781304,0.009263584683954922,0.2589260831754904,0.15625164901520178,0.8169647513246625,96.53500033756896,7.15359271090275,0.9384343561183967,0.8828684937153368,0.9895452826915785,0.49910744159300646,0.3550432081921797,0.8809716203965349,0.8677804660830829,0.9173333707460255,0.6127064041347547,0.37265842024298207,0.3647113415224021
181,0.19614700818080982,-0.0017238396122600075,-0.005778668316171636,-0.07843087471386662,0.1344849383065705,1.1289488016310352,96.5284131633039,6.880263873030609,0.9334977766285402,0.8837204204502408,0.9848313872182034,0.5429953616948445,0.3260462201172256,0.8679727876205806,0.801366928667639,0.8602658803538503,0.7095109675795163,0.2276039719847851,0.3516744881111705
182,0.20947665649994876,0.007666441693639722,0.004391333152022711,-0.09523010288208458,0.38301317479218866,0.7623392554269344,96.50819435323277,6.623255454840856,0.9015690288786465,0.8940919217424496,0.9871401432396112,0.5993452807321616,0.40855190221978793,0.8869754171029677,0.8082636283601048,0.9349986948445831,0.6607130366484476,0.228374866518406,0.3376171217403001
183,0.19771110920443116,-0.000831700601443552,-0.0043365186704439,0.23371552121855743,0.22982445884333175,1.0212797233467348,96.52386965761708,6.994228375294304,0.9015639647883977,0.8675853236250696,0.9841370229741414,0.5313743377262329,0.6124814002954733,0.8768388344870498,1.0585669716826045,0.8847225440487404,0.6379017367536862,0.4563798230843315,0.35515738196764224
184,-0.034586519943840655,0.0033983837741108996,0.016661139213577633,0.1358735661891915,0.2824901271846822,0.9084301999021052,96.526421236711,8.696123205058512,0.897709004245578,0.8514939560249531,0.9966494171067707,0.5191700997874238,0.15774389069666606,0.926728988368705,0.9915365455209806,0.9334077779368927,0.7181098819908449,0.2641518674259365,0.3499256129196447
185,-0.0097621144495241,0.0003847429658475677,0.008334363546607998,0.19408247998092448,0.21551803500049344,0.7706798870847705,96.52502923746181,5.203410448479329,0.9005660201821823,0.8597738995519838,0.9968669286494892,0.5351919880594882,0.18609457181108593,0.8819352213568853,0.8368049696519769,0.912604511473112,0.6913542361198595,0.3285050869645968,0.3203514966893224
186,0.00862626128443808,0.0022744563401201168,0.010268174050776348,0.2534058861085845,0.5065137667132684,0.783885666325929,96.51550563560636,7.190148185737833,0.9032353382138584,0.9092198633352169,0.9990543861909261,0.5436930301525524,0.5404464226782033,0.932035316870624,1.0505431065320796,0.8385444724345705,0.6689393674531662,0.2794176231591359,0.32123482403295756
187,-0.1321840209350798,0.007196159155992504,0.0011089408927830403,0.1281112223033197,0.10707061171525892,1.6153655633104171,96.43208189277837,8.59862078597024,0.925510617495793,0.9563150654324586,0.9857158709489059,0.513159614459145,0.30366240133344785,0.8939221822727951,0.9081869792355886,0.9245229633844806,0.7218361844898256,0.3240263644694172,0.3435375932346619
188,0.07961629561427884,-0.0013164097315729833,0.004198652739150637,0.1356883513917164,-0.002965238433873696,0.8502934584001638,96.46129513802231,5.8711751383969455,0.9242355872913972,0.9177677713237842,0.9839769452733728,0.6137401233287944,0.6464308848142161,0.8831999695180528,0.8155544860273087,0.9522249911513011,0.6535706742698788,0.26987310124271424,0.3168915831590191
189,0.3124028604898321,0.006487066169931206,0.008199442256509398,0.05080939745211148,0.2007967834664071,0.5685099685357109,96.4554552858376,5.343778535640152,0.9153028298321977,0.879987617097432,0.9897581778161673,0.5733306931647442,0.5406629696557906,0.9266445937749536,0.977728962271657,0.9530480631934165,0.7065979572967774,0.36295445948510796,0.3789911711413551
190,0.23928349533694404,0.004021066504310575,0.011484752237054715,0.08259347506167261,0.06911752053712764,0.8050079912461946,96.51308243257338,7.4230456098708375,0.9052944086072741,0.9258140056204828,0.9930255661183993,0.5455128678025334,0.37259165484665446,0.8880197890327307,0.8517277646172254,0.8677395927931976,0.6395775437486623,0.26406708340376805,0.3253554374982987
191,0.4094818071696149,0.004665123261541854,0.005359726945125636,0.11122003814385022,0.712369283213824,1.037818708678115,96.50910305437013,8.59723620201492,0.8967234799707338,0.8603649895420781,0.9874397759932049,0.5687779354409268,0.5550023777592714,0.9158059278517978,1.0161577621323374,0.8589264288511119,0.7206141224072473,0.335748511278688,0.30090485757192337
192,0.0017025583284068224,0.0008878249359925948,0.002070392985369057,0.37136245190292727,0.036528775518400336,1.1419078149575317,96.48167392871844,9.000032661970085,0.9507461128994624,0.8804452646871557,0.9953541361485947,0.6443376177172131,0.565456940823262,0.8759191811397181,0.8449146263867208,0.8912159814135433,0.6240923840121767,0.3501525065589018,0.2937029791422885
193,0.28993609022315314,0.008245077679972445,0.008048494416820972,0.07868884062594046,0.42905942961696,1.3188656873771314,96.5133313534759,6.582421417048685,0.9378059306867462,0.8854574300838217,0.9852063141702148,0.6422490684990624,0.6179155686688907,0.8765759865472563,0.9727909337820918,0.8768596369157078,0.6283485741100455,0.23525674884390713,0.37821992143853145
194,0.18991086950037647,-0.00039933907662993663,0.001194857693909891,-0.04702568767738882,-0.059456392954681414,1.4539631935849777,96.51819286260783,8.027138935614783,0.92021203990306,0.9209066024306763,0.9971428535836505,0.5274495408188455,0.6601821982730258,0.8831558478596766,0.8999574830090847,0.9289582431194404,0.7116707264740703,0.4447566487211322,0.3893811175807342
195,0.22921002547932762,0.003551674231259538,0.001027269571198309,0.24314074908322666,0.18572444480329675,1.287084760511863,96.53155599946288,7.571900919349233,0.9124057694026837,0.8839629260717231,0.9830937428342328,0.5749682894423909,0.4668076754455359,0.8612899053802714,0.8484123651945308,0.9100535841346161,0.6733576122118076,0.2711525123893911,0.2971324832784249
196,0.20432549191734356,-0.001966778431848925,0.013794602914453762,0.27972260441247465,0.2827933136179776,1.0610797580758178,96.53154285420175,5.574713285070812,0.9029384505060543,0.9436732069624868,0.9886733891683478,0.5738324986972902,0.4334915118397955,0.8594655665863353,0.9597244395202196,0.8887315539374206,0.6708454106793279,0.38376167677988193,0.3481121507585589
197,0.29018322060304064,0.00015310969483872412,0.005808540096634224,0.15415963504084712,0.4904894141857288,1.2885534336868023,96.49666903576016,7.590808065405083,0.897755059298614,0.8944684863323912,0.9902932020965755,0.5588724384885752,0.3466958574473765,0.9066508061506446,0.8401016962825195,0.898514047652718,0.647073360031335,0.3087324582796904,0.36280643042047656
198,0.0989753087003439,0.005607988177238846,-9.521360112478734e-05,-0.011597191809729485,0.43263172830385965,1.4490624521632918,96.53134735340304,7.214530511791238,0.9427305402273409,0.8552118977461779,0.9834082391980358,0.5025901843115544,0.164658742557988,0.8699631355175123,0.8889450030547417,0.8846660548430201,0.6514099833159,0.34200614748844643,0.3697712042008292
199,0.3162790565133949,0.006418789099138381,0.014008191646969216,0.25188894555736985,0.3890085277020408,1.3411375201758111,96.50990323718145,7.717722145548992,0.937864005215599,0.8720137307402611,1.0063184860368544,0.5301221084651909,0.29665210887449955,0.9020437837722123,0.8136500476688956,0.8838451925701443,0.7052192849167774,0.2846976037705954,0.3144707005381792
200,0.031059991913562013,0.0029455781940511327,0.00797367066659264,0.005451285018552965,0.28407401246705155,1.0458329589025905,96.51964387568897,7.56211346212951,0.9450831877878998,0.8937427415456656,0.9889510643635324,0.49906357603502915,0.6532156795152051,0.8960647247125628,1.0672248082440958,0.9212713123119739,0.5850364307314477,0.3355097327444175,0.3912648176420386
201,-0.07836936473670075,0.007897689775499907,0.0029911500738301847,0.2989357223921849,0.4352669999576316,0.885089145509053,96.51234713700856,6.637133695435821,0.9336554862044156,0.837278473576196,0.9956872767963322,0.5872072467488871,0.569915899749609,0.8835174909060839,0.845206783158707,0.9173344232491253,0.6294636543535405,0.28325298441852753,0.2815153506054169
202,0.23927620014424508,0.004442215395367009,0.008212998495109659,0.09802980788130092,0.28312735278326095,1.1646541817800136,96.51729115363065,6.110251781609482,0.9000851877536961,0.9178012633260619,0.9969663886453283,0.5702723088188125,0.34334476395011154,0.9123363156694743,0.9403281340388365,0.9078304330916892,0.6498149688842294,0.20022847761135631,0.3361499687920648
203,0.03343626984577999,0.003673626406943696,0.004607073343596634,0.19911973693742818,0.2672691543399926,1.3963553992405924,96.53144216709511,7.120204594483433,0.9089246609792363,0.8825050468262874,0.9907587168331202,0.5088192472048458,0.11638793205980108,0.9366422974781706,0.7608537676267768,0.9486387622560326,0.5676482655369771,0.366458188579345,0.37143218458030575
204,0.2731492460112904,-0.0008570859075607428,0.0025063431750913957,-0.023977091428172698,0.09751037820117972,1.310101337579625,96.52782218592525,5.8828176692655445,0.9124753112636502,0.8860705646052188,0.9886871672398722,0.5626600640088877,0.35224783692066125,0.8874132966570788,0.9544299715223984,0.8844232482251436,0.6546319199717375,0.197947897426732,0.379654388204285
205,0.126800716182743,0.008400790569793922,0.009481635986688986,0.1413615609523612,0.17889668021021837,0.8585356336063195,96.50958719154119,4.936257559874178,0.8909197013367492,0.8831160557284582,0.9963780018164422,0.5572530848778124,0.3088613150824054,0.8979285787644187,0.7468107236235736,0.9241224506279482,0.6237263671850584,0.4562083173337964,0.3575948211956866
206,0.023421533162042124,0.0025514852229218035,0.014637888029103523,0.0195780061581117,0.4787857358755052,0.5580337390324396,96.52623104995403,8.96598083415681,0.8780461199588702,0.8945809873428026,0.9975065148005345,0.5583621499916438,0.3576441353677571,0.939105953602144,0.878016680636034,0.8973939273196667,0.7076071791097404,0.40343210122949824,0.34317015988969807
207,0.4139178952329772,0.000822452431388552,0.002358465981260675,0.0798739360747136,0.05114571303449775,1.1586141778795882,96.4877104004475,6.64733371292713,0.9212740532989881,0.897870255730202,0.9947584139516834,0.6026539419037337,0.4135303913642169,0.9276422855795883,0.8473059807470925,0.8968866683344001,0.6825807706162395,0.33130766918168336,0.3700626803147013
208,0.2444538677088397,0.004483594286718698,-0.0016434057105067798,0.08524546585110031,0.4456123183192479,0.5833937105576282,96.47247280529062,6.105045271209136,0.9024627146696186,0.9029885305394456,0.9924851029404622,0.6810988986557699,0.49562100485694954,0.9079146883999002,0.8204960784099996,0.9000006315361194,0.5666521713285354,0.2763365327893842,0.3495848181052601
209,0.28851733051422773,-9.460198772599229e-05,0.01603440928508312,0.16364912309983382,-0.15703351564757967,0.9335488990943147,96.4634095672616,7.813766954868504,0.9230447862800092,0.9109539076051674,0.9862899026540013,0.5606505098543971,0.5045634986635323,0.9216837429866565,0.7804137612135567,0.919596576445041,0.6987088028810918,0.4200599519080507,0.3498894994840644
210,0.18024110812316668,0.0034120164875222946,0.0032544032735875297,0.087988633420059,0.001472866602333922,0.8880498171827956,96.50179037356449,4.711555436461237,0.887683452056128,0.896178315268423,0.9939196172546385,0.5924352300211068,0.28088984912632453,0.9256514051038632,0.8214673504343475,0.9029483762976372,0.6142566086946667,0.3255547902005565,0.33450822738114394
211,0.26318061209453225,-0.000615016293051327,0.014312723734316761,0.18418685596331952,0.03581757902838012,0.49304315512126096,96.50298799076062,7.4321284830398255,0.92118266984034,0.8650484514096478,0.9947415317053492,0.5181195499540282,0.14142757248451393,0.914987885664961,0.948619560079212,0.919053157156518,0.6877413264310241,0.30344493936605343,0.40161486127395646
212,0.07204295905745901,0.0007605661591770082,0.010894761965786658,0.08658870074211683,0.27805742119654875,0.840615926500905,96.41324277575451,7.744893803357048,0.9282907403603492,0.9184178148227711,0.9897463496840694,0.6139952269024175,0.5734761693729015,0.9182604042434763,0.9498380924271346,0.8611763393894436,0.6814694635170135,0.292884456212594,0.37674019787205965
213,0.0821494634617772,0.0022961130529265943,0.011055880107930455,0.06079808096889587,0.06424808545610397,0.6147171970965457,96.21540603616815,7.4685370585188515,0.8966001836120596,0.8909174911614802,0.9927362114540433,0.6810969914575971,0.26079218733359444,0.9256808512577125,0.8294080413467115,0.9335297976423222,0.656760929030633,0.3590052423599099,0.35759245106119664
214,0.2294893707785445,0.004889357230187408,-0.003508421762248112,0.09089172406040172,0.47798043520171213,1.211827961562555,96.51815035027391,6.705702705182295,0.9168670767388024,0.8440325233756706,0.9977459551144741,0.5532993884947929,0.33506989646999213,0.9330450398506572,0.7946076575702549,0.8858010917275257,0.679630120192566,0.37126849421102437,0.3460534056631375
215,0.22365955473165872,0.001112868343044614,0.01602003878684393,0.11956736171657428,0.3380272316349745,0.7584454950670656,96.48774815811248,3.9466274796784635,0.8828753738563353,0.8513763547727936,1.0014595693470787,0.6530352819991666,0.297243634221734,0.8857059233050579,0.7950011701719923,0.8775470164574958,0.6503037700110578,0.2646924499512399,0.33511871136579735
216,0.24991033076050082,0.007215533911337963,0.011734456717237834,0.29761248576729094,0.3886468762306682,0.8026916870535896,96.53088391302612,8.317043906512772,0.9288180805455384,0.9126413214320314,1.0003948736329984,0.6578185621334257,0.6270552827320416,0.9647525139738781,0.917451790896889,0.9452125917951211,0.6656577958030918,0.29851152688413757,0.3426528997643905
217,0.10961378690527021,0.0064721929745142626,-0.0004547076204928389,0.08913234056536376,0.5734977061161102,0.8094083525407804,96.52891212385455,9.065655377606372,0.917233227333775,0.8648862202274892,0.9982902480842756,0.6246310406527641,0.3036569457425295,0.893986106811924,0.8883705982272075,0.9318368561517482,0.6197726617865301,0.2240741463635241,0.390078694619629
218,0.11639350016814193,0.009269231388846198,0.014233644384954879,0.3420968090947164,0.3002014797780382,0.9955768068117312,96.51772047226588,6.457043437312568,0.915347272950639,0.8485945583653429,0.9814768544225922,0.63545683077467,0.6277077094984641,0.9115565881176675,0.9359614721937698,0.8427348137456069,0.7107111688462194,0.3085844565928061,0.3083269042212688
219,0.18153202632542326,0.002430166288668314,0.013811864789140465,0.2075003841975187,0.14357143374048306,0.8334863941262868,96.51629798719827,7.096713383175873,0.9091919132346918,0.8960686372569296,0.9944008639930854,0.6069507554405152,0.4715213575885208,0.9096879552154138,0.8872588473239986,0.9089666228264508,0.6142451721574348,0.2622400702348182,0.3209989328839506
220,0.18955859263758287,0.0009623440945896989,0.00844939774778721,0.054555739305724535,0.4154346185604846,1.170157681593978,96.50121533831106,8.62924185380186,0.9254335379253111,0.866075207640837,0.9916957243583263,0.6334946718506047,0.5172982343351519,0.8890871407511683,0.961754947908903,0.9300702370078406,0.6547776063118893,0.45167841029032507,0.302034393499267
221,0.2517607846428297,0.0035051725830627435,0.007850706832716397,0.17819626499553498,0.08095465343383179,1.1114828943271662,96.51255242683153,9.720444300867396,0.9364570084099942,0.9136507082794489,0.9851162845954246,0.583123321948445,0.594498005687728,0.9556152162577654,0.950598772070561,0.9255890564432522,0.7030550522362254,0.36745958576657056,0.36200225741442765
222,0.3233451608163735,0.004254839522217383,0.004405742771810895,0.24705283332350084,0.576573205968824,1.3417126040882916,96.51479103683567,9.402319878897863,0.8794471085742714,0.876773766749769,0.9901431944158301,0.5099658619774918,0.4213489592816914,0.9532174328206202,0.9090960982545688,0.8625668372925206,0.708964435273716,0.2819670038227723,0.3747242488125824
223,0.23208223906203784,0.0011761134835111984,0.010268187166671387,0.11222584958724663,0.30957465264465067,0.6379997867167962,96.49987172481032,6.881063523853401,0.8969144682961601,0.9132036386397017,1.0036293397785783,0.6773925166140251,0.5053769749897603,0.8986829191901838,0.8129191340624211,0.9033533279311751,0.6197212688225341,0.19491967518286507,0.36886276566316817
224,0.000345418307149431,0.005026017257611113,0.008677766963329852,0.08021483444627818,0.16194054736991198,0.511955621981341,96.49569712549476,7.787522954989054,0.9309866456396839,0.8583723955475372,0.9831900501095953,0.6003364317371525,0.4938687219332188,0.91510601721077,0.8145358077706579,0.8723367947700869,0.6832800328948712,0.32489364718973435,0.3529217786288894
225,0.05793498291294427,0.00809252724718088,-0.0015326171019377473,0.07076145136504775,0.5668405042482823,1.0204159182292656,96.46281411490044,6.753946079535,0.9375123016714907,0.9146930585575586,0.9904101408877923,0.6494085051437202,0.22553929378834903,0.920182507795511,0.8689129128435306,0.8994873261398162,0.6016079136358148,0.3989382667746389,0.347295870646315
226,0.08506505111412821,0.006479316738396747,0.0002206628308861194,0.19066283502746065,0.5071988359539232,1.3182146122425635,96.25572674739216,7.7849783142063025,0.905292402007944,0.8497365953483214,0.9924539474829719,0.515989959819744,0.39623856384095446,0.9015095416854311,0.8730767787720642,0.9195799666304978,0.694091442888406,0.34648133464648073,0.3401949155260486
227,0.19942748019401374,0.002219299936473492,0.017861198382327918,0.09806363377737748,0.4047930643406457,1.3792167388737526,96.49372393789115,8.666213139798543,0.8732779818302759,0.9056525787376143,0.997626854667149,0.5549132984557944,0.3140534964000169,0.9414081768557162,0.7919493518389777,0.9037221510862755,0.6801356738889095,0.3484910672592545,0.3219193347532382
228,0.1150948031421282,0.006419187229889468,0.0031302871065709463,0.08266247358390919,-0.013990335002267207,1.1115389789648797,96.46008940992039,10.048261900461688,0.901630574909464,0.8756410888022466,0.987198918826218,0.6535118465321965,0.4751205643961692,0.9036160294691332,0.848601448727503,0.9209144613796333,0.7080960166456245,0.3652601142130033,0.33567352562296693
229,0.34460788320055524,-0.002487734402061377,0.01570885015662849,0.19050880784129154,0.2818118883186866,0.9996768166957841,96.49492491132416,7.17379446051693,0.9178068748478898,0.9155629570226657,0.9949890684158809,0.62585441337273,0.20163470001697464,0.923268333140619,0.9057257524916804,0.8660002558939919,0.6517049761231968,0.24273093169820786,0.368727860054313
230,0.09576319920993001,0.0034090656551048286,0.0022794277886728767,0.17358643944860158,0.4065134834449779,0.9718651734995508,96.46609987081357,7.438239157160142,0.9123573486827938,0.9060739652499249,0.9876471599415242,0.5162304837220263,0.3486321021230321,0.8670208662640069,0.8912317341324475,0.9463280867181378,0.6332634230082136,0.25488592515416264,0.32306885105381494
231,0.2490962371456577,0.00411209738284306,-0.0019969288317268534,0.09032390842594276,0.3798234346937759,0.5864969739607427,96.49465697174595,5.280298394948109,0.919330702475184,0.9118218316302251,0.9918787344563664,0.624606974704255,0.5294502987095735,0.8938499662128446,0.9174245077532868,0.9178729101475429,0.6377087000332259,0.22988270822318851,0.32322409110760164
232,0.09817866143956876,0.0025712576384146254,0.010054144805096518,0.20191653499168427,0.1315984090138873,1.112185477748801,96.51502877028189,6.225935085056757,0.8987037358165376,0.8839981305985335,0.99567374577122,0.5317009883479025,0.5673877170106212,0.9070129244133962,0.7948098099064901,0.8867555402763547,0.6936987738880926,0.40581483603475793,0.324481579963178
233,0.20523048526228885,0.0021188400417131324,0.0012161307711169985,0.029163166102392973,0.3100857536663073,1.0948292622161082,96.51075628072375,4.681396259927229,0.9304313941453421,0.8593245497065612,0.9904405626645442,0.521927108406904,0.2183453684606164,0.9250166918536775,0.9781275231244217,0.8717641916658683,0.5935338453786384,0.307250800611244,0.38157131306623043
234,0.15712885075566665,0.0049552239863533045,0.011239375549961884,-0.030132215428011644,0.1306402444333591,0.9378687540522416,96.49160419461012,7.022239678576708,0.9018458366638075,0.8753301630851343,0.9966371134626694,0.6055193681861757,0.33396676437865724,0.8893384042319804,0.8683772640092122,0.9375440225376809,0.67618951676374,0.3989745393845359,0.3325280331255343
235,0.21016978635085592,0.004930068334853762,0.005935618986044601,-0.11603932572052506,-0.0013816151551709899,1.3780870834857328,96.48011299887922,5.5502875431730985,0.9027614797433982,0.9119567098253856,0.9851755684067484,0.6903989483170432,0.13001713314316132,0.8740428120663706,0.984969624261033,0.9180131366947886,0.682578553571448,0.24679148254582212,0.29628174126048473
236,0.06604549612238779,0.005991570331828171,-0.0017818498621717414,0.03449666764434901,0.47813546160805553,1.0920200969595222,96.52463739680516,7.0351564977794165,0.9353354130206953,0.8657109317476972,0.9963176570663941,0.5926130412251732,0.18556944216609209,0.9001123595111434,0.8178470875623651,0.8906666417950841,0.6651282247831152,0.3301411520797121,0.3219720206219549
237,0.004352164171307016,0.002753748115472787,0.00859352718767889,0.007553841462721228,0.017510903143788226,0.8633708780378979,96.41313873241099,5.95428989788337,0.8742519834425582,0.8933630197478659,1.0009579709173289,0.5636155002424057,0.20096571301712615,0.8570125481145997,0.7762043731833415,0.8841706888991459,0.6394821780730897,0.2692375961163603,0.36035421674610957
238,0.17837417260345964,0.0045754335447992685,0.005507199694503333,0.17071353087611624,0.6757973379945164,1.0227318816298012,96.3717862580304,5.022176849688365,0.9061723542399849,0.8860092423756502,0.9948803313561938,0.5374273101872691,0.49435581721032074,0.8953722550907105,0.921385758828268,0.8737575423918832,0.6458159470504687,0.18675923180114817,0.32242124962572755
239,0.25674846156435,0.0020292270922031364,0.0016713197174988304,-0.020215687817371902,0.33704228396503566,0.8028048949334188,96.52120564458741,8.726000814401395,0.8745723923947254,0.9223397685841978,0.9939254765596051,0.6186878134363563,0.1750306076338731,0.9535435474080921,0.7653428818279047,0.8604567147584764,0.6322243435365247,0.2512433312828323,0.36873239002616304
240,0.1592253786658348,0.005224697561656968,0.009665158565054977,0.062197022741759894,0.41712563121522567,1.0513735563675426,96.48260248759073,7.679156402073452,0.9369187646024286,0.8981396411723023,0.9846335046120959,0.5079378414444833,0.6403716966027485,0.886064148100648,0.8463407752289507,0.8963818402171145,0.6097630380032786,0.42537835535822066,0.3517080653740932
241,0.2859206491816545,0.006848883725810167,0.010853489636143975,0.10791412206867307,0.4367314996411101,0.8271851379435493,96.35420824701711,5.3889524491590794,0.9130531374357459,0.865690635072856,0.995947249179477,0.6004374290659906,0.09002999903430714,0.9066290636794226,0.9940426364446502,0.9097352780828672,0.726536049511955,0.2842212218271035,0.3819326764956925
242,0.17556755911929778,0.005813876247932043,0.006032511416888961,0.05379647180194068,0.3962566325878276,0.9487384259288959,96.49663938900099,8.425460838762358,0.9093711881429342,0.8975180682455276,0.9952935027415626,0.6148675373160429,0.13036133836876296,0.8711474561587723,1.0028289380873254,0.8976768709727083,0.6390158235943896,0.338774634861729,0.3457812003373327
243,0.1550095069139712,0.005461148285344525,0.0018100153325307277,0.18992953824495207,0.37659050664212107,1.175345618770437,96.5316866130151,5.953869242555038,0.9125246497241466,0.8926666094990164,0.9986040886235983,0.5794118476423842,0.40095681004359957,0.9117783384371678,0.9061804607955013,0.8983281949742801,0.6070417098008298,0.2905856990936977,0.3443172528109121
244,0.09690553576940074,0.005796723683374566,-0.00268586337993629,0.259321310170021,0.3299909754063044,1.4021100898567236,96.42892031763009,6.658013916014464,0.9260801597228098,0.9089422542199459,0.9980373474046852,0.5034463716695357,0.34557005821410536,0.8975439327232891,0.8326005653354889,0.9279395370636561,0.6931733283180701,0.1599204882952825,0.36135427187219477
245,0.30416022945699456,0.0017177773117702233,0.010862723000114587,0.19259262266714097,0.3013773799300358,0.8897681178439006,96.52644277256437,6.6511891852267535,0.9290056530863744,0.8863570428494901,0.9969389091808798,0.615647631082466,0.26645242094960575,0.9456943756255384,0.8800736421469328,0.9266365504078949,0.5967196216394453,0.2505990752252607,0.3857218874349205
246,-0.04114119712990483,0.00559750336155463,0.012881293845285233,0.004534769887096057,0.4261403919285263,0.8457914761561098,96.50611824103127,8.12547903223467,0.8822308693190629,0.8332748495790663,0.9847189538835921,0.5806339809095089,0.3259523272049662,0.9621614241598995,0.9906056881880954,0.9599802432971362,0.6385993099498494,0.35065023764923203,0.35522632509203655
247,0.11022546819512308,-4.914800478426559e-06,0.019679229679865285,0.19626116045566394,0.5066066123931708,0.6454194251022725,96.41188657636545,9.56108259927461,0.9009252471195363,0.8941756730806296,0.9982550094258857,0.5943792764060071,0.26990449446837284,0.9182956971610282,0.9976553197692806,0.8824826322898565,0.6292070071048823,0.3472842779030199,0.3214327436746763
248,0.2995823814941938,0.009226113734382714,0.009729996766039075,0.15198308726408263,0.5307153456283679,0.7194127185212398,96.50276228382991,8.45335476182971,0.9011802005384507,0.8840620619836671,0.9873205760992306,0.5944141843361913,0.28885296118403525,0.912293396664517,0.9756462073531658,0.9426271910210396,0.673422482108779,0.18352206232246507,0.38833858458029064
249,0.19123326826638198,0.002076452528928503,0.000847949054239139,0.07976637783259535,-0.16744354060608108,1.203893240306411,96.51887753493294,6.727545938537655,0.9078634361389261,0.912216124700778,0.9983165538165635,0.4784758237009921,0.36867560782529823,0.901130997094377,0.8453180490494238,0.8804113134985668,0.6432727128453719,0.3685955535239277,0.3397266744814905
